rank,disease,name,n_terms,reparented,ic_moved,informative_pairs,pairs_moved,pairs_moved_gt_0.1,mean_abs_dlin,max_abs_dlin
1,ORPHA:94090,Pseudohypoparathyroidism type 2,12,2,6,20,20,7,0.209,0.941
2,ORPHA:137698,Cytomegalovirus disease in patients with impaired cell mediated immunity deemed at risk,14,3,8,23,23,10,0.136,0.526
3,ORPHA:786,Generalized glucocorticoid resistance syndrome,21,0,15,46,46,14,0.0948,0.413
4,OMIM:608971,"Severe combined immunodeficiency, autosomal recessive, T cell-negative, B cell-positive, NK cell-positive",15,4,8,61,61,10,0.0846,0.604
5,OMIM:116920,"Leukocyte adhesion deficiency, type I",17,2,10,51,51,8,0.0841,0.517
6,OMIM:601457,"Severe combined immunodeficiency, autosomal recessive, T cell-negative, B cell-negative, NK cell-positive",16,4,7,60,60,12,0.0823,0.561
7,ORPHA:183675,Recurrent infections associated with rare immunoglobulin isotypes deficiency,47,6,32,660,660,137,0.073,0.524
8,ORPHA:449280,Scedosporiosis,34,5,26,183,183,40,0.0716,0.6
9,ORPHA:405,Familial hypocalciuric hypercalcemia,19,1,9,44,44,7,0.0711,0.836
10,OMIM:612089,Hypophosphatemic rickets and hyperparathyroidism,14,1,5,28,28,4,0.0706,0.924
11,OMIM:620674,"Neutropenia, severe congenital, 11, autosomal dominant",23,4,11,123,123,20,0.0677,0.924
12,ORPHA:379,Chronic granulomatous disease,22,2,18,95,95,15,0.0667,0.553
13,ORPHA:169160,T-B+NK+ severe combined immunodeficiency due to CD3delta/CD3epsilon/CD3zeta deficiency,23,5,15,184,184,24,0.0651,0.719
14,OMIM:618913,Fanconi renotubular syndrome 5,14,1,7,29,29,5,0.065,0.924
15,OMIM:614468,Familial cold autoinflammatory syndrome 3,15,1,7,53,53,9,0.0647,0.609
16,ORPHA:319552,Mendelian susceptibility to mycobacterial diseases due to complete IL12RB1 deficiency,15,7,7,92,92,26,0.0636,0.191
17,OMIM:620836,Immunodeficiency 120,21,2,11,86,86,17,0.0628,0.358
18,ORPHA:1501,Adrenocortical carcinoma,29,0,17,89,89,15,0.0626,0.538
19,OMIM:620282,Immunodeficiency 109 with lymphoproliferation,15,3,5,70,70,14,0.0617,0.318
20,OMIM:620670,"Immunodeficiency, common variable, 15",17,0,9,106,106,21,0.0599,0.424
21,ORPHA:73224,Kidney tubulopathy-dilated cardiomyopathy syndrome,20,1,11,48,48,7,0.0598,0.941
22,ORPHA:2968,Leukocyte adhesion deficiency,52,9,33,435,435,71,0.0595,0.76
23,OMIM:618131,Immunodeficiency 58,38,4,24,303,303,46,0.0585,0.478
24,ORPHA:1959,Evans syndrome,13,3,8,23,23,3,0.0583,0.441
25,ORPHA:2238,Familial isolated hypoparathyroidism,19,1,14,32,32,3,0.0579,0.941
26,OMIM:610489,"Pigmented nodular adrenocortical disease, primary, 1",24,0,7,51,51,8,0.0574,0.405
27,ORPHA:90795,Congenital adrenal hyperplasia due to 11-beta-hydroxylase deficiency,32,0,14,124,124,21,0.0566,0.413
28,ORPHA:2686,Cyclic neutropenia,32,3,23,186,186,22,0.056,0.553
29,ORPHA:486,Autosomal dominant severe congenital neutropenia,31,5,21,191,191,21,0.0557,0.553
30,ORPHA:926,Acatalasemia,17,2,8,16,16,2,0.0542,0.357
31,ORPHA:31202,Melioidosis,23,3,16,92,92,15,0.0541,0.303
32,ORPHA:48435,Postinfectious vasculitis,57,10,36,460,460,58,0.0535,0.635
33,OMIM:619220,Immunodeficiency 78 with autoimmunity and developmental delay,16,4,5,58,58,7,0.0534,0.441
34,ORPHA:530838,KRT1-related diffuse nonepidermolytic keratoderma,15,1,6,64,64,10,0.053,0.382
35,OMIM:621439,"Neutropenia, severe congenital, 12, autosomal recessive",47,9,30,588,588,76,0.0516,0.553
36,OMIM:614069,Immunodeficiency-Centromeric instability-facial anomalies syndrome2,27,3,16,105,105,15,0.0514,0.464
37,OMIM:620632,Immunodeficiency 115 with autoinflammation,30,2,16,147,147,22,0.0493,0.46
38,OMIM:618986,Immunodeficiency 73B with defective neutrophil chemotaxis and lymphopenia,27,4,9,261,261,38,0.0492,0.398
39,ORPHA:760,Purine nucleoside phosphorylase deficiency,29,4,21,127,127,12,0.0488,0.621
40,ORPHA:96179,Maternal uniparental disomy of chromosome 2 syndrome,27,1,18,46,46,3,0.048,0.868
41,OMIM:614564,"Cutaneous telangiectasia and cancer syndrome, familial",17,1,11,78,78,11,0.0477,0.4
42,OMIM:614699,"Immunodeficiency, common variable, 7",14,3,9,54,54,4,0.0475,0.231
43,ORPHA:35062,Severe disseminated cytomegalovirus infection in immunocompetent patients,29,3,22,103,103,14,0.0474,0.514
44,ORPHA:217390,Combined immunodeficiency due to DOCK8 deficiency,18,5,11,95,95,10,0.0471,0.364
45,OMIM:147060,Hyper-IgE recurrent infection syndrome,51,4,25,399,399,36,0.0465,0.648
46,ORPHA:693661,Activated PI3K-delta syndrome 1,22,6,12,91,91,19,0.0464,0.171
47,ORPHA:217059,Isolated nail clubbing,13,1,8,36,36,5,0.0454,0.351
48,ORPHA:227982,Autoimmune polyendocrinopathy type 3,31,3,14,148,148,12,0.0453,0.59
49,ORPHA:36913,Autoimmune hypoparathyroidism,38,4,25,150,150,13,0.045,0.941
50,OMIM:614868,Immunodeficiency-110 with lymphoproliferation,25,7,16,172,172,34,0.0449,0.17
51,ORPHA:83471,T-cell immunodeficiency with thymic aplasia,36,9,24,448,448,59,0.0431,0.257
52,OMIM:307200,"Isolated growth hormone deficiency, type III, with agammaglobulinemia",24,4,15,145,145,20,0.0427,0.217
53,OMIM:620815,MHC class II deficiency 2,19,4,14,75,75,10,0.0425,0.46
54,OMIM:300853,"Immunodeficiency, X-linked, with magnesium defect, Epstein-Barr virus infection and neoplasia",24,6,10,204,204,28,0.0424,0.359
55,ORPHA:157215,Hereditary hypophosphatemic rickets with hypercalciuria,21,1,7,63,63,9,0.0422,0.924
56,OMIM:620795,Autoinflammation with episodic fever and immune dysregulation,14,0,8,39,39,4,0.0419,0.307
57,ORPHA:169090,Combined immunodeficiency due to CRAC channel dysfunction,23,2,19,74,74,10,0.0417,0.216
58,OMIM:301109,"Autoinflammatory disease, multisystem, with immune dysregulation, X-linked",45,5,19,510,510,39,0.0411,0.444
59,OMIM:615207,Immunodeficiency 56,16,2,9,70,70,9,0.0409,0.319
60,ORPHA:397596,Activated PI3K-delta syndrome,24,5,15,109,109,10,0.0409,0.179
61,OMIM:615577,"Immunodeficiency, common variable, 10",24,1,12,120,120,16,0.0403,0.31
62,OMIM:308230,"Immunodeficiency, X-linked, with hyper-IgM",52,3,34,555,555,48,0.0401,0.76
63,OMIM:613496,"Immunodeficiency, common variable, 6",18,2,8,69,69,6,0.0399,0.34
64,ORPHA:189427,Cushing syndrome due to bilateral macronodular adrenocortical disease,39,0,23,141,141,16,0.0396,0.443
65,OMIM:615558,"Hypobetalipoproteinemia, familial, 1",14,0,6,30,30,8,0.0389,0.141
66,OMIM:620679,"Lipodystrophy, familial partial, type 8",12,0,8,14,14,3,0.0387,0.165
67,ORPHA:199244,Nelson syndrome,27,0,14,101,101,11,0.0385,0.422
68,OMIM:615897,Immunodeficiency 24,17,3,11,115,115,11,0.0384,0.318
69,ORPHA:229717,Non-syndromic agammaglobulinemia,28,2,25,121,121,7,0.0384,0.301
70,OMIM:209920,"Bare lymphocyte syndrome, type II",22,3,16,154,154,19,0.0381,0.218
71,ORPHA:2552,Microsporidiosis,51,5,41,360,360,26,0.0381,0.558
72,OMIM:615401,Immunodeficiency 8,12,1,5,37,37,4,0.038,0.135
73,OMIM:620430,"Autoimmune disease, multisystem, infantile-onset, 3",19,2,11,104,104,8,0.0378,0.221
74,OMIM:615952,"Autoimmune disease, multisystem, infantile-onset, 1",23,3,12,80,80,3,0.0373,0.441
75,OMIM:607271,"Autoimmune lymphoproliferative syndrome, type IIB",18,1,12,107,107,7,0.0371,0.237
76,OMIM:618459,Immunodeficiency 62,13,2,6,68,68,6,0.0367,0.146
77,ORPHA:90793,Congenital adrenal hyperplasia due to 17-alpha-hydroxylase deficiency,41,0,13,298,298,33,0.0367,0.401
78,ORPHA:693681,Activated PI3K-delta syndrome 2,21,4,15,90,90,7,0.0366,0.171
79,ORPHA:79144,Isolated congenital onychodysplasia,22,1,8,120,120,14,0.0365,0.335
80,OMIM:612692,"Agammaglobulinemia 6, autosomal recessive",13,1,9,66,66,4,0.0364,0.226
81,ORPHA:94089,Pseudohypoparathyroidism type 1B,36,2,20,130,130,9,0.0364,0.941
82,OMIM:214700,"Diarrhea 1, secretory chloride, congenital",18,0,10,38,38,3,0.0359,0.52
83,OMIM:620211,"Hyperinsulinemic hypoglycemia, familial, 8",16,0,9,29,29,6,0.0357,0.18
84,OMIM:615387,"Immunodeficiency 7, TCR-alpha/beta deficient",16,4,10,61,61,6,0.0351,0.143
85,OMIM:616740,Immunodeficiency 46,12,1,8,33,33,3,0.0351,0.11
86,OMIM:618213,"Inflammatory bowel disease, immunodeficiency, and encephalopathy",26,2,16,112,112,8,0.0349,0.563
87,OMIM:617638,Immunodeficiency 11B with atopic dermatitis,13,3,8,59,59,3,0.0349,0.167
88,OMIM:301082,Immunodeficiency 102,31,7,12,280,280,20,0.0348,0.441
89,ORPHA:572,Immunodeficiency by defective expression of MHC class II,38,11,25,432,432,17,0.0348,0.441
90,ORPHA:51636,WHIM syndrome,34,3,23,151,151,14,0.0347,0.34
91,OMIM:312863,"Combined immunodeficiency, X-linked",12,4,10,66,66,3,0.0346,0.242
92,OMIM:619281,"Immunodeficiency 14B, autosomal recessive",16,2,9,90,90,5,0.0346,0.46
93,ORPHA:32,Glutathione synthetase deficiency,14,0,10,19,19,3,0.0345,0.207
94,ORPHA:411634,Juvenile nephropathic cystinosis,39,1,21,245,245,29,0.0345,0.941
95,OMIM:269840,Immunodeficiency 48,25,2,13,203,203,8,0.0344,0.206
96,ORPHA:33110,Autosomal non-syndromic agammaglobulinemia,29,2,24,116,116,9,0.0344,0.301
97,OMIM:212050,"Candidiasis, familial chronic mucocutaneous, autosomal recessive",17,3,11,112,112,11,0.0343,0.234
98,OMIM:226990,"Immunodeficiency 32B, monocyte and dendritic cell deficiency, autosomal recessive",22,4,15,104,104,8,0.034,0.301
99,OMIM:251110,"Methylmalonic aciduria, vitamin B12-responsive, cblB type",30,2,23,110,110,17,0.0339,0.51
100,OMIM:618495,Immunodeficiency 63 with lymphoproliferation and autoimmunity,17,3,12,59,59,3,0.0338,0.143
101,OMIM:610984,Complement factor I deficiency,17,4,9,95,95,6,0.0337,0.182
102,OMIM:609889,"Alpha/beta T-cell lymphopenia with gamma/delta T-cell expansion, severe cytomegalovirus infection, and autoimmunity",14,4,7,58,58,4,0.0337,0.441
103,OMIM:620816,MHC class II deficiency 3,20,5,8,110,110,14,0.0337,0.123
104,OMIM:301081,"Autoinflammatory disease, systemic, X-linked",15,1,9,76,76,5,0.0335,0.325
105,OMIM:619381,Immunodeficiency 82 with systemic inflammation,49,5,25,406,406,26,0.0334,0.553
106,OMIM:300755,"Agammaglobulinemia, X-linked",35,3,17,330,330,25,0.0334,0.381
107,OMIM:615468,Immunodeficiency 12,20,1,13,58,58,2,0.0334,0.206
108,OMIM:613953,Immunodeficiency 51,18,5,12,153,153,1,0.0334,0.156
109,ORPHA:70593,Immunodeficiency due to selective anti-polysaccharide antibody deficiency,15,3,9,94,94,3,0.0334,0.158
110,OMIM:618282,"Hyper-IgE recurrent infection syndrome 3, autosomal recessive",30,3,21,183,183,11,0.0333,0.501
111,OMIM:620668,"Immunodeficiency 117, mycobacteriosis, autosomal recessive",33,8,16,283,283,22,0.033,0.277
112,ORPHA:169105,Thymoma-hypogammaglobulinemia syndrome,20,3,17,56,56,3,0.033,0.301
113,OMIM:300400,"Severe combined immunodeficiency, X-linked",20,4,11,137,137,5,0.0329,0.167
114,OMIM:300291,Ectodermal dysplasia and immunodeficiency 1,49,5,29,500,500,42,0.0326,0.228
115,OMIM:618982,Immunodeficiency 72 with autoinflammation,12,3,6,45,45,4,0.0324,0.147
116,ORPHA:436159,Autoimmune lymphoproliferative syndrome due to CTLA4 haploinsuffiency,31,5,20,251,251,9,0.0323,0.441
117,OMIM:240500,"Immunodeficiency, common variable, 2",23,0,18,166,166,7,0.0322,0.354
118,OMIM:619824,"Agammaglobulinemia 8B, autosomal recessive",23,2,11,104,104,6,0.0321,0.381
119,OMIM:621405,Immunodeficiency 134 (Epstein-Barr virus-specific),26,4,13,156,156,13,0.0321,0.381
120,OMIM:620807,Immunodeficiency 121 with autoinflammation,25,4,16,144,144,8,0.0319,0.345
121,OMIM:243700,"Hyper-IgE syndrome 2, autosomal recessive, with recurrent infections",38,3,25,461,461,36,0.0318,0.187
122,ORPHA:93324,Autosomal recessive Kenny-Caffey syndrome,22,2,9,83,83,3,0.0317,0.941
123,ORPHA:228119,Fusariosis,47,3,34,301,301,22,0.0315,0.43
124,OMIM:614162,Immunodeficiency 31C,38,4,26,200,200,15,0.0314,0.298
125,OMIM:241600,Immunodeficiency 43,16,1,8,49,49,4,0.0314,0.226
126,OMIM:616100,"Autoimmune lymphoproliferative syndrome, type V",23,2,16,152,152,6,0.0313,0.441
127,OMIM:620532,"Hyper-IgE syndrome 6, autosomal dominant, with recurrent infections",15,1,13,50,50,0,0.0313,0.083
128,OMIM:615122,Lymphoproliferative syndrome 2,23,3,15,124,124,12,0.0311,0.147
129,ORPHA:79237,Galactokinase deficiency,26,2,15,46,46,3,0.0309,0.568
130,OMIM:232800,Glycogen storage disease VII,24,0,11,80,80,9,0.0308,0.621
131,OMIM:613312,"Hypophosphatemic rickets, autosomal recessive, 2",12,1,8,15,15,2,0.0308,0.229
132,OMIM:242860,Immunodeficiency-Centromeric instability-facial anomalies syndrome,25,3,13,78,78,7,0.0305,0.293
133,OMIM:233600,Immunodeficiency 59 and hypoglycemia,27,3,16,106,106,10,0.0304,0.232
134,OMIM:620825,Immunodeficiency 119,15,1,8,66,66,3,0.0303,0.136
135,OMIM:607676,Immunodeficiency 67,12,0,10,55,55,2,0.0303,0.113
136,ORPHA:277,T-B-NK- severe combined immunodeficiency due to adenosine deaminase deficiency,20,3,12,138,138,1,0.0303,0.175
137,OMIM:618935,"Chronic granulomatous disease 5, autosomal recessive",26,1,15,165,165,9,0.0302,0.298
138,ORPHA:158048,Hemophagocytic syndrome associated with an infection,35,3,29,174,174,22,0.0301,0.161
139,ORPHA:3337,Primary Fanconi renotubular syndrome,29,1,12,226,226,25,0.03,0.924
140,OMIM:620449,Immunodeficiency 112,17,7,7,120,120,11,0.0299,0.135
141,ORPHA:913,Zollinger-Ellison syndrome,34,0,17,240,240,17,0.0298,0.443
142,ORPHA:47612,Felty syndrome,36,3,30,170,170,9,0.0297,0.301
143,ORPHA:275,T-B-NK+ severe combined immunodeficiency due to DCLRE1C deficiency,27,7,14,200,200,3,0.0295,0.441
144,ORPHA:1578,Pterin-4 alpha-carbinolamine dehydratase deficiency,13,0,5,26,26,4,0.0295,0.155
145,OMIM:613493,"Immunodeficiency, common variable, 3",13,0,8,78,78,1,0.0293,0.105
146,ORPHA:98813,Hypohidrotic ectodermal dysplasia with immunodeficiency,34,4,26,247,247,14,0.0293,0.14
147,OMIM:102700,"Severe combined immunodeficiency, autosomal recessive, T cell-negative, B cell-negative, NK cell-negative, due to adenosine deaminase deficiency",39,6,25,325,325,9,0.0292,0.441
148,OMIM:620321,C1q deficiency 2,24,0,9,91,91,5,0.0291,0.135
149,OMIM:615559,"Autoimmune lymphoproliferative syndrome, type III",41,5,18,432,432,14,0.029,0.441
150,OMIM:618108,Immunodeficiency 57,14,2,7,44,44,1,0.0289,0.133
151,OMIM:619774,Immunodeficiency 96,15,0,10,43,43,2,0.0289,0.115
152,ORPHA:36234,Bacterial toxic-shock syndrome,60,5,50,325,325,28,0.0289,0.34
153,ORPHA:2314,Autosomal dominant hyper-IgE syndrome due to STAT3 deficiency,49,3,34,288,288,15,0.0289,0.523
154,OMIM:242700,Immune defect due to absence of thymus,15,2,6,61,61,2,0.0288,0.299
155,OMIM:615160,"Mitochondrial complex III deficiency, nuclear type 5",18,0,9,49,49,7,0.0288,0.18
156,OMIM:614700,"Immunodeficiency, common variable, 8, with autoimmunity",44,4,27,430,430,16,0.0287,0.441
157,OMIM:619652,Immunodeficiency 92,20,4,10,140,140,6,0.0287,0.307
158,OMIM:606367,Immunodeficiency 41 with lymphoproliferation and autoimmunity,37,5,18,293,293,10,0.0286,0.358
159,OMIM:233700,"Granulomatous disease, chronic, autosomal recessive, cytochrome b-positive, type I",23,6,10,194,194,6,0.0285,0.107
160,OMIM:621096,Immunodeficiency 132B,50,1,22,842,842,15,0.0285,0.334
161,ORPHA:678,Papillon-Lefèvre syndrome,29,3,19,178,178,10,0.0285,0.556
162,OMIM:618107,"Osteopetrosis, autosomal dominant 3",12,1,9,12,12,1,0.0283,0.276
163,OMIM:233690,"GRANULOMATOUS DISEASE, CHRONIC, AUTOSOMAL RECESSIVE, CYTOCHROME b-NEGATIVE",24,6,10,195,195,6,0.0283,0.107
164,OMIM:614857,"Methylmalonic aciduria and homocystinuria, Cblj type",35,3,18,73,73,9,0.0282,0.447
165,ORPHA:263455,Congenital hyperinsulinism due to HNF4A deficiency,33,2,21,134,134,16,0.0282,0.439
166,OMIM:610163,Immunodeficiency 25,17,3,10,120,120,3,0.0281,0.133
167,OMIM:618944,"Hyper-IgE recurrent infection syndrome 5, autosomal recessive",13,1,7,52,52,1,0.0281,0.115
168,ORPHA:332,Congenital intrinsic factor deficiency,16,2,9,22,22,2,0.0281,0.447
169,OMIM:612783,Immunodeficiency 10,28,3,22,155,155,8,0.0279,0.441
170,OMIM:615513,Immunodeficiency 14,14,2,6,68,68,1,0.0277,0.105
171,ORPHA:276,T-B+NK- severe combined immunodeficiency due to gamma chain deficiency,33,7,24,337,337,19,0.0277,0.299
172,OMIM:217090,"Plasminogen deficiency, type I",18,1,14,36,36,2,0.0276,0.34
173,ORPHA:79284,Methylmalonic acidemia with homocystinuria type cblF,27,3,19,46,46,7,0.0276,0.149
174,OMIM:615607,Immunodeficiency 17,15,4,8,61,61,0,0.0275,0.063
175,ORPHA:2237,Hypoparathyroidism-sensorineural deafness-renal disease syndrome,22,1,11,55,55,3,0.0275,0.941
176,OMIM:602450,Severe combined immunodeficiency with sensitivity to ionizing radiation,24,4,11,143,143,6,0.0274,0.237
177,OMIM:600802,"Scid, autosomal recessive, T-Negative/b-Positive type",19,2,8,121,121,4,0.0274,0.216
178,ORPHA:35078,T-B+NK- severe combined immunodeficiency due to JAK3 deficiency,25,4,14,199,199,3,0.0273,0.345
179,OMIM:620926,Immunodeficiency 125 ,45,3,20,280,280,20,0.027,0.212
180,ORPHA:37042,Immune dysregulation-polyendocrinopathy-enteropathy-X-linked syndrome,59,6,38,576,576,21,0.0268,0.441
181,ORPHA:100026,Gamma-heavy chain disease,20,2,18,49,49,1,0.0268,0.441
182,OMIM:277380,"Methylmalonic aciduria and homocystinuria, Cblf type",39,3,25,85,85,9,0.0267,0.447
183,OMIM:612462,"Pseudohypoparathyroidism, type IC",28,1,16,79,79,4,0.0267,0.941
184,OMIM:613179,Immunodeficiency due to purine nucleoside phosphorylase deficiency,38,6,24,248,248,8,0.0267,0.441
185,ORPHA:33355,Reticular dysgenesis,20,0,17,58,58,1,0.0267,0.128
186,OMIM:306400,"Chronic granulomatous disease, X-linked",31,6,16,234,234,6,0.0266,0.107
187,ORPHA:764,Pyomyositis,12,0,9,13,13,2,0.0266,0.126
188,OMIM:618969,Immunodeficiency 70,17,2,7,63,63,2,0.0265,0.109
189,ORPHA:444463,Autoimmune hemolytic anemia-autoimmune thrombocytopenia-primary immunodeficiency syndrome due to TPP2 deficiency,14,2,9,44,44,1,0.0264,0.441
190,ORPHA:449395,IgG4-related kidney disease,58,1,34,478,478,23,0.0263,0.508
191,ORPHA:391487,STAT1-related autoimmune enteropathy and endocrinopathy-susceptibility to chronic infections syndrome,46,6,27,298,298,11,0.0262,0.441
192,ORPHA:810,Shigellosis,46,3,30,216,216,15,0.0262,0.243
193,OMIM:614878,"Autoinflammation, antibody deficiency, and immune dysregulation, plcg2-associated",14,1,9,31,31,1,0.0261,0.105
194,OMIM:616005,Immunodeficiency 36,24,3,14,166,166,6,0.0261,0.135
195,OMIM:615504,"Ciliary dyskinesia, primary, 27",12,0,3,42,42,3,0.0261,0.358
196,ORPHA:47,X-linked agammaglobulinemia,35,1,29,153,153,4,0.0261,0.202
197,OMIM:300635,"Lymphoproliferative syndrome, X-linked, 2",21,1,17,101,101,1,0.026,0.104
198,OMIM:615816,Immunodeficiency 23,46,5,35,299,299,13,0.0259,0.15
199,OMIM:608233,Hermansky-Pudlak syndrome 2,45,1,19,195,195,9,0.0259,0.368
200,OMIM:607594,"Immunodeficiency, common variable, 1",21,3,15,160,160,3,0.0256,0.115
201,OMIM:615758,Immunodeficiency 22,22,2,17,99,99,3,0.0256,0.115
202,OMIM:621004,Autoimmune disease with susceptibility to mycobacterium tuberculosis,24,0,13,117,117,3,0.0256,0.16
203,ORPHA:178382,Congenital vertical talus,13,3,7,46,46,3,0.0256,0.471
204,OMIM:233710,"Chronic granulomatous disease 2, autosomal recessive",36,8,17,474,474,6,0.0255,0.107
205,OMIM:214500,Chediak-Higashi syndrome,42,1,29,206,206,10,0.0254,0.517
206,OMIM:615518,Immunodeficiency 13,14,3,4,64,64,4,0.0253,0.131
207,OMIM:616433,Immunodeficiency 40,22,4,10,70,70,4,0.0252,0.346
208,OMIM:621233,Immunodysregulation with variable immunodeficiency and autoimmunity,60,5,29,1023,1023,24,0.0251,0.354
209,OMIM:150550,"Periodic fever, immunodeficiency, and thrombocytopenia syndrome",16,3,10,51,51,1,0.0251,0.249
210,OMIM:240300,"Autoimmune polyendocrinopathy syndrome , type I, with or without reversible metaphyseal dysplasia",57,4,25,416,416,21,0.0251,0.39
211,OMIM:619510,Immunodeficiency 85 and autoimmunity,21,3,13,86,86,4,0.0251,0.143
212,OMIM:611926,"Immunodeficiency, ovarian dysgenesis, and pulmonary fibrosis",12,2,9,39,39,2,0.0251,0.115
213,OMIM:301078,"Immunodeficiency 98 with autoinflammation, X-linked",20,4,11,114,114,3,0.025,0.249
214,ORPHA:420741,RIDDLE syndrome,43,2,31,209,209,12,0.025,0.438
215,OMIM:601495,"Agammaglobulinemia 1, autosomal recessive",16,1,8,82,82,0,0.0249,0.066
216,OMIM:616576,"Immunodeficiency, common variable, 12",14,2,7,40,40,1,0.0249,0.104
217,OMIM:276700,"Tyrosinemia, type I",38,1,21,193,193,17,0.0249,0.351
218,OMIM:617514,Immunodeficiency 52,22,5,12,166,166,4,0.0249,0.147
219,OMIM:618999,"Autoinflammation, immune dysregulation, and eosinophilia",14,0,9,35,35,0,0.0248,0.04
220,ORPHA:276152,Multiple endocrine neoplasia type 4,39,0,18,414,414,27,0.0247,0.543
221,ORPHA:53715,Familial tumoral calcinosis,18,1,15,35,35,2,0.0245,0.335
222,ORPHA:538934,X-linked lymphoproliferative disease due to XIAP deficiency,22,1,16,138,138,1,0.0245,0.147
223,OMIM:260920,Hyper-Igd syndrome,32,2,23,113,113,5,0.024,0.368
224,ORPHA:911,Combined immunodeficiency due to ZAP70 deficiency,30,8,20,298,298,3,0.024,0.441
225,OMIM:619752,"Hyper-IgE recurrent infection syndrome 4A, autosomal dominant",26,2,21,126,126,2,0.0236,0.115
226,OMIM:621252,CAOP syndrome,17,1,10,26,26,2,0.0236,0.286
227,OMIM:267300,Distal renal tubular acidosis 2 with progressive sensorineural hearing loss,31,2,21,152,152,11,0.0236,0.57
228,ORPHA:209902,Hypercholesterolemia due to cholesterol 7alpha-hydroxylase deficiency,15,2,8,43,43,6,0.0236,0.15
229,ORPHA:90362,Primary intestinal lymphangiectasia,34,2,23,183,183,10,0.0236,0.539
230,OMIM:619632,Immunodeficiency 89 and autoimmunity,22,0,6,140,140,0,0.0234,0.046
231,ORPHA:60,Alpha-1-antitrypsin deficiency,21,1,11,63,63,3,0.0234,0.342
232,OMIM:615615,Immunodeficiency 18,15,2,9,105,105,0,0.0233,0.094
233,ORPHA:54251,Aseptic abscess syndrome,17,0,16,22,22,1,0.0233,0.107
234,OMIM:618394,Immunodeficiency 60,18,0,12,86,86,3,0.0232,0.115
235,ORPHA:220465,Laron syndrome with immunodeficiency,26,3,8,69,69,2,0.0232,0.133
236,ORPHA:169154,T-B+NK+ severe combined immunodeficiency due to IL-7Ralpha deficiency,28,5,18,241,241,5,0.0232,0.147
237,OMIM:160980,"Carney complex, type 1",39,0,16,180,180,10,0.023,0.426
238,OMIM:618534,Immunodeficiency 64,25,3,14,222,222,1,0.0229,0.441
239,ORPHA:586,Cystic fibrosis,35,5,18,104,104,5,0.0229,0.301
240,OMIM:248250,"Hypomagnesemia 3, renal",55,2,30,497,497,40,0.0228,0.941
241,ORPHA:331206,T-B-NK+  severe combined immunodeficiency due to complete RAG1/2 deficiency,29,2,22,261,261,3,0.0228,0.115
242,OMIM:619375,"Autoinflammatory syndrome, familial, with or without immunodeficiency",17,1,7,87,87,0,0.0227,0.048
243,OMIM:231100,"Hemochromatosis, neonatal",14,0,8,26,26,3,0.0224,0.162
244,OMIM:620817,MHC class II deficiency 4,20,2,14,63,63,2,0.0223,0.115
245,OMIM:619743,Combined oxidative phosphorylation deficiency 55,48,1,31,167,167,11,0.0222,0.924
246,OMIM:612782,Immunodeficiency 9,24,2,17,80,80,3,0.0221,0.147
247,ORPHA:293978,Deficiency in anterior pituitary function-variable immunodeficiency syndrome,34,3,20,126,126,7,0.0221,0.127
248,OMIM:620565,Immunodeficiency 133 with autoimmunity and autoinflammation,32,2,19,186,186,1,0.022,0.441
249,OMIM:615767,"Immunodeficiency, common variable, 11",13,0,8,24,24,0,0.022,0.053
250,ORPHA:2331,Kawasaki disease,46,2,29,187,187,10,0.022,0.508
251,OMIM:620869,Immunodeficiency 122,33,1,22,228,228,0,0.0219,0.05
252,OMIM:618183,"Diarrhea 10, protein-losing enteropathy type",25,0,14,55,55,6,0.0219,0.158
253,OMIM:270150,Sjogren syndrome,17,0,7,35,35,0,0.0218,0.053
254,OMIM:619802,Immunodeficiency 97 with autoinflammation,39,5,24,403,403,5,0.0216,0.441
255,ORPHA:93325,Autosomal dominant Kenny-Caffey syndrome,30,2,10,90,90,3,0.0216,0.636
256,OMIM:612301,"Osteopetrosis, autosomal recessive 7",24,1,19,57,57,5,0.0214,0.246
257,OMIM:214950,"Bile acid synthesis defect, congenital, 4",16,0,8,39,39,4,0.0214,0.15
258,OMIM:613313,"Hemochromatosis, type 2B",14,0,10,16,16,2,0.0214,0.131
259,ORPHA:2137,Autoimmune hepatitis,34,1,21,228,228,3,0.0214,0.267
260,OMIM:616069,"Inflammatory skin and bowel disease, neonatal, 2",14,1,11,15,15,1,0.0213,0.141
261,ORPHA:159,Carnitine-acylcarnitine translocase deficiency,29,0,23,69,69,8,0.0212,0.176
262,ORPHA:449400,IgG4-related aortitis,25,0,18,84,84,0,0.0212,0.064
263,OMIM:614576,"Congenital disorder of glycosylation, type IIl",48,0,40,144,144,10,0.0211,0.397
264,ORPHA:69126,PAPA syndrome,15,0,13,33,33,0,0.0211,0.057
265,ORPHA:398063,Refractory celiac disease,28,1,16,78,78,8,0.0211,0.158
266,OMIM:617718,Immunodeficiency 71 with inflammatory disease and congenital thrombocytopenia,23,0,14,97,97,1,0.021,0.128
267,OMIM:251000,"Methylmalonic aciduria, mut type",31,1,23,80,80,7,0.021,0.51
268,ORPHA:186,Primary biliary cholangitis,41,1,29,238,238,8,0.0209,0.609
269,ORPHA:3471,Young syndrome,14,0,6,31,31,2,0.0208,0.239
270,OMIM:613808,"Ciliary dyskinesia, primary, 15",16,0,6,61,61,4,0.0207,0.358
271,OMIM:616744,"Autoinflammatory syndrome, familial, Behcet-like",14,0,9,19,19,0,0.0207,0.044
272,OMIM:223360,"Orthostatic hypotension 1, due to DBH deficiency",21,0,10,33,33,4,0.0206,0.143
273,OMIM:601859,Autoimmune lymphoproliferative syndrome,25,4,12,221,221,3,0.0206,0.441
274,OMIM:618048,Proteasome-Associated autoinflammatory syndrome 2,28,1,20,137,137,0,0.0205,0.049
275,OMIM:304790,"Immunodysregulation, polyendocrinopathy, and enteropathy, X-linked",28,1,20,122,122,0,0.0205,0.043
276,ORPHA:324972,MAGIC syndrome,15,0,6,39,39,0,0.0205,0.042
277,OMIM:604278,"Renal tubular acidosis, proximal, with ocular abnormalities and mentalretardation",16,0,9,28,28,2,0.0204,0.402
278,ORPHA:227990,Autoimmune polyendocrinopathy type 4,28,2,14,106,106,0,0.0203,0.086
279,OMIM:621030,"Autoinflammation, panniculitis, and dermatosis syndrome, autosomal dominant",27,0,18,173,173,0,0.0201,0.052
280,ORPHA:90280,Chilblain lupus,18,0,9,86,86,0,0.0199,0.051
281,OMIM:617780,Combined immunodeficiency and megaloblastic anemia with or without hyperhomocysteinemia,23,1,13,62,62,1,0.0198,0.136
282,OMIM:618963,"Immunodeficiency 69, mycobacteriosis",14,2,9,33,33,1,0.0198,0.112
283,OMIM:617049,"Cholestasis, progressive familial intrahepatic, 5",14,0,9,34,34,3,0.0198,0.18
284,ORPHA:31204,Nocardiosis,52,1,40,292,292,9,0.0198,0.235
285,OMIM:604250,"Hemochromatosis, type 3",16,0,11,17,17,2,0.0197,0.131
286,ORPHA:42642,PFAPA syndrome,27,2,20,66,66,4,0.0197,0.252
287,ORPHA:247353,Generalized pustular psoriasis,27,0,20,61,61,4,0.0195,0.151
288,ORPHA:69663,Low phospholipid-associated cholelithiasis,19,1,11,73,73,1,0.0195,0.147
289,OMIM:308240,"Lymphoproliferative syndrome, X-linked, 1",30,2,22,232,232,6,0.0194,0.143
290,OMIM:203800,Alstrom syndrome,54,1,40,155,155,8,0.0194,0.496
291,OMIM:301080,Systemic lupus erythematosus 17,23,1,12,69,69,0,0.0194,0.039
292,ORPHA:71212,Hyperinsulinism due to short chain 3-hydroxylacyl-CoA dehydrogenase deficiency,36,0,24,172,172,18,0.0194,0.178
293,ORPHA:131,Budd-Chiari syndrome,23,1,18,112,112,6,0.0193,0.232
294,ORPHA:2688,Adult idiopathic neutropenia,14,1,8,64,64,1,0.0193,0.147
295,OMIM:620780,"Cutis laxa, autosomal recessive, type ID",45,1,20,203,203,11,0.0191,0.76
296,OMIM:617827,Immunodeficiency 55,16,1,14,33,33,1,0.0191,0.104
297,ORPHA:859,Transcobalamin II deficiency,12,0,9,46,46,3,0.0191,0.115
298,ORPHA:2126,Solitary fibrous tumor,29,1,20,75,75,6,0.0191,0.339
299,OMIM:619644,Immunodeficiency 91 and hyperinflammation,39,1,25,157,157,9,0.019,0.149
300,OMIM:608203,Immunodeficiency 73A with defective neutrophil chemotaxix and leukocytosis,12,1,4,28,28,2,0.0189,0.177
301,OMIM:613470,"Hemolytic anemia, nonspherocytic, due to glucose phosphate isomerasedeficiency",13,1,7,18,18,1,0.0189,0.266
302,ORPHA:51208,Formiminoglutamic aciduria,13,2,9,21,21,2,0.0188,0.165
303,ORPHA:67,Amoebiasis due to Entamoeba histolytica,27,0,21,79,79,0,0.0187,0.06
304,ORPHA:79124,Hepatic veno-occlusive disease-immunodeficiency syndrome,39,2,28,219,219,1,0.0187,0.147
305,ORPHA:39041,Omenn syndrome,28,1,24,89,89,0,0.0186,0.099
306,OMIM:619924,"Immunodeficiency 105, severe combined",16,3,9,104,104,3,0.0185,0.115
307,ORPHA:169079,Cernunnos-XLF deficiency,16,2,10,47,47,0,0.0184,0.085
308,OMIM:603909,"Autoimmune lymphoproliferative syndrome, type IIA",34,5,17,377,377,3,0.0182,0.441
309,OMIM:251100,"Methylmalonic aciduria, vitamin B12-responsive, cblA type",31,2,24,116,116,7,0.0182,0.51
310,ORPHA:324575,Hyperinsulinism due to HNF1A deficiency,29,0,10,100,100,12,0.0182,0.143
311,OMIM:203300,Hermansky-Pudlak syndrome 1,24,1,14,62,62,4,0.0181,0.273
312,ORPHA:100086,Gallbladder neuroendocrine tumor,18,1,7,53,53,5,0.018,0.241
313,OMIM:600649,"Carnitine palmitoyltransferase II deficiency, infantile",14,0,9,22,22,2,0.0179,0.157
314,ORPHA:79230,HJV or HAMP-related hemochromatosis,15,0,10,18,18,2,0.0179,0.149
315,ORPHA:596448,IgG4-related systemic disease,18,0,10,79,79,0,0.0178,0.046
316,OMIM:613807,"Ciliary dyskinesia, primary, 14",20,0,10,91,91,5,0.0177,0.296
317,ORPHA:96180,Maternal uniparental disomy of chromosome 4 syndrome,39,0,24,111,111,12,0.0177,0.149
318,OMIM:209950,"Immunodeficiency 27A, mycobacteriosis, AR",24,1,14,93,93,0,0.0176,0.042
319,ORPHA:3392,Tularemia,38,1,32,190,190,2,0.0176,0.217
320,OMIM:621369,Systemic lupus erythematosus 18,58,2,35,358,358,1,0.0175,0.104
321,OMIM:620210,Neurodevelopmental disorder with dysmorphic facies and ischiopubic hypoplasia,25,2,23,58,58,2,0.0175,0.182
322,OMIM:617388,Autoinflammation with arthritis and dyskeratosis,23,1,13,65,65,0,0.0175,0.046
323,ORPHA:94059,Uremic pruritus,18,1,9,37,37,3,0.0174,0.131
324,ORPHA:139402,Drug reaction with eosinophilia and systemic symptoms,28,0,25,80,80,0,0.0173,0.047
325,ORPHA:35858,Imerslund-Gräsbeck syndrome,30,3,20,74,74,2,0.0171,0.581
326,ORPHA:544482,Infection-related hemolytic uremic syndrome,52,1,36,213,213,4,0.017,0.217
327,ORPHA:536,Systemic lupus erythematosus,44,0,24,221,221,0,0.017,0.042
328,OMIM:306000,"Glycogen storage disease, type IXa1",15,0,11,37,37,3,0.0169,0.168
329,ORPHA:565899,POMGNT2-related limb-girdle muscular dystrophy R24,13,0,7,22,22,1,0.0169,0.149
330,ORPHA:158061,Macrophage activation syndrome,29,0,16,131,131,0,0.0169,0.058
331,OMIM:615508,"Erythroderma, congenital, with palmoplantar keratoderma, hypotrichosis, and hyper-ige",23,1,13,61,61,1,0.0168,0.131
332,OMIM:616037,"Ciliary dyskinesia, primary, 30",17,0,7,65,65,3,0.0168,0.358
333,OMIM:616278,"Bile acid synthesis defect, congenital, 5",13,0,9,28,28,2,0.0168,0.145
334,OMIM:277410,"Methylmalonic aciduria and homocystinuria, cblD type",29,3,16,107,107,7,0.0167,0.447
335,OMIM:620331,Hatipoglu immunodeficiency syndrome,35,0,26,100,100,3,0.0167,0.161
336,OMIM:613101,"Hemophagocytic lymphohistiocytosis, familial, 5",17,0,13,59,59,0,0.0167,0.056
337,ORPHA:3243,Sweet syndrome,39,0,23,188,188,0,0.0166,0.045
338,ORPHA:90051,Sepsis in premature infants,50,0,40,177,177,9,0.0166,0.139
339,OMIM:620603,"Immunodeficiency 114, folate-responsive",29,1,21,82,82,2,0.0165,0.161
340,ORPHA:85414,Systemic-onset juvenile idiopathic arthritis,22,0,15,57,57,0,0.0164,0.053
341,OMIM:617591,Proteasome-Associated autoinflammatory syndrome 3,25,1,21,87,87,0,0.0163,0.093
342,OMIM:614470,"RAS-associated autoimmune lymphoproliferative syndrome type IV, somatic",17,1,13,101,101,0,0.0162,0.064
343,OMIM:613011,Lymphoproliferative syndrome 1,26,4,17,163,163,2,0.0162,0.441
344,OMIM:614935,"Ciliary dyskinesia, primary, 19",13,0,2,34,34,1,0.0161,0.358
345,OMIM:619374,Immunodeficiency 81,15,3,5,97,97,0,0.0161,0.045
346,OMIM:609939,"Systemic lupus erythematosus, susceptibility to, 6",12,0,9,14,14,0,0.016,0.039
347,OMIM:152700,Systemic lupus erythematosus,21,0,12,57,57,0,0.016,0.043
348,OMIM:619767,"Pulmonary fibrosis and/or bone marrow failure, telomere-related, 6",13,1,7,20,20,1,0.016,0.219
349,ORPHA:276556,Hyperinsulinism due to UCP2 deficiency,26,0,11,79,79,8,0.016,0.148
350,OMIM:615190,"Dyskeratosis congenita, autosomal recessive 5",12,0,10,13,13,0,0.0159,0.056
351,OMIM:620880,Autoinflammation with arthritis and vasculitis,35,2,27,140,140,1,0.0159,0.119
352,OMIM:606763,"Ciliary dyskinesia, primary, 2",13,1,7,26,26,1,0.0159,0.301
353,OMIM:615934,"STING-associated vasculopathy, infantile-onset",38,0,23,234,234,0,0.0157,0.056
354,OMIM:232200,Glycogen storage disease Ia,28,0,16,50,50,4,0.0157,0.176
355,OMIM:619858,Autoinflammatory-pancytopenia syndrome,21,1,14,41,41,0,0.0156,0.032
356,OMIM:236270,"Homocystinuria-megaloblastic anemia, cbl E type",22,2,13,52,52,3,0.0156,0.447
357,OMIM:608688,AICA-ribosiduria due to ATIC deficiency,23,0,7,44,44,3,0.0155,0.235
358,OMIM:612526,"Lipodystrophy, congenital generalized, type 3",16,0,11,27,27,2,0.0155,0.158
359,OMIM:612541,"Neutropenia, severe congenital, 4, autosomal recessive",51,1,34,276,276,10,0.0155,0.143
360,ORPHA:83453,Vulvovaginal gingival syndrome,13,1,10,23,23,1,0.0155,0.286
361,OMIM:620514,"Immune dysregulation, autoimmunity, and autoinflammation",14,0,6,36,36,0,0.0154,0.039
362,OMIM:619481,"Bile acid malabsorption, primary, 2",12,0,0,38,38,3,0.0154,0.136
363,ORPHA:562639,Primary biliary cholangitis/primary sclerosing cholangitis and autoimmune hepatitis overlap syndrome,36,0,18,313,313,0,0.0154,0.057
364,OMIM:243150,Gastrointestinal defects and immunodeficiency syndrome,33,1,16,183,183,0,0.0153,0.085
365,OMIM:227810,Fanconi-Bickel syndrome,34,1,20,252,252,16,0.0153,0.502
366,OMIM:621375,"Immune dysregulation, neurodevelopmental defects, and colitis",36,1,24,135,135,0,0.0152,0.087
367,OMIM:615751,Hyperammonemia due to carbonic anhydrase VA deficiency,27,0,13,214,214,20,0.0151,0.18
368,ORPHA:225123,TFR2-related hemochromatosis,23,0,10,50,50,4,0.0151,0.131
369,OMIM:241410,Hypoparathyroidism-retardation-dysmorphism syndrome,37,1,16,128,128,3,0.015,0.941
370,OMIM:619573,Immunodeficiency 87 and autoimmunity,55,4,31,323,323,13,0.015,0.17
371,ORPHA:99867,Thymoma,37,0,30,129,129,0,0.015,0.085
372,ORPHA:39812,Graft versus host disease,41,1,28,214,214,2,0.015,0.167
373,ORPHA:2394,Pyruvate dehydrogenase E3 deficiency,28,0,24,76,76,6,0.0149,0.18
374,ORPHA:69665,Intrahepatic cholestasis of pregnancy,24,1,16,40,40,2,0.0148,0.326
375,OMIM:617744,"Immunodeficiency, developmental delay, and hypohomocysteinemia",25,1,19,50,50,0,0.0146,0.094
376,OMIM:619705,Immunodeficiency 93 and hypertrophic cardiomyopathy,19,2,6,41,41,1,0.0146,0.115
377,ORPHA:91138,Cryoglobulinemic vasculitis,29,1,19,80,80,3,0.0146,0.267
378,ORPHA:477,KID syndrome,60,4,38,569,569,16,0.0146,0.553
379,OMIM:301074,"Autoinflammatory syndrome, familial, X-linked, Behcet-like 2",24,0,12,88,88,0,0.0145,0.046
380,OMIM:617872,Combined oxidative phosphorylation deficiency 34,16,0,10,30,30,2,0.0145,0.162
381,OMIM:229050,"Folate malabsorption, hereditary",23,1,16,51,51,1,0.0145,0.569
382,ORPHA:2908,Kindler epidermolysis bullosa,41,2,32,205,205,4,0.0145,0.553
383,ORPHA:31205,Rat-bite fever,32,0,23,92,92,0,0.0145,0.091
384,OMIM:620005,Primordial dwarfism-immunodeficiency-lipodystrophy syndrome,56,2,36,221,221,9,0.0144,0.464
385,OMIM:620454,"Congenital disorder of glycosylation, type IIaa",24,0,11,37,37,2,0.0144,0.18
386,ORPHA:231111,Drug-induced lupus erythematosus,23,0,15,56,56,0,0.0144,0.047
387,ORPHA:79096,Pyridoxamine-5-phosphate deficiency-developmental and epileptic encephalopathy,29,1,21,96,96,7,0.0144,0.18
388,OMIM:277400,"Methylmalonic aciduria and homocystinuria, cblC type",58,3,38,236,236,13,0.0143,0.51
389,ORPHA:79434,Oculocutaneous albinism type 1B,17,1,13,58,58,3,0.0143,0.273
390,ORPHA:90003,Inflammatory pseudotumor of the liver,16,1,11,40,40,1,0.0143,0.417
391,OMIM:617241,"Lung disease, immunodeficiency, and chromosome breakage syndrome",20,2,6,40,40,0,0.0142,0.036
392,OMIM:613986,"Pituitary hormone deficiency, combined, 6",13,0,5,26,26,2,0.0142,0.18
393,ORPHA:99843,Leukocyte adhesion deficiency type II,58,2,34,310,310,12,0.0142,0.409
394,ORPHA:98848,Indolent systemic mastocytosis,20,0,15,73,73,0,0.0142,0.044
395,OMIM:237300,"Carbamoyl phosphate synthetase I deficiency, hyperammonemia due to",17,1,10,52,52,3,0.0141,0.257
396,OMIM:193670,Whim syndrome,12,0,9,24,24,0,0.0141,0.056
397,ORPHA:79444,Pseudohypoparathyroidism type 1C,54,2,26,358,358,9,0.0141,0.941
398,ORPHA:449432,IgG4-related submandibular gland disease,25,0,17,88,88,0,0.0141,0.064
399,OMIM:621140,Congenital disorder of glycosylation type 1EE with or without immunodeficiency,60,3,32,462,462,8,0.014,0.426
400,ORPHA:322,Exstrophy-epispadias complex,40,1,25,326,326,11,0.014,0.69
401,ORPHA:90045,Hereditary folate malabsorption,25,1,22,53,53,0,0.014,0.074
402,OMIM:614172,Immunodeficiency 21,16,1,9,87,87,0,0.0139,0.038
403,OMIM:607115,Cinca syndrome,21,0,14,37,37,0,0.0139,0.032
404,OMIM:615505,"Ciliary dyskinesia, primary, 28",12,0,4,40,40,1,0.0139,0.358
405,ORPHA:79644,Autosomal recessive hyperinsulinism due to Kir6.2 deficiency,19,0,9,48,48,4,0.0139,0.148
406,OMIM:620376,"Autoinflammatory disease, systemic, with vasculitis",55,2,31,357,357,1,0.0138,0.105
407,OMIM:615482,"Ciliary dyskinesia, primary, 25",19,0,7,71,71,2,0.0138,0.358
408,OMIM:275350,Transcobalamin II deficiency,24,1,18,73,73,4,0.0137,0.155
409,ORPHA:829,Adult-onset Still disease,56,0,35,319,319,0,0.0137,0.057
410,OMIM:617237,Immunodeficiency 49,30,2,12,87,87,3,0.0136,0.299
411,OMIM:612840,"Leukocyte adhesion deficiency, type III",17,1,13,50,50,3,0.0136,0.108
412,ORPHA:79087,Acquired partial lipodystrophy,17,0,10,17,17,0,0.0136,0.049
413,ORPHA:1163,Aspergillosis,56,2,42,382,382,10,0.0136,0.235
414,ORPHA:2069,Gastrocutaneous syndrome,13,1,6,13,13,0,0.0136,0.084
415,ORPHA:36412,Hypocomplementemic urticarial vasculitis,47,0,41,175,175,1,0.0135,0.106
416,ORPHA:766,Hemolytic anemia due to red cell pyruvate kinase deficiency,15,0,5,44,44,4,0.0135,0.131
417,ORPHA:540,Familial hemophagocytic lymphohistiocytosis,45,0,35,282,282,0,0.0135,0.069
418,OMIM:617099,"Autoinflammation, panniculitis, and dermatosis syndrome",19,1,13,47,47,0,0.0134,0.038
419,ORPHA:728,Relapsing polychondritis,53,1,40,209,209,0,0.0134,0.057
420,ORPHA:436252,Combined immunodeficiency-multiple intestinal atresia,30,1,19,127,127,0,0.0134,0.054
421,ORPHA:79299,Congenital glucokinase-related hyperinsulinism,13,0,9,25,25,2,0.0134,0.157
422,OMIM:613095,Polycystic kidney disease 2,18,1,10,27,27,2,0.0133,0.15
423,OMIM:244400,"Ciliary dyskinesia, primary, 1",20,1,9,57,57,2,0.0133,0.226
424,OMIM:611762,Familial cold autoinflammatory syndrome 2,18,1,13,34,34,0,0.0133,0.045
425,OMIM:130050,"Ehlers-Danlos syndrome, Vascular type",52,1,25,240,240,11,0.0133,0.69
426,ORPHA:1546,Cryptococcosis,42,1,36,156,156,1,0.0133,0.216
427,ORPHA:29073,Multiple myeloma,31,0,21,74,74,4,0.0133,0.143
428,OMIM:617156,Mitochondrial DNA depletion syndrome 15 (hepatocerebral type),24,0,16,88,88,5,0.0132,0.18
429,ORPHA:52417,MALT lymphoma,17,0,15,13,13,0,0.0132,0.038
430,ORPHA:100025,Alpha-heavy chain disease,15,0,15,27,27,0,0.0132,0.054
431,ORPHA:71272,Sandifer syndrome,13,0,6,22,22,0,0.0132,0.046
432,ORPHA:29207,Reactive arthritis,36,2,22,111,111,1,0.0131,0.156
433,ORPHA:529799,Acute bilirubin encephalopathy,20,0,11,23,23,2,0.0131,0.131
434,ORPHA:703,Bullous pemphigoid,15,0,10,42,42,0,0.0131,0.053
435,OMIM:618116,Bone marrow failure syndrome 4,15,0,10,22,22,0,0.013,0.066
436,OMIM:604416,"Pyogenic sterile arthritis, pyoderma gangrenosum, and acne",16,0,6,30,30,0,0.013,0.04
437,OMIM:215700,"Citrullinemia, classic",22,1,12,78,78,4,0.013,0.257
438,OMIM:620796,Proteasome-associated autoinflammatory syndrome 6,39,2,14,232,232,2,0.013,0.219
439,OMIM:621507,"Microcephaly 31, primary, autosomal recessive",27,1,13,60,60,2,0.013,0.419
440,OMIM:619313,Immunodeficiency 80 with or without cardiomyopathy,19,3,6,70,70,0,0.0129,0.055
441,OMIM:311250,"Ornithine transcarbamylase deficiency, hyperammonemia due to",25,1,11,103,103,5,0.0129,0.257
442,OMIM:620137,"Mitochondrial complex III deficiency, nuclear type 11",13,0,12,22,22,1,0.0129,0.18
443,OMIM:617321,Yao syndrome,20,0,15,29,29,0,0.0128,0.038
444,OMIM:619658,"Cholestasis, progressive familial intrahepatic, 7, with or without hearing loss",12,0,8,21,21,1,0.0128,0.151
445,OMIM:267700,"Hemophagocytic lymphohistiocytosis, familial, 1",37,0,23,161,161,8,0.0128,0.136
446,ORPHA:93552,Pediatric systemic lupus erythematosus,53,0,40,218,218,0,0.0128,0.057
447,OMIM:614702,Combined oxidative phosphorylation deficiency 10,25,0,19,49,49,3,0.0127,0.18
448,OMIM:619350,Visceral myopathy 2,17,0,6,120,120,0,0.0127,0.057
449,OMIM:232400,Glycogen storage disease III,20,0,13,33,33,2,0.0127,0.178
450,ORPHA:2089,Glycogen storage disease due to hepatic glycogen synthase deficiency,14,0,10,28,28,2,0.0127,0.154
451,ORPHA:567544,Idiopathic non-lupus full-house nephropathy,20,0,14,52,52,0,0.0127,0.043
452,ORPHA:247598,Neonatal intrahepatic cholestasis due to citrin deficiency,41,1,24,418,418,9,0.0127,0.115
453,ORPHA:26793,Very long chain acyl-CoA dehydrogenase deficiency,40,1,28,122,122,8,0.0127,0.167
454,OMIM:210210,3-Methylcrotonyl-CoA carboxylase 2 deficiency,27,0,22,91,91,5,0.0126,0.18
455,OMIM:615983,Bardet-Biedl syndrome 5,20,1,15,46,46,1,0.0126,0.37
456,ORPHA:352540,Oncogenic osteomalacia,35,1,25,228,228,6,0.0126,0.924
457,ORPHA:75392,Periodontal Ehlers-Danlos syndrome,32,1,18,112,112,4,0.0126,0.357
458,ORPHA:33577,Nodular non-suppurative panniculitis,15,0,14,20,20,0,0.0126,0.053
459,ORPHA:1969,Facial dysmorphism-anorexia-cachexia-eye and skin anomalies syndrome,21,1,15,29,29,1,0.0126,0.232
460,OMIM:300554,"Hypophosphatemic rickets, X-linked recessive",27,1,15,160,160,5,0.0125,0.924
461,OMIM:618523,"Hyper-IgE recurrent infection syndrome 4, autosomal recessive",20,0,15,61,61,0,0.0125,0.045
462,OMIM:618998,Immune dysregulation and systemic hyperinflammation syndrome ,27,0,12,132,132,0,0.0124,0.031
463,OMIM:615688,"Vasculitis, autoinflammation, immunodeficiency, and hematologic defects syndrome",59,0,34,357,357,0,0.0124,0.066
464,ORPHA:293173,Acute generalized exanthematous pustulosis,23,0,19,84,84,0,0.0124,0.041
465,OMIM:300972,Immunodeficiency 47,42,0,24,204,204,3,0.0123,0.131
466,OMIM:617093,"Growth retardation, impaired intellectual development, hypotonia, and hepatopathy",33,0,19,95,95,6,0.0123,0.18
467,OMIM:246200,Donohue syndrome,52,0,32,119,119,8,0.0123,0.151
468,OMIM:307800,"Hypophosphatemic rickets, X-linked dominant",33,1,18,213,213,5,0.0122,0.924
469,OMIM:612650,"Ciliary dyskinesia, primary, 12",15,0,6,32,32,1,0.0121,0.277
470,OMIM:608647,"Ciliary dyskinesia, primary, 5",15,0,5,52,52,1,0.0121,0.358
471,ORPHA:348,"Fructose-1,6-bisphosphatase deficiency",34,0,22,147,147,9,0.0121,0.162
472,ORPHA:2880,Phosphoenolpyruvate carboxykinase deficiency,22,0,12,103,103,7,0.0121,0.163
473,ORPHA:32960,Tumor necrosis factor receptor 1 associated periodic syndrome,40,1,32,152,152,0,0.0121,0.045
474,ORPHA:727,Microscopic polyangiitis,55,1,38,295,295,0,0.0121,0.06
475,OMIM:201475,Very long-chain acyl-CoA dehydrogenase deficiency,28,0,16,70,70,3,0.012,0.157
476,ORPHA:469,Hereditary fructose intolerance,24,0,17,56,56,3,0.012,0.145
477,ORPHA:79240,Glycogen storage disease due to liver and muscle phosphorylase kinase deficiency,43,0,33,146,146,9,0.012,0.162
478,OMIM:245480,Specific granule deficiency,13,0,4,55,55,0,0.0118,0.032
479,OMIM:307030,Glycerol kinase deficiency,34,0,21,66,66,2,0.0118,0.473
480,ORPHA:139507,Dietary iron overload disease,25,1,16,102,102,2,0.0118,0.136
481,ORPHA:2298,Insulin-resistance syndrome type B,50,2,31,332,332,12,0.0118,0.209
482,OMIM:620367,"Pulmonary fibrosis and/or bone marrow failure syndrome, telomere-related, 8",18,1,9,37,37,1,0.0117,0.161
483,OMIM:609981,Immunodeficiency 54,20,0,16,25,25,0,0.0117,0.035
484,ORPHA:707,Plague,55,0,42,242,242,1,0.0117,0.185
485,ORPHA:722,Hypoplasminogenemia,16,1,11,14,14,0,0.0117,0.061
486,ORPHA:228426,Syndromic multisystem autoimmune disease due to Itch deficiency,38,1,20,156,156,0,0.0117,0.053
487,ORPHA:400,Cystic echinococcosis,41,1,34,128,128,1,0.0117,0.118
488,OMIM:237310,N-acetylglutamate synthase deficiency,21,0,15,51,51,4,0.0116,0.108
489,OMIM:604367,"Lipodystrophy, familial partial, type 3",21,0,15,53,53,3,0.0116,0.157
490,ORPHA:2198,Palmoplantar keratoderma-esophageal carcinoma syndrome,15,0,10,56,56,0,0.0116,0.06
491,OMIM:613845,"Hyperuricemia, pulmonary hypertension, renal failure, and alkalosis syndrome",25,0,15,55,55,4,0.0115,0.131
492,ORPHA:389,Langerhans cell histiocytosis,27,0,20,34,34,0,0.0115,0.048
493,ORPHA:664,Ornithine transcarbamylase deficiency,29,0,15,105,105,6,0.0115,0.18
494,OMIM:212138,Carnitine-acylcarnitine translocase deficiency,27,0,22,77,77,4,0.0114,0.18
495,ORPHA:3386,American trypanosomiasis,27,0,26,63,63,0,0.0114,0.056
496,ORPHA:793,SAPHO syndrome,30,1,24,122,122,0,0.0114,0.05
497,ORPHA:2070,Eosinophilic gastroenteritis,21,0,14,66,66,0,0.0114,0.051
498,OMIM:615500,"Ciliary dyskinesia, primary, 26",15,0,6,50,50,1,0.0113,0.358
499,OMIM:620680,"Lipodystrophy, congenital generalized, type 5",13,0,10,32,32,2,0.0113,0.157
500,ORPHA:480520,Caroli syndrome,35,0,23,218,218,0,0.0113,0.084
501,ORPHA:85436,Psoriasis-related juvenile idiopathic arthritis,29,0,16,139,139,0,0.0113,0.053
502,ORPHA:90038,Shiga toxin-associated hemolytic uremic syndrome,33,0,19,107,107,4,0.0113,0.136
503,ORPHA:2116,Hartnup disease,30,1,24,114,114,2,0.0113,0.558
504,OMIM:615745,Atrial standstill 2,13,1,8,45,45,1,0.0112,0.421
505,OMIM:614874,"Ciliary dyskinesia, primary, 18",15,0,4,40,40,1,0.0112,0.358
506,ORPHA:98856,Charcot-Marie-Tooth disease type 2B1,32,0,18,239,239,12,0.0112,0.303
507,ORPHA:90036,Mixed-type autoimmune hemolytic anemia,14,1,10,12,12,0,0.0112,0.053
508,OMIM:309000,Lowe syndrome,52,1,33,293,293,11,0.0111,0.519
509,OMIM:603552,"Hemophagocytic lymphohistiocytosis, familial, 4",19,0,17,39,39,0,0.0111,0.042
510,OMIM:232240,Glycogen storage disease Ic,28,0,19,78,78,2,0.011,0.176
511,ORPHA:300298,Severe congenital hypochromic anemia with ringed sideroblasts,20,0,11,29,29,2,0.011,0.131
512,ORPHA:906,Wiskott-Aldrich syndrome,57,1,42,554,554,4,0.011,0.301
513,ORPHA:454836,Avian influenza,40,1,31,169,169,2,0.011,0.217
514,OMIM:619355,"Mitochondrial complex IV deficiency, nuclear type 22",31,0,17,159,159,7,0.0109,0.178
515,OMIM:620366,"Osteopetrosis, autosomal recessive 9",14,0,6,14,14,1,0.0109,0.131
516,OMIM:620040,"Dyskeratosis congenita, digenic",25,0,20,47,47,2,0.0109,0.115
517,ORPHA:555905,IgA pemphigus,19,0,12,103,103,0,0.0109,0.048
518,ORPHA:2268,ICF syndrome,23,0,16,47,47,0,0.0109,0.066
519,OMIM:250940,"Homocystinuria-megaloblastic anemia, cblG complementation type",36,2,27,103,103,6,0.0108,0.155
520,ORPHA:36238,Staphylococcal necrotizing pneumonia,38,1,26,214,214,1,0.0108,0.115
521,ORPHA:3099,Rheumatic fever,36,2,31,101,101,1,0.0108,0.269
522,ORPHA:289176,Autosomal recessive hypophosphatemic rickets,34,2,18,213,213,6,0.0108,0.859
523,OMIM:241530,"Hypophosphatemic rickets with hypercalciuria, hereditary",37,1,18,318,318,8,0.0107,0.924
524,OMIM:615444,"Ciliary dyskinesia, primary, 22",17,0,6,53,53,1,0.0107,0.358
525,OMIM:610910,"Pulmonary alveolar proteinosis, acquired",16,1,10,62,62,1,0.0107,0.217
526,OMIM:620133,"Dyskeratosis congenita, autosomal recessive 8",18,1,9,26,26,0,0.0107,0.035
527,OMIM:606069,"Hemochromatosis, type 4",17,0,14,20,20,1,0.0107,0.131
528,ORPHA:3162,Sézary syndrome,29,0,24,83,83,0,0.0107,0.054
529,ORPHA:81,Antisynthetase syndrome,44,0,29,178,178,0,0.0107,0.059
530,ORPHA:449563,IgG4-related ophthalmic disease,42,2,28,209,209,0,0.0107,0.089
531,OMIM:614328,"Inflammatory skin and bowel disease, neonatal, 1",13,0,8,23,23,0,0.0106,0.042
532,OMIM:618398,"T-cell lymphoma, subcutaneous panniculitis-like",12,0,8,22,22,0,0.0106,0.043
533,OMIM:613839,Megaloblastic anemia due to dihydrofolate reductase deficiency,23,2,17,64,64,1,0.0106,0.597
534,ORPHA:89842,"Autosomal recessive generalized dystrophic epidermolysis bullosa, intermediate form",46,1,28,167,167,9,0.0106,0.144
535,ORPHA:85410,Oligoarticular juvenile idiopathic arthritis,20,0,14,47,47,0,0.0106,0.058
536,ORPHA:529808,Chronic bilirubin encephalopathy,21,0,12,29,29,2,0.0106,0.131
537,ORPHA:70475,Radiation proctitis,19,0,15,92,92,0,0.0106,0.051
538,OMIM:208900,Ataxia-telangiectasia,47,3,35,267,267,2,0.0105,0.277
539,OMIM:191900,Muckle-Wells syndrome,24,1,13,34,34,0,0.0105,0.039
540,OMIM:615285,"Neutropenia, severe congenital, 5, autosomal recessive",13,0,9,25,25,0,0.0105,0.05
541,OMIM:154276,"Malignant hyperthermia, susceptibility to, 3",12,0,6,30,30,2,0.0105,0.143
542,ORPHA:71,Chylomicron retention disease,19,0,14,34,34,0,0.0105,0.043
543,ORPHA:662,Lymphedema with yellow nails,24,1,17,67,67,1,0.0105,0.301
544,ORPHA:100024,Mu-heavy chain disease,13,0,12,17,17,0,0.0105,0.037
545,OMIM:232220,Glycogen storage disease Ib,30,0,18,68,68,2,0.0104,0.176
546,OMIM:207900,Argininosuccinic aciduria,27,1,14,103,103,4,0.0104,0.257
547,OMIM:615895,Polyglucosan body myopathy 1 with or without immunodeficiency,37,0,31,106,106,0,0.0104,0.043
548,ORPHA:53035,Caroli disease,31,0,20,206,206,0,0.0104,0.078
549,ORPHA:276575,Autosomal dominant hyperinsulinism due to SUR1 deficiency,28,0,11,97,97,6,0.0104,0.143
550,ORPHA:90363,Secondary intestinal lymphangiectasia,40,0,24,279,279,2,0.0104,0.109
551,ORPHA:77297,Majeed syndrome,32,0,26,69,69,0,0.0104,0.044
552,OMIM:608710,Granulomatosis with polyangiitis,32,1,17,128,128,0,0.0103,0.06
553,OMIM:103580,"Pseudohypoparathyroidism, type IA",30,1,17,113,113,3,0.0103,0.594
554,ORPHA:206569,Immune-mediated necrotizing myopathy,24,0,15,56,56,0,0.0103,0.056
555,OMIM:619183,Proteasome-associated autoinflammatory syndrome 4,16,1,12,33,33,0,0.0102,0.057
556,OMIM:614204,"Psoriasis 14, pustular",15,0,10,27,27,0,0.0102,0.041
557,OMIM:618549,"Hepatitis, fulminant viral, susceptibility to",12,0,6,18,18,0,0.0102,0.032
558,OMIM:253600,"Muscular dystrophy, limb-girdle, type 2A",12,0,9,32,32,0,0.0102,0.057
559,ORPHA:292,Congenital enterovirus infection,39,0,33,128,128,0,0.0102,0.092
560,OMIM:621235,"Autoimmune disease, multisystem, infantile-onset, 5 ",13,1,7,20,20,0,0.0101,0.034
561,OMIM:242150,"Ichthyosiform erythroderma, corneal involvement, and deafness",25,0,17,52,52,3,0.0101,0.139
562,OMIM:616910,Immunodeficiency-Centromeric instability-facial anomalies syndrome 3,22,0,15,34,34,0,0.0101,0.066
563,OMIM:618120,Mitochondrial complex V (ATP synthase) deficiency nuclear type 5,20,0,14,46,46,2,0.0101,0.18
564,OMIM:301045,"Congenital disorder of glycosylation, type IIr",15,1,11,25,25,0,0.0101,0.066
565,ORPHA:289157,Hypocalcemic vitamin D-dependent rickets,46,1,25,324,324,7,0.0101,0.941
566,OMIM:109650,Behcet syndrome,15,0,4,16,16,0,0.01,0.032
567,OMIM:619386,Combined oxidative phosphorylation deficiency 52,24,0,15,97,97,4,0.01,0.178
568,OMIM:620358,"Mitochondrial complex V (ATP synthase) deficiency, nuclear type 4A",25,0,14,103,103,6,0.01,0.112
569,OMIM:264700,"Vitamin D-dependent rickets, type I",52,2,27,527,527,13,0.01,0.941
570,OMIM:612444,"Ciliary dyskinesia, primary, 9, with or without situs inversus",14,1,5,45,45,1,0.01,0.179
571,OMIM:170100,Prolidase deficiency,34,0,18,101,101,0,0.01,0.05
572,OMIM:603471,"Citrullinemia, type II, adult-onset",17,0,7,57,57,2,0.0099,0.108
573,ORPHA:319218,Ebola hemorrhagic fever,29,0,22,108,108,0,0.0099,0.057
574,ORPHA:79302,Congenital bile acid synthesis defect type 3,12,0,8,31,31,0,0.0099,0.046
575,OMIM:261750,Glycogen storage disease type IXb,13,0,9,25,25,1,0.0098,0.162
576,OMIM:620300,Mitochondrial trifunctional protein deficiency 2,21,0,13,70,70,3,0.0098,0.18
577,OMIM:617053,Mirage syndrome,41,2,26,110,110,3,0.0098,0.166
578,OMIM:106300,"Spondyloarthropathy, susceptibility to, 1",12,0,5,22,22,0,0.0098,0.033
579,OMIM:617475,Specific granule deficiency 2,30,0,18,59,59,3,0.0098,0.111
580,OMIM:616481,"Ciliary dyskinesia, primary, 32",13,0,4,39,39,1,0.0098,0.277
581,OMIM:186580,Blau syndrome,21,0,15,51,51,0,0.0098,0.041
582,ORPHA:391,Classic Hodgkin lymphoma,32,0,24,64,64,0,0.0098,0.037
583,ORPHA:329918,C3 glomerulopathy,23,0,13,85,85,0,0.0098,0.051
584,ORPHA:94093,Neuroleptic malignant syndrome,54,0,37,260,260,12,0.0098,0.167
585,ORPHA:83317,Scrub typhus,27,0,24,68,68,0,0.0098,0.038
586,OMIM:176690,Progeroid short stature with pigmented nevi,29,0,16,38,38,0,0.0097,0.044
587,OMIM:618835,Combined oxidative phosphorylation deficiency 40,14,0,9,22,22,1,0.0097,0.178
588,OMIM:618839,Combined oxidative phosphorylation deficiency 42,14,0,9,22,22,1,0.0097,0.178
589,ORPHA:231,Dracunculiasis,15,0,11,24,24,0,0.0097,0.046
590,ORPHA:324964,Chronic nonbacterial osteomyelitis/Chronic recurrent multifocal osteomyelitis,27,0,21,82,82,0,0.0097,0.05
591,OMIM:618856,"Diabetes, permanent neonatal 2, with or without neurologic features",13,0,8,18,18,1,0.0096,0.151
592,OMIM:615422,Inclusion body myopathy with early-onset Paget disease with or without frontotemporal dementia 2,13,0,10,32,32,0,0.0096,0.057
593,OMIM:615993,Bardet-Biedl syndrome 16,21,1,19,34,34,1,0.0096,0.189
594,ORPHA:95427,Secondary short bowel syndrome,32,1,22,137,137,1,0.0096,0.165
595,ORPHA:1573,Hypotrichosis with juvenile macular degeneration,15,1,13,28,28,1,0.0096,0.238
596,ORPHA:50918,Kikuchi-Fujimoto disease,50,0,35,257,257,0,0.0096,0.047
597,ORPHA:423479,X-linked intellectual disability-limb spasticity-retinal dystrophy-arginine vasopressin deficiency,34,1,14,106,106,2,0.0096,0.434
598,ORPHA:309854,Cirrhosis-dystonia-polycythemia-hypermanganesemia syndrome,39,0,25,198,198,9,0.0096,0.334
599,OMIM:615237,Congenital short bowel syndrome,14,0,9,48,48,0,0.0095,0.026
600,ORPHA:342,Familial Mediterranean fever,50,0,35,200,200,0,0.0095,0.051
601,ORPHA:565782,Methotrexate toxicity,22,0,18,37,37,0,0.0095,0.028
602,OMIM:600638,"Fibrosis of extraocular muscles, congenital, 3A, with or without extraocularinvolvement",19,0,11,59,59,3,0.0094,0.171
603,OMIM:619662,"Cholestasis, progressive familial intrahepatic, 8",19,0,11,74,74,0,0.0094,0.04
604,OMIM:601005,Timothy syndrome,29,2,22,76,76,2,0.0094,0.511
605,OMIM:608068,"Neutrophilic dermatosis, acute febrile",14,0,5,18,18,0,0.0094,0.032
606,ORPHA:79408,"Autosomal recessive generalized dystrophic epidermolysis bullosa, severe form",54,1,32,186,186,5,0.0094,0.539
607,ORPHA:228305,"Carnitine palmitoyl transferase II deficiency, severe infantile form",29,0,19,87,87,4,0.0094,0.176
608,ORPHA:171,Primary sclerosing cholangitis,51,0,31,370,370,4,0.0094,0.136
609,ORPHA:50839,Cat-scratch disease,22,0,11,54,54,0,0.0094,0.035
610,ORPHA:3453,Autoimmune polyendocrinopathy type 1,38,2,26,146,146,0,0.0094,0.052
611,OMIM:603165,"Dermatitis, atopic",18,1,11,64,64,0,0.0093,0.043
612,ORPHA:171876,Generalized pseudohypoaldosteronism type 1,22,0,14,31,31,0,0.0093,0.042
613,ORPHA:36426,Stevens-Johnson syndrome,39,0,31,97,97,1,0.0093,0.128
614,ORPHA:70578,Adult acute respiratory distress syndrome,17,1,12,42,42,0,0.0093,0.099
615,ORPHA:79078,IgG4-related dacryoadenitis and sialadenitis,33,1,23,139,139,0,0.0093,0.048
616,OMIM:620952,"Homocystinuria-megaloblastic anemia, cblD type",26,1,15,123,123,6,0.0092,0.155
617,OMIM:612714,"Exocrine pancreatic insufficiency, dyserythropoietic anemia, and calvarialhyperostosis",16,0,9,28,28,0,0.0092,0.038
618,OMIM:603553,"Hemophagocytic lymphohistiocytosis, familial, 2",42,0,31,225,225,5,0.0092,0.136
619,OMIM:619046,"Mitochondrial complex IV deficiency, nuclear type 3",26,0,15,62,62,3,0.0092,0.143
620,OMIM:619048,"Mitochondrial complex IV deficiency, nuclear type 4",21,0,15,47,47,2,0.0092,0.162
621,ORPHA:79477,Griscelli syndrome type 2,19,0,17,34,34,0,0.0092,0.031
622,ORPHA:3078,"Severe X-linked intellectual disability, Gustavson type",34,3,20,141,141,3,0.0092,0.471
623,ORPHA:634,Netherton syndrome,44,1,29,405,405,5,0.0092,0.334
624,ORPHA:2494,Ménétrier disease,21,0,8,98,98,0,0.0092,0.051
625,ORPHA:537,Toxic epidermal necrolysis,39,0,32,108,108,1,0.0092,0.128
626,OMIM:605814,"Citrullinemia, type II, neonatal-onset",23,0,8,163,163,0,0.0091,0.038
627,OMIM:301054,"VEXAS syndrome, somatic",23,0,16,42,42,0,0.0091,0.047
628,ORPHA:388,Hirschsprung disease,19,0,14,74,74,0,0.0091,0.053
629,ORPHA:466650,Exercise-induced malignant hyperthermia,41,0,31,80,80,3,0.0091,0.167
630,ORPHA:228423,GATA2 deficiency spectrum,28,0,22,84,84,0,0.0091,0.038
631,OMIM:155310,Visceral myopathy 1,19,0,9,97,97,0,0.009,0.051
632,OMIM:621409,"Autoinflammation and autoimmunity, systemic, with immune dysregulation 2 ",29,0,18,93,93,1,0.009,0.139
633,OMIM:142680,"Periodic fever, familial, autosomal dominant",26,0,14,69,69,0,0.009,0.045
634,OMIM:613027,Glycogen storage disease IXc,18,0,13,56,56,2,0.009,0.168
635,OMIM:266150,Pyruvate carboxylase deficiency,16,0,11,43,43,2,0.009,0.162
636,OMIM:604290,Aceruloplasminemia,15,0,9,35,35,2,0.009,0.131
637,ORPHA:352328,MEGDEL syndrome,26,0,17,86,86,3,0.009,0.157
638,ORPHA:199299,Late-onset isolated ACTH deficiency,40,0,23,105,105,3,0.009,0.162
639,ORPHA:99931,Idiopathic pulmonary hemosiderosis,29,0,18,110,110,0,0.009,0.058
640,ORPHA:98850,Aggressive systemic mastocytosis,39,0,30,183,183,0,0.009,0.034
641,OMIM:617394,"Sclerosing cholangitis, neonatal",20,0,12,107,107,0,0.0089,0.04
642,OMIM:255120,Carnitine palmitoyltransferase I deficiency,25,0,19,80,80,3,0.0089,0.157
643,OMIM:620152,"Hypomagnesemia 7, renal, with or without dilated cardiomyopathy",12,0,6,14,14,0,0.0089,0.034
644,OMIM:226300,"Complement hyperactivation, angiopathic thrombosis, and protein-losing enteropathy",28,0,20,77,77,0,0.0089,0.066
645,OMIM:253260,"Biotinidase deficiencymultiple carboxylase deficiency, late-onset",26,1,22,48,48,0,0.0089,0.049
646,OMIM:609015,Mitochondrial trifunctional protein deficiency,32,0,24,78,78,3,0.0089,0.176
647,OMIM:612780,SESAME syndrome,29,0,15,105,105,2,0.0089,0.402
648,ORPHA:1199,Esophageal atresia,59,1,40,235,235,2,0.0089,0.361
649,ORPHA:26790,Pseudomyxoma peritonei,12,0,12,29,29,0,0.0089,0.035
650,OMIM:618528,Mitochondrial DNA depletion syndrome 16 (hepatic type),20,0,10,77,77,3,0.0088,0.131
651,OMIM:621234,"Immunodysregulation, craniofacial anomalies, hearing impairment, athelia, and developmental delay",51,3,24,287,287,1,0.0088,0.299
652,OMIM:619482,"Central hypoventilation syndrome, congenital, 2, and autonomic dysfunction",26,0,17,54,54,0,0.0088,0.051
653,ORPHA:137914,Choanal atresia,16,0,9,38,38,1,0.0088,0.277
654,ORPHA:3165,Eosinophilic fasciitis,16,0,13,22,22,0,0.0088,0.036
655,ORPHA:935,Short-limb skeletal dysplasia with severe combined immunodeficiency,18,0,11,35,35,0,0.0088,0.04
656,ORPHA:682,Hyperkalemic periodic paralysis,27,0,23,58,58,3,0.0088,0.149
657,ORPHA:140952,Syndactyly-telecanthus-anogenital and renal malformations syndrome,28,1,16,51,51,1,0.0088,0.405
658,ORPHA:30,Hereditary orotic aciduria,16,0,10,15,15,0,0.0087,0.049
659,ORPHA:284,Alveolar echinococcosis,50,1,40,170,170,0,0.0087,0.079
660,ORPHA:96129,Distal deletion 19p syndrome,23,1,14,44,44,1,0.0087,0.324
661,ORPHA:2585,Ataxia-pancytopenia syndrome,18,0,17,58,58,0,0.0087,0.066
662,ORPHA:1008,Alopecia-epilepsy-pyorrhea-intellectual disability syndrome,14,2,11,29,29,0,0.0087,0.065
663,ORPHA:79303,Congenital bile acid synthesis defect type 2,27,0,17,98,98,3,0.0087,0.15
664,OMIM:607624,"Griscelli syndrome, type 2",12,0,8,16,16,0,0.0086,0.027
665,OMIM:612852,Interleukin 1 receptor antagonist deficiency,25,0,18,59,59,0,0.0086,0.047
666,OMIM:620971,"Myopathy with myalgia, increased serum creatine kinase, and with or without episodic rhabdomyolysis 2",16,0,10,35,35,0,0.0086,0.057
667,OMIM:616829,"Congenital disorder of glycosylation, type IIp",19,0,11,100,100,4,0.0086,0.143
668,ORPHA:99845,Genetic recurrent myoglobinuria,32,0,17,130,130,3,0.0086,0.151
669,ORPHA:494424,Extracranial carotid artery aneurysm,28,0,24,79,79,2,0.0086,0.134
670,ORPHA:99901,Acyl-CoA dehydrogenase 9 deficiency,29,0,18,109,109,4,0.0086,0.176
671,ORPHA:90349,Autosomal recessive cutis laxa type 1,37,2,28,90,90,1,0.0086,0.421
672,ORPHA:549,Legionnaires disease,42,1,35,148,148,1,0.0086,0.108
673,ORPHA:448237,Zika virus disease,33,0,23,105,105,0,0.0086,0.042
674,OMIM:246400,Letterer-Siwe disease,15,0,13,17,17,0,0.0085,0.03
675,OMIM:219700,Cystic fibrosis,31,0,13,125,125,2,0.0085,0.239
676,OMIM:269200,"Autoimmune polyendocrine syndrome, type II",20,1,11,41,41,0,0.0085,0.036
677,OMIM:617950,Combined oxidative phosphorylation deficiency 36,20,0,14,24,24,1,0.0085,0.162
678,ORPHA:1451,CINCA syndrome,44,0,38,129,129,0,0.0085,0.038
679,ORPHA:731,Autosomal recessive polycystic kidney disease,51,1,23,286,286,5,0.0085,0.144
680,ORPHA:64743,Hepatoportal sclerosis,30,0,16,150,150,0,0.0085,0.035
681,ORPHA:499009,Congenital syphilis,46,1,32,139,139,1,0.0085,0.216
682,OMIM:261680,"Phosphoenolpyruvate carboxykinase deficiency, cytosolic",21,0,14,53,53,2,0.0084,0.162
683,OMIM:235555,"Bile acid synthesis defect, congenital, 2",12,0,11,24,24,0,0.0084,0.028
684,OMIM:611376,Mungan syndrome,13,0,7,19,19,0,0.0084,0.026
685,OMIM:602390,"Hemochromatosis, type 2A",16,0,12,20,20,1,0.0084,0.131
686,ORPHA:37748,Schnitzler syndrome,21,0,20,41,41,0,0.0084,0.038
687,ORPHA:309031,Pancreatic triacylglycerol lipase deficiency,21,0,11,32,32,0,0.0084,0.025
688,ORPHA:1116,Aplasia cutis congenita-intestinal lymphangiectasia syndrome,13,0,11,13,13,0,0.0084,0.021
689,ORPHA:542323,T-cell based immunotherapy-associated cytokine release syndrome,31,0,22,62,62,0,0.0084,0.046
690,OMIM:249100,"Familial Mediterranean fever, AR",31,0,20,99,99,0,0.0083,0.033
691,ORPHA:238583,Hyperphenylalaninemia due to tetrahydrobiopterin deficiency,24,0,13,105,105,4,0.0083,0.155
692,ORPHA:188,Systemic capillary leak syndrome,23,0,18,36,36,0,0.0083,0.057
693,ORPHA:1855,Spondyloenchondrodysplasia,52,3,45,265,265,2,0.0083,0.441
694,ORPHA:589,Myasthenia gravis,45,0,22,182,182,0,0.0083,0.057
695,OMIM:620045,Intestinal dysmotility syndrome,14,1,8,12,12,0,0.0082,0.025
696,OMIM:607944,Spondyloenchondrodysplasia with immune dysregulation,52,3,28,416,416,0,0.0082,0.059
697,ORPHA:230,Dopamine beta-hydroxylase deficiency,28,0,21,48,48,2,0.0082,0.162
698,ORPHA:2643,"Microcephalic primordial dwarfism, Toriello type",18,0,15,36,36,1,0.0082,0.115
699,ORPHA:79128,Lymphoid interstitial pneumonia,34,0,23,157,157,0,0.0082,0.054
700,ORPHA:284426,Glycogen storage disease due to lactate dehydrogenase M-subunit deficiency,23,0,10,74,74,1,0.0082,0.131
701,ORPHA:83313,Boutonneuse fever,26,0,18,72,72,0,0.0082,0.044
702,OMIM:106100,"Angioedema, hereditary, 1",17,0,11,26,26,0,0.0081,0.047
703,OMIM:619079,Inflammatory bowel disease (Crohn disease) 30,12,0,6,66,66,0,0.0081,0.04
704,ORPHA:343,Hyperimmunoglobulinemia D with periodic fever,26,1,23,58,58,0,0.0081,0.057
705,ORPHA:79481,Pemphigus foliaceus,20,0,13,113,113,0,0.0081,0.045
706,ORPHA:567983,Parenteral nutrition-associated cholestasis,22,1,17,95,95,0,0.0081,0.066
707,ORPHA:873,Desmoid tumor,20,0,18,37,37,0,0.0081,0.057
708,ORPHA:1876,Oculogastrointestinal muscular dystrophy,13,0,9,25,25,0,0.0081,0.024
709,ORPHA:1818,"Ectodermal dysplasia, trichoodontoonychial type",12,1,8,30,30,1,0.0081,0.223
710,ORPHA:90340,Blau syndrome,46,0,33,198,198,0,0.0081,0.045
711,OMIM:615234,"Anemia, hypochromic microcytic, with iron overload 2",16,0,10,23,23,1,0.008,0.131
712,OMIM:251880,Mitochondrial DNA depletion syndrome 3 (hepatocerebral type),36,0,26,173,173,3,0.008,0.18
713,ORPHA:23,Argininosuccinic aciduria,51,0,32,267,267,10,0.008,0.141
714,ORPHA:51890,Anterior cutaneous nerve entrapment syndrome,17,2,11,25,25,0,0.008,0.028
715,ORPHA:91139,Simple cryoglobulinemia,55,1,37,312,312,3,0.008,0.267
716,ORPHA:33276,Kaposi sarcoma,26,0,25,49,49,0,0.008,0.04
717,ORPHA:100,Ataxia-telangiectasia,37,0,36,103,103,0,0.008,0.074
718,ORPHA:139417,Acute transverse myelitis,53,2,32,384,384,10,0.008,0.16
719,ORPHA:543,Burkitt lymphoma,14,1,11,36,36,0,0.008,0.057
720,ORPHA:71211,Neuromyelitis optica spectrum disorder,17,0,10,35,35,0,0.008,0.045
721,ORPHA:1667,Wolcott-Rallison syndrome,40,0,34,95,95,3,0.008,0.145
722,ORPHA:48104,Pyoderma gangrenosum,15,0,15,32,32,0,0.008,0.042
723,OMIM:607765,"Bile acid synthesis defect, congenital, 1",18,0,12,65,65,0,0.0079,0.033
724,ORPHA:56425,Cold agglutinin disease,14,0,14,13,13,0,0.0079,0.04
725,ORPHA:402823,Hepatitis delta,18,0,10,53,53,0,0.0079,0.035
726,OMIM:174900,Juvenile polyposis syndrome,14,0,9,38,38,1,0.0078,0.136
727,OMIM:254110,"Muscular dystrophy, limb-girdle, type 2H",22,0,11,120,120,5,0.0078,0.168
728,OMIM:120100,Familial cold inflammatory syndrome 1,18,0,15,24,24,0,0.0078,0.042
729,OMIM:266265,"Congenital disorder of glycosylation, type IIc",35,3,26,125,125,1,0.0078,0.189
730,OMIM:300861,"Intellectual developmental disorder, X-linked syndromic, Chudley-Schwartz type",20,0,13,40,40,2,0.0078,0.115
731,ORPHA:97280,Glucagonoma,42,0,24,235,235,0,0.0078,0.061
732,ORPHA:44890,Gastrointestinal stromal tumor,18,0,17,87,87,0,0.0078,0.057
733,ORPHA:79330,MOGS-CDG,44,0,30,101,101,3,0.0078,0.115
734,OMIM:613490,Alpha-1-Antitrypsin deficiency,16,0,6,48,48,1,0.0077,0.255
735,OMIM:619055,"Mitochondrial complex IV deficiency, nuclear type 12",30,0,19,103,103,4,0.0077,0.178
736,OMIM:612079,"Alopecia, neurologic defects, and endocrinopathy syndrome",20,1,14,36,36,1,0.0077,0.223
737,OMIM:601847,"Cholestasis, progressive familial intrahepatic 2",13,0,10,31,31,0,0.0077,0.026
738,ORPHA:79147,Familial reactive perforating collagenosis,15,0,8,58,58,0,0.0077,0.039
739,OMIM:610370,"Diarrhea 4, malabsorptive, congenital",30,1,18,209,209,4,0.0076,0.203
740,OMIM:210900,Bloom syndrome,42,0,28,131,131,2,0.0076,0.115
741,OMIM:615883,"Myopathy, tubular aggregate, 2",12,0,7,25,25,1,0.0076,0.167
742,ORPHA:95409,Acute adrenal insufficiency,44,0,23,104,104,4,0.0076,0.162
743,ORPHA:723,Pneumocystosis,23,1,14,103,103,0,0.0076,0.072
744,ORPHA:488,Urachal cyst,16,0,13,21,21,0,0.0076,0.032
745,OMIM:621433,Congenital myopathy 28 with rigid spine,15,0,10,46,46,0,0.0075,0.048
746,OMIM:254200,Myasthenia gravis,14,0,10,17,17,0,0.0075,0.046
747,OMIM:606054,Propionic acidemia,36,0,30,98,98,3,0.0075,0.18
748,ORPHA:171706,Short stature-delayed bone age due to thyroid hormone metabolism deficiency,18,0,12,23,23,1,0.0075,0.151
749,ORPHA:264580,Glycogen storage disease due to liver phosphorylase kinase deficiency,51,0,41,229,229,6,0.0075,0.178
750,ORPHA:163703,Febrile infection-related epilepsy syndrome,12,1,12,18,18,0,0.0075,0.048
751,ORPHA:457077,TAFRO syndrome,19,0,11,40,40,0,0.0075,0.028
752,ORPHA:158000,Juvenile xanthogranuloma,12,0,10,32,32,0,0.0075,0.034
753,OMIM:245150,Keutel syndrome,36,1,17,168,168,2,0.0074,0.242
754,OMIM:107320,"Antiphospholipid syndrome, familial",13,1,8,37,37,0,0.0074,0.033
755,OMIM:606593,LIG4 syndrome,31,0,20,75,75,1,0.0074,0.277
756,OMIM:609628,Majeed syndrome,18,0,13,29,29,0,0.0074,0.035
757,ORPHA:330058,Hydroa vacciniforme,17,0,10,53,53,0,0.0074,0.041
758,ORPHA:228308,"Carnitine palmitoyl transferase II deficiency, neonatal form",43,0,31,206,206,6,0.0074,0.176
759,ORPHA:244,Primary ciliary dyskinesia,46,1,29,218,218,2,0.0074,0.309
760,ORPHA:3124,Saccharopinuria,19,0,11,65,65,3,0.0074,0.108
761,ORPHA:732,Polymyositis,60,0,37,240,240,0,0.0074,0.053
762,ORPHA:251992,Ganglioneuroma,16,0,11,30,30,0,0.0074,0.051
763,ORPHA:31824,Colchicine poisoning,29,1,22,69,69,0,0.0074,0.057
764,OMIM:614739,"3-Methylglutaconic aciduria with deafness, encephalopathy, and leigh-like syndrome",30,0,25,126,126,4,0.0073,0.18
765,OMIM:603041,Mitochondrial DNA depletion syndrome 1 (MNGIE type),46,0,25,224,224,0,0.0073,0.06
766,OMIM:211600,"Cholestasis, progressive familial intrahepatic 1",16,0,13,31,31,0,0.0073,0.026
767,OMIM:621523,"Spondylocostal dysostosis 7, autosomal recessive",49,2,24,200,200,3,0.0073,0.299
768,ORPHA:178320,Acute lung injury,21,1,12,67,67,0,0.0073,0.099
769,ORPHA:3452,Whipple disease,47,0,37,155,155,0,0.0073,0.057
770,OMIM:229600,"Fructose intolerance, hereditary",30,0,19,168,168,4,0.0072,0.18
771,OMIM:617300,Lymphatic malformation 7,15,0,11,35,35,0,0.0072,0.029
772,ORPHA:275761,Lysosomal acid lipase deficiency,49,0,29,275,275,4,0.0072,0.136
773,ORPHA:423,Malignant hyperthermia of anesthesia,23,0,12,48,48,2,0.0072,0.131
774,ORPHA:2035,Lymphatic filariasis,33,1,23,117,117,0,0.0071,0.05
775,ORPHA:79480,Pemphigus erythematosus,14,0,6,46,46,0,0.0071,0.043
776,OMIM:212750,"Celiac disease, susceptibility to, 1",43,2,29,130,130,0,0.007,0.052
777,OMIM:248600,Maple syrup urine disease,22,0,16,63,63,2,0.007,0.162
778,OMIM:222470,Trichohepatoenteric syndrome 1,59,1,29,198,198,6,0.007,0.149
779,ORPHA:369,Glycogen storage disease due to liver glycogen phosphorylase deficiency,28,0,20,65,65,1,0.007,0.176
780,ORPHA:263501,COG4-CDG,33,1,19,82,82,2,0.007,0.131
781,ORPHA:294023,Neonatal erythroderma-autoinflammation-inflammatory bowel disease syndrome,18,0,10,64,64,0,0.007,0.044
782,ORPHA:2038,Pulmonary arteriovenous malformation,28,0,19,99,99,1,0.007,0.107
783,ORPHA:35122,Congenital sucrase-isomaltase deficiency,14,0,9,69,69,0,0.007,0.026
784,ORPHA:64744,IgG4-related thyroid disease,23,0,15,67,67,0,0.007,0.045
785,ORPHA:314637,Mitochondrial hypertrophic cardiomyopathy with lactic acidosis due to MTO1 deficiency,18,0,12,31,31,1,0.007,0.162
786,OMIM:615966,Immunodeficiency 26 with or without neurologic abnormalities,26,3,12,67,67,0,0.0069,0.064
787,ORPHA:75233,Wolman disease,17,0,11,40,40,0,0.0069,0.027
788,ORPHA:1334,Chronic mucocutaneous candidiasis,31,1,28,89,89,0,0.0069,0.046
789,ORPHA:1018,X-linked Alport syndrome-diffuse leiomyomatosis,39,0,28,143,143,0,0.0069,0.061
790,ORPHA:79102,Thyrotoxic periodic paralysis,39,0,20,120,120,5,0.0069,0.145
791,ORPHA:79086,Acquired generalized lipodystrophy,28,0,20,59,59,0,0.0069,0.057
792,ORPHA:575,Muckle-Wells syndrome,37,1,29,70,70,0,0.0069,0.042
793,ORPHA:507,Leishmaniasis,25,0,21,49,49,0,0.0069,0.037
794,OMIM:258360,Onychotrichodysplasia and neutropenia,14,0,5,34,34,0,0.0068,0.035
795,OMIM:614741,Mitochondrial pyruvate carrier deficiency,18,0,13,29,29,1,0.0068,0.162
796,OMIM:610768,"Congenital disorder of glycosylation, type Im",22,0,15,35,35,1,0.0068,0.143
797,OMIM:613471,Reynolds syndrome,26,0,13,74,74,0,0.0068,0.037
798,OMIM:607616,"Niemann-pick disease, type B",21,0,12,34,34,0,0.0068,0.052
799,ORPHA:99824,Lassa fever,27,0,24,40,40,0,0.0068,0.037
800,ORPHA:411593,Insulin autoimmune syndrome,13,0,6,27,27,0,0.0068,0.064
801,ORPHA:101330,Porphyria cutanea tarda,38,2,24,179,179,3,0.0068,0.147
802,ORPHA:545,Follicular lymphoma,17,0,13,21,21,0,0.0068,0.017
803,ORPHA:509,Leptospirosis,40,0,30,140,140,0,0.0068,0.043
804,OMIM:214900,Cholestasis-Lymphedema syndrome,12,0,9,27,27,0,0.0067,0.036
805,OMIM:278000,Lysosomal acid lipase deficiency,37,0,17,245,245,0,0.0067,0.028
806,OMIM:617308,"Bile acid synthesis defect, congenital, 6",13,0,8,27,27,1,0.0067,0.141
807,OMIM:615139,"Facial dysmorphism, immunodeficiency, livedo, and short stature",13,0,7,20,20,0,0.0067,0.041
808,OMIM:618849,Bone marrow failure syndrome 6,13,0,6,20,20,0,0.0067,0.028
809,OMIM:615947,"Hyperlipoproteinemia, type ID",14,0,8,23,23,0,0.0067,0.043
810,ORPHA:381,Griscelli syndrome,36,0,31,119,119,0,0.0067,0.056
811,ORPHA:93672,Juvenile dermatomyositis,45,0,39,151,151,0,0.0067,0.057
812,ORPHA:2924,Isolated polycystic liver disease,22,0,16,61,61,0,0.0067,0.051
813,OMIM:270300,Peeling skin syndrome 1,12,0,10,34,34,0,0.0066,0.036
814,OMIM:613280,Hypermanganesemia with dystonia 1,20,0,12,65,65,2,0.0066,0.131
815,OMIM:609734,"Obesity, early-onset, with adrenal insufficiency and red hair",13,0,6,31,31,1,0.0066,0.157
816,ORPHA:79432,Oculocutaneous albinism type 2,24,0,12,133,133,3,0.0066,0.246
817,ORPHA:79241,Biotinidase deficiency,38,1,32,132,132,0,0.0066,0.048
818,OMIM:605911,HMG-CoA synthase-2 deficiency,20,0,13,82,82,2,0.0065,0.162
819,OMIM:620953,"Methylmalonic aciduria, cblD type",16,0,10,29,29,1,0.0065,0.108
820,OMIM:181000,"Sarcoidosis, susceptibility to, 1",41,0,28,165,165,0,0.0065,0.04
821,OMIM:616050,Autoinflammation with infantile enterocolitis,27,0,18,79,79,0,0.0065,0.038
822,OMIM:617174,"Ehlers-Danlos syndrome, periodontal type, 2",18,0,9,40,40,0,0.0065,0.061
823,ORPHA:83450,Regional odontodysplasia,24,1,14,254,254,0,0.0065,0.048
824,ORPHA:42,Medium chain acyl-CoA dehydrogenase deficiency,37,0,30,137,137,3,0.0065,0.18
825,ORPHA:220393,Diffuse cutaneous systemic sclerosis,26,0,19,39,39,0,0.0065,0.027
826,ORPHA:157,Carnitine palmitoyltransferase II deficiency,42,0,29,163,163,5,0.0065,0.176
827,ORPHA:111,Barth syndrome,40,0,21,88,88,3,0.0065,0.143
828,ORPHA:70568,Post-transplant lymphoproliferative disease,16,0,11,24,24,0,0.0065,0.028
829,ORPHA:552,MODY,24,0,11,62,62,2,0.0065,0.161
830,OMIM:212140,"Carnitine deficiency, systemic primary",35,0,26,132,132,3,0.0064,0.163
831,OMIM:618885,"Congenital disorder of glycosylation, type IIt",43,0,19,161,161,4,0.0064,0.388
832,OMIM:615453,"Mitochondrial complex III deficiency, nuclear type 6",21,0,17,83,83,2,0.0064,0.18
833,OMIM:602473,"Encephalopathy, ethylmalonic",21,1,13,46,46,1,0.0064,0.131
834,OMIM:613812,"Bile acid synthesis defect, congenital, 3",20,0,11,102,102,0,0.0064,0.028
835,OMIM:130080,"Ehlers-Danlos syndrome, periodontal type, 1",31,0,16,104,104,0,0.0064,0.089
836,OMIM:615501,"Molybdenum cofactor deficiency, complementation group C",21,0,11,61,61,1,0.0064,0.127
837,OMIM:619172,Hermansky-Pudlak syndrome 11,16,1,5,42,42,1,0.0064,0.223
838,OMIM:618635,Siddiqi syndrome,12,0,10,16,16,0,0.0063,0.019
839,ORPHA:35878,Hyperinsulinism-hyperammonemia syndrome,12,0,5,31,31,1,0.0063,0.143
840,ORPHA:685082,Pediatric acute respiratory distress syndrome,16,1,13,35,35,0,0.0063,0.099
841,ORPHA:97283,Somatostatinoma,35,0,19,244,244,0,0.0063,0.057
842,ORPHA:508542,Congenital progressive bone marrow failure-B-cell immunodeficiency-skeletal dysplasia syndrome,38,1,23,136,136,0,0.0063,0.04
843,ORPHA:3348,Tracheobronchopathia osteochondroplastica,23,2,18,142,142,1,0.0063,0.31
844,ORPHA:454831,Acute radiation syndrome,24,0,24,41,41,0,0.0063,0.025
845,ORPHA:100079,Neuroendocrine neoplasm of appendix,30,0,10,161,161,0,0.0063,0.027
846,ORPHA:100078,Ileal neuroendocrine tumor,31,0,13,107,107,0,0.0063,0.027
847,ORPHA:2902,Idiopathic chronic eosinophilic pneumonia,27,0,17,107,107,0,0.0063,0.048
848,ORPHA:568051,GJC2-related late-onset primary lymphedema,13,1,7,20,20,0,0.0063,0.032
849,OMIM:246700,Chylomicron retention disease,14,0,8,20,20,0,0.0062,0.025
850,OMIM:175500,"Polyposis, skin pigmentation, alopecia, and fingernail changes",26,0,18,52,52,0,0.0062,0.034
851,OMIM:614034,Heme oxygenase-1 deficiency,23,0,11,57,57,0,0.0062,0.035
852,OMIM:616026,Fanconi renotubular syndrome 4 with maturity-onset diabetes of the young,17,0,12,71,71,2,0.0062,0.162
853,ORPHA:60033,Idiopathic bronchiectasis,19,1,12,69,69,0,0.0062,0.075
854,ORPHA:251380,Hereditary persistence of fetal hemoglobin-sickle cell disease syndrome,13,0,6,20,20,0,0.0062,0.026
855,ORPHA:86893,Nodular lymphocyte predominant Hodgkin lymphoma,14,0,13,12,12,0,0.0062,0.03
856,ORPHA:556,Malakoplakia,27,0,21,72,72,0,0.0062,0.04
857,ORPHA:163525,Subacute cutaneous lupus erythematosus,19,0,9,90,90,0,0.0062,0.037
858,OMIM:602347,"Cholestasis, progressive familial intrahepatic, 3",15,0,11,59,59,0,0.0061,0.027
859,OMIM:614325,Pitt-Hopkins-Like syndrome 2,16,0,9,15,15,0,0.0061,0.024
860,ORPHA:276580,Autosomal dominant hyperinsulinism due to Kir6.2 deficiency,28,0,12,90,90,3,0.0061,0.143
861,ORPHA:90186,Meige disease,21,1,12,65,65,0,0.0061,0.027
862,ORPHA:465508,Symptomatic form of HFE-related hemochromatosis,44,0,28,130,130,3,0.0061,0.151
863,ORPHA:420556,Visual snow syndrome,23,1,11,117,117,1,0.0061,0.448
864,ORPHA:2907,Hereditary acrokeratotic poikiloderma,47,1,36,301,301,3,0.0061,0.33
865,ORPHA:263665,NK-cell enteropathy,14,1,7,59,59,0,0.0061,0.046
866,OMIM:619902,Hepatorenocardiac degenerative fibrosis,16,0,7,39,39,0,0.006,0.017
867,OMIM:608600,"Lipodystrophy, familial partial, type 1",17,0,11,34,34,1,0.006,0.157
868,OMIM:208540,Renal-hepatic-pancreatic dysplasia 1,31,0,11,160,160,0,0.006,0.018
869,OMIM:621367,Cardiac conduction disease with or without cardiomyopathy 2,21,0,13,171,171,0,0.006,0.047
870,OMIM:619377,Osteootohepatoenteric syndrome,31,0,19,80,80,1,0.006,0.145
871,ORPHA:75234,Cholesteryl ester storage disease,13,0,10,31,31,0,0.006,0.028
872,ORPHA:293812,Fixed drug eruption,18,0,10,51,51,0,0.006,0.03
873,ORPHA:91546,Lyme disease,24,0,21,59,59,0,0.006,0.023
874,ORPHA:353253,Burning mouth syndrome,17,0,7,82,82,0,0.006,0.061
875,ORPHA:626,Large/giant congenital melanocytic nevus,21,1,14,76,76,1,0.006,0.267
876,ORPHA:704,Pemphigus vulgaris,20,0,12,50,50,0,0.006,0.053
877,ORPHA:454,Acquired ichthyosis,15,1,12,37,37,0,0.006,0.059
878,OMIM:300555,Dent disease 2,15,0,8,41,41,1,0.0059,0.159
879,OMIM:612132,Ectodermal dysplasia and immunodeficiency 2,18,1,10,36,36,0,0.0059,0.038
880,OMIM:619463,"Portal hypertension, noncirrhotic, 2",16,0,10,33,33,0,0.0059,0.03
881,ORPHA:330064,Chronic actinic dermatitis,12,0,7,58,58,0,0.0059,0.043
882,ORPHA:1333,Familial pancreatic carcinoma,24,0,12,123,123,0,0.0059,0.046
883,ORPHA:319251,Rift valley fever,43,0,35,193,193,1,0.0059,0.117
884,ORPHA:398124,Neonatal lupus erythematosus,35,0,30,108,108,0,0.0059,0.054
885,ORPHA:444490,Familial chylomicronemia syndrome,21,0,12,50,50,0,0.0059,0.07
886,OMIM:167320,Inclusion body myopathy with early-onset paget disease with or without frontotemporal dementia 1,32,0,21,228,228,6,0.0058,0.185
887,ORPHA:97278,PPoma,32,0,19,248,248,0,0.0058,0.057
888,ORPHA:178481,Intestinal botulism,12,0,10,11,11,0,0.0058,0.028
889,ORPHA:1493,Vici syndrome,34,0,30,82,82,0,0.0058,0.053
890,ORPHA:98870,Congenital dyserythropoietic anemia type III,20,0,11,61,61,2,0.0058,0.145
891,ORPHA:79301,Congenital bile acid synthesis defect type 1,16,0,15,32,32,0,0.0058,0.026
892,ORPHA:158014,Rosaï-Dorfman disease,12,0,12,13,13,0,0.0058,0.045
893,OMIM:610199,"Diabetes mellitus, neonatal, with congenital hypothyroidism",37,0,16,109,109,0,0.0057,0.035
894,OMIM:619418,"Infantile-onset multisystem neurologic, endocrine, and pancreatic disease 2",51,0,35,181,181,2,0.0057,0.168
895,OMIM:617395,"Congenital disorder of glycosylation, type IIq",12,0,7,29,29,1,0.0057,0.131
896,OMIM:604173,Poikiloderma with neutropenia,39,0,22,242,242,0,0.0057,0.042
897,OMIM:619868,"Cholestasis, progressive familial intrahepatic, 10",16,0,7,48,48,0,0.0057,0.035
898,OMIM:608709,"Lipodystrophy, partial, acquired, susceptibility to",14,0,9,25,25,0,0.0057,0.035
899,OMIM:602579,"Congenital disorder of glycosylation, type Ib",24,0,15,54,54,0,0.0057,0.028
900,ORPHA:101077,X-linked Charcot-Marie-Tooth disease type 3,27,2,17,137,137,1,0.0057,0.471
901,ORPHA:79430,Hermansky-Pudlak syndrome,39,1,31,141,141,2,0.0057,0.273
902,ORPHA:353298,Roifman syndrome,38,0,18,140,140,0,0.0057,0.056
903,ORPHA:99772,Cleft velum,13,0,6,15,15,0,0.0057,0.034
904,ORPHA:79277,Congenital erythropoietic porphyria,50,1,29,250,250,4,0.0057,0.152
905,OMIM:607143,"Congenital disorder of glycosylation, type Ig",48,0,28,142,142,2,0.0056,0.115
906,OMIM:610377,Mevalonic aciduria,50,0,29,159,159,0,0.0056,0.042
907,OMIM:603903,Sickle cell anemia,19,0,14,38,38,0,0.0056,0.027
908,OMIM:620012,"Developmental delay, hypotonia, and impaired language",22,0,18,47,47,0,0.0056,0.029
909,OMIM:620365,"Pulmonary fibrosis and/or bone marrow failure syndrome, telomere-related, 7",13,0,10,11,11,0,0.0056,0.018
910,OMIM:235200,"Hemochromatosis, type 1",26,0,19,60,60,1,0.0056,0.131
911,OMIM:618641,Infantile liver failure syndrome 3,18,0,16,36,36,0,0.0056,0.018
912,ORPHA:79456,Diffuse cutaneous mastocytosis,31,0,24,133,133,0,0.0056,0.035
913,ORPHA:90060,Diffuse alveolar hemorrhage,34,0,25,119,119,0,0.0056,0.047
914,ORPHA:206572,Overlap myositis,40,0,27,131,131,0,0.0056,0.042
915,ORPHA:761,Immunoglobulin A vasculitis,34,0,26,103,103,0,0.0056,0.051
916,ORPHA:294415,Renal-hepatic-pancreatic dysplasia,34,0,17,134,134,0,0.0056,0.02
917,ORPHA:100075,Neuroendocrine tumor of stomach,32,0,12,151,151,0,0.0056,0.027
918,ORPHA:231401,Alpha-thalassemia-myelodysplastic syndrome,12,0,10,34,34,0,0.0056,0.032
919,OMIM:215600,"Cirrhosis, familial",14,0,8,32,32,0,0.0055,0.022
920,OMIM:601198,"Hypocalcemia, autosomal dominant 1",17,0,8,28,28,0,0.0055,0.036
921,OMIM:617575,"Nephrotic syndrome, type 14",31,0,23,92,92,2,0.0055,0.168
922,OMIM:265300,"Lymphangiectasia, pulmonary, congenital",22,0,10,54,54,0,0.0055,0.029
923,ORPHA:1467,Cogan syndrome,20,0,13,57,57,0,0.0055,0.03
924,ORPHA:1414,Cholestasis-lymphedema syndrome,20,0,17,71,71,0,0.0055,0.027
925,ORPHA:1031,Enamel-renal syndrome,26,0,14,132,132,0,0.0055,0.061
926,ORPHA:498359,Aquagenic palmoplantar keratoderma,12,0,4,33,33,0,0.0055,0.032
927,ORPHA:505395,Ventilator-induced diaphragmatic dysfunction,14,1,9,25,25,1,0.0055,0.115
928,ORPHA:26791,Multiple acyl-CoA dehydrogenase deficiency,58,0,35,276,276,4,0.0055,0.205
929,OMIM:615710,Mitchell-Riley syndrome,18,0,10,97,97,1,0.0054,0.167
930,OMIM:600803,Gallbladder disease 1,12,1,8,46,46,0,0.0054,0.014
931,OMIM:614482,"Congenital cataracts, hearing loss, and neurodegeneration",14,0,9,30,30,1,0.0054,0.131
932,ORPHA:74,Angiostrongyliasis,39,0,27,161,161,0,0.0054,0.032
933,ORPHA:213,Cystinosis,56,0,42,296,296,4,0.0054,0.162
934,ORPHA:84064,Trichohepatoenteric syndrome,52,0,32,197,197,0,0.0054,0.04
935,ORPHA:583861,Isolated mesenteric vein thrombosis,19,0,15,67,67,0,0.0054,0.028
936,ORPHA:2584,Classic mycosis fungoides,29,0,25,160,160,0,0.0054,0.048
937,ORPHA:542643,Livedoid vasculopathy,49,1,29,255,255,0,0.0054,0.057
938,ORPHA:79319,MPI-CDG,20,0,13,56,56,0,0.0054,0.028
939,OMIM:619750,Immunodeficiency 94 with autoinflammation and dysmorphic facies,29,0,14,71,71,0,0.0053,0.054
940,OMIM:277440,"Rickets, vitamin D-resistant, type IIA",44,1,22,341,341,4,0.0053,0.64
941,OMIM:612716,"Dystonia, dopa-responsive, due to sepiapterin reductase deficiency",24,0,14,135,135,1,0.0053,0.155
942,OMIM:613662,Mitochondrial DNA depletion syndrome 4B (mngie type),28,0,16,75,75,0,0.0053,0.028
943,OMIM:604484,"Neuropathy, hereditary motor and sensory, Okinawa type",18,0,14,72,72,2,0.0053,0.163
944,ORPHA:33,Isovaleric acidemia,29,0,23,115,115,2,0.0053,0.158
945,ORPHA:435934,COG2-CDG,13,0,7,30,30,1,0.0053,0.131
946,ORPHA:286,Vascular Ehlers-Danlos syndrome,47,1,25,184,184,1,0.0053,0.259
947,ORPHA:1267,Botulism,18,0,14,25,25,0,0.0053,0.028
948,ORPHA:98897,Oculopharyngodistal myopathy,36,2,18,190,190,4,0.0053,0.2
949,ORPHA:319213,Lujo hemorrhagic fever,59,0,40,263,263,0,0.0053,0.051
950,ORPHA:412035,13q12.3 microdeletion syndrome,30,0,21,63,63,0,0.0053,0.049
951,ORPHA:528623,Hereditary angioedema with C1Inh deficiency,22,0,10,49,49,0,0.0053,0.038
952,ORPHA:309288,"Alpha-mannosidosis, adult form",30,1,20,109,109,2,0.0053,0.167
953,ORPHA:1656,Dermatitis herpetiformis,26,0,17,63,63,0,0.0053,0.048
954,ORPHA:99745,Typhoid,27,0,27,62,62,0,0.0053,0.031
955,OMIM:601678,"Bartter syndrome, type 1, antenatal",41,0,20,160,160,4,0.0052,0.136
956,OMIM:301110,"Hemolytic uremic syndrome, atypical, 8, with rhizomelic short stature",27,1,14,62,62,0,0.0052,0.032
957,OMIM:616000,Analbuminemia,13,0,8,12,12,0,0.0052,0.009
958,OMIM:230400,Galactosemia,29,2,17,112,112,0,0.0052,0.054
959,OMIM:618097,"Microcephaly, growth restriction, and increased sister chromatid exchange 2",13,0,8,12,12,0,0.0052,0.035
960,ORPHA:33226,Waldenström macroglobulinemia,45,0,37,192,192,0,0.0052,0.036
961,ORPHA:156,Carnitine palmitoyl transferase 1A deficiency,21,0,19,44,44,1,0.0052,0.162
962,ORPHA:173,Cholera,33,1,25,69,69,0,0.0052,0.057
963,ORPHA:160,Castleman disease,29,0,18,57,57,0,0.0052,0.027
964,ORPHA:33001,Lymphedema-distichiasis syndrome,26,2,19,58,58,1,0.0052,0.182
965,OMIM:301072,Neurodevelopmental disorder with epilepsy and hemochromatosis,45,0,31,197,197,4,0.0051,0.131
966,OMIM:313850,Thoracoabdominal syndrome,14,0,11,11,11,0,0.0051,0.024
967,OMIM:602088,Nephronophthisis 2,17,0,2,30,30,1,0.0051,0.131
968,OMIM:620184,Atelis syndrome 1,32,0,19,64,64,0,0.0051,0.038
969,OMIM:620609,Long-Olsen-Distelmaier syndrome,27,0,13,50,50,1,0.0051,0.18
970,OMIM:619073,"Vitamin d-dependent rickets, type 3",13,0,8,25,25,0,0.0051,0.052
971,OMIM:620962,"Cholestasis, progressive familial intrahepatic, 13",48,0,27,247,247,0,0.0051,0.035
972,OMIM:616828,"Congenital disorder of glycosylation, type IIO",23,0,14,61,61,0,0.0051,0.018
973,OMIM:201450,"Acyl-Coa dehydrogenase, medium-chain, deficiency of",18,0,13,59,59,1,0.0051,0.172
974,OMIM:616860,"Anemia, sideroblastic, 3, pyridoxine-refractory",15,0,8,35,35,0,0.0051,0.018
975,ORPHA:97261,GRFoma,38,0,23,314,314,0,0.0051,0.057
976,ORPHA:65682,Benign recurrent intrahepatic cholestasis,16,0,12,58,58,0,0.0051,0.013
977,ORPHA:298,Mitochondrial neurogastrointestinal encephalomyopathy,48,1,29,233,233,0,0.0051,0.06
978,ORPHA:99921,Chronic graft versus host disease,53,0,37,188,188,0,0.0051,0.035
979,ORPHA:108,Babesiosis,31,1,23,57,57,0,0.0051,0.03
980,ORPHA:137681,Hepatoencephalopathy due to combined oxidative phosphorylation defect type 1,21,0,19,51,51,1,0.0051,0.162
981,ORPHA:86816,Congenital analbuminemia,18,0,11,39,39,0,0.0051,0.05
982,ORPHA:324625,Chikungunya,51,0,33,236,236,0,0.0051,0.045
983,ORPHA:2929,Juvenile polyposis syndrome,52,1,25,367,367,3,0.0051,0.504
984,ORPHA:567546,Idiopathic steroid-sensitive nephrotic syndrome with secondary steroid resistance,28,0,19,95,95,0,0.0051,0.045
985,ORPHA:158057,Acquired hemophagocytic lymphohistiocytosis associated with malignant disease,39,1,22,287,287,0,0.0051,0.038
986,OMIM:616843,"Lymphedema, hereditary, III",31,0,21,70,70,0,0.005,0.029
987,OMIM:617050,Hermansky-Pudlak syndrome 10,27,0,18,56,56,0,0.005,0.043
988,OMIM:620233,"Respiratory infections, recurrent, and failure to thrive with or without diarrhea",38,0,23,158,158,0,0.005,0.033
989,OMIM:277460,Ataxia with isolated vitamin E deficiency,21,0,10,112,112,3,0.005,0.141
990,ORPHA:3217,Deafness-small bowel diverticulosis-neuropathy syndrome,16,0,11,13,13,0,0.005,0.023
991,ORPHA:134,Beta-ketothiolase deficiency,42,0,33,196,196,4,0.005,0.18
992,ORPHA:90033,"Autoimmune hemolytic anemia, warm type",27,1,14,59,59,0,0.005,0.038
993,ORPHA:206549,Anoctamin-5-related limb-girdle muscular dystrophy R12,35,0,20,437,437,9,0.005,0.175
994,ORPHA:251004,Paternal uniparental disomy of chromosome 1 syndrome,29,1,18,57,57,1,0.005,0.131
995,ORPHA:701,Alopecia universalis,13,0,9,32,32,0,0.005,0.045
996,ORPHA:140896,Severe acute respiratory syndrome,16,0,13,30,30,0,0.005,0.034
997,OMIM:620515,"Neurodevelopmental disorder with motor regression, progressive spastic paraplegia, and oromotor dysfunction",13,0,11,56,56,0,0.0049,0.016
998,OMIM:615486,Interstitial lung and liver disease,27,0,22,65,65,0,0.0049,0.026
999,OMIM:618637,Oculopharyngeal myopathy with leukoencephalopathy 1,12,0,11,15,15,0,0.0049,0.06
1000,OMIM:614457,"Ichthyosis, spastic quadriplegia, and impaired intellectual development",25,1,16,94,94,1,0.0049,0.31
1001,ORPHA:83469,Desmoplastic small round cell tumor,18,0,16,45,45,0,0.0049,0.026
1002,ORPHA:57,Glycogen storage disease due to aldolase A deficiency,21,0,12,38,38,1,0.0049,0.131
1003,ORPHA:99825,Nipah virus disease,17,1,14,27,27,0,0.0049,0.025
1004,ORPHA:2791,Otodental syndrome,26,0,12,155,155,0,0.0049,0.066
1005,ORPHA:137817,Arachnoiditis,15,0,13,18,18,0,0.0049,0.019
1006,ORPHA:83597,Acute disseminated encephalomyelitis,53,4,38,719,719,11,0.0049,0.189
1007,ORPHA:2869,Peutz-Jeghers syndrome,33,0,24,204,204,0,0.0049,0.057
1008,ORPHA:2342,Haim-Munk syndrome,17,1,9,49,49,0,0.0049,0.079
1009,ORPHA:26792,Short chain acyl-CoA dehydrogenase deficiency,24,0,19,52,52,1,0.0049,0.176
1010,OMIM:607626,"Ichthyosis, leukocyte vacuoles, alopecia, and sclerosing cholangitis",25,0,19,120,120,0,0.0048,0.04
1011,OMIM:619269,Ondontochondrodysplasia 2 with hearing loss and diabetes,26,0,19,66,66,0,0.0048,0.059
1012,OMIM:248360,Malonyl-CoA decarboxylase deficiency,24,0,16,50,50,1,0.0048,0.162
1013,OMIM:257200,"Niemann-Pick disease, type A",37,1,25,111,111,0,0.0048,0.052
1014,OMIM:222700,Lysinuric protein intolerance,40,0,28,100,100,1,0.0048,0.108
1015,ORPHA:99829,Yellow fever,47,0,29,190,190,0,0.0048,0.038
1016,ORPHA:38874,Dihydropyrimidinuria,20,0,12,39,39,0,0.0048,0.024
1017,ORPHA:209964,Solitary rectal ulcer syndrome,16,0,8,59,59,0,0.0048,0.024
1018,ORPHA:79479,Pemphigus vegetans,25,0,12,160,160,0,0.0048,0.043
1019,ORPHA:93126,Pauci-immune glomerulonephritis,35,0,24,113,113,0,0.0048,0.043
1020,ORPHA:89937,Autosomal dominant hypophosphatemic rickets,15,0,10,26,26,0,0.0048,0.052
1021,ORPHA:480864,Recurrent metabolic encephalomyopathic crises-rhabdomyolysis-cardiac arrhythmia-intellectual disability syndrome,51,0,36,439,439,6,0.0048,0.205
1022,ORPHA:77259,Gaucher disease type 1,49,0,28,231,231,0,0.0048,0.035
1023,ORPHA:79084,"Familial partial lipodystrophy, Köbberling type",12,0,10,11,11,0,0.0048,0.018
1024,ORPHA:2088,Fanconi-Bickel syndrome,31,0,17,185,185,3,0.0048,0.151
1025,OMIM:618329,Combined oxidative phosphorylation deficiency 37,36,0,23,114,114,2,0.0047,0.162
1026,OMIM:619351,Megacystis-microcolon-intestinal hypoperistalsis syndrome 2,21,0,12,35,35,0,0.0047,0.037
1027,OMIM:612562,Diamond-Blackfan anemia 7,28,0,18,43,43,0,0.0047,0.032
1028,OMIM:617056,"Tubulointerstitial kidney disease, autosomal dominant, 5",40,1,15,172,172,3,0.0047,0.131
1029,OMIM:163200,Schimmelpenning-Feuerstein-Mims syndrome,31,1,24,63,63,1,0.0047,0.205
1030,OMIM:615066,"Osteogenesis imperfecta, type XIV",19,0,15,50,50,1,0.0047,0.149
1031,OMIM:620642,"Ciliary dyskinesia, primary, 53",17,0,8,68,68,1,0.0047,0.162
1032,OMIM:621558,"Retinal dystrophy, Zeitz-Han type",42,2,27,861,861,5,0.0047,0.405
1033,ORPHA:97282,VIPoma,40,0,23,235,235,0,0.0047,0.029
1034,ORPHA:97352,Pellagra,43,0,26,200,200,0,0.0047,0.051
1035,ORPHA:30391,Isolated biliary atresia,28,0,16,92,92,0,0.0047,0.025
1036,ORPHA:85408,Rheumatoid factor-negative polyarticular juvenile idiopathic arthritis,31,0,19,174,174,0,0.0047,0.037
1037,ORPHA:466677,Scorpion envenomation,58,0,41,302,302,4,0.0047,0.151
1038,ORPHA:100082,Neuroendocrine tumor of anal canal,25,0,10,104,104,0,0.0047,0.024
1039,ORPHA:100081,Neuroendocrine tumor of the rectum,25,0,10,104,104,0,0.0047,0.024
1040,ORPHA:681,Hypokalemic periodic paralysis,20,0,9,70,70,2,0.0047,0.143
1041,ORPHA:50251,Pleural mesothelioma,17,0,15,27,27,0,0.0047,0.021
1042,ORPHA:77292,Infantile neurovisceral acid sphingomyelinase deficiency,27,1,16,54,54,0,0.0047,0.031
1043,ORPHA:2136,Hennekam syndrome,51,0,34,201,201,0,0.0047,0.066
1044,ORPHA:2241,Megacystis-microcolon-intestinal hypoperistalsis syndrome,16,0,10,35,35,0,0.0047,0.026
1045,ORPHA:79242,Holocarboxylase synthetase deficiency,20,0,16,22,22,0,0.0047,0.035
1046,OMIM:606842,Cardioneuromyopathy with hyaline masses and nemaline rods,13,0,8,15,15,0,0.0046,0.052
1047,OMIM:557000,Pearson marrow-pancreas syndrome,37,0,21,143,143,0,0.0046,0.035
1048,OMIM:615415,Renal-Hepatic-Pancreatic dysplasia 2,19,0,9,34,34,0,0.0046,0.018
1049,ORPHA:2897,Pityriasis rubra pilaris,14,0,12,66,66,0,0.0046,0.043
1050,ORPHA:85450,Hereditary amyloidosis with primary renal involvement,43,0,27,246,246,0,0.0046,0.057
1051,ORPHA:182,Chromomycosis,33,0,24,136,136,0,0.0046,0.037
1052,ORPHA:92050,Congenital tufting enteropathy,26,0,16,81,81,0,0.0046,0.026
1053,ORPHA:79327,ALG1-CDG,33,0,26,68,68,1,0.0046,0.126
1054,ORPHA:464343,Catastrophic antiphospholipid syndrome,49,0,26,223,223,0,0.0046,0.049
1055,ORPHA:79273,Hereditary coproporphyria,31,1,19,73,73,1,0.0046,0.147
1056,OMIM:614921,"Congenital disorder of glycosylation, type It",46,0,28,120,120,1,0.0045,0.178
1057,OMIM:263200,Polycystic kidney disease 4 with or without polycystic liver disease,22,0,8,67,67,0,0.0045,0.018
1058,OMIM:210200,3-Methylcrotonyl-CoA carboxylase 1 deficiency,55,0,33,446,446,6,0.0045,0.18
1059,ORPHA:542592,Necrobiosis lipoidica,21,0,19,74,74,0,0.0045,0.033
1060,ORPHA:90646,Deafness-hypogonadism syndrome,18,2,11,27,27,0,0.0045,0.056
1061,ORPHA:330015,Lead poisoning,60,1,46,317,317,4,0.0045,0.151
1062,ORPHA:3202,Dehydrated hereditary stomatocytosis,27,0,10,133,133,3,0.0045,0.145
1063,ORPHA:133,Chronic beryllium disease,19,0,14,81,81,0,0.0045,0.036
1064,ORPHA:158668,Ectodermal dysplasia-skin fragility syndrome,26,1,19,76,76,2,0.0045,0.111
1065,ORPHA:85435,Rheumatoid factor-positive polyarticular juvenile idiopathic arthritis,19,0,10,82,82,0,0.0045,0.037
1066,ORPHA:2583,Mycetoma,29,0,22,110,110,0,0.0045,0.035
1067,ORPHA:98849,Systemic mastocytosis with associated hematologic neoplasm,45,0,33,244,244,0,0.0045,0.03
1068,ORPHA:3143,Autoimmune polyendocrinopathy type 2,12,0,6,25,25,0,0.0045,0.03
1069,ORPHA:1897,EEM syndrome,16,1,13,39,39,0,0.0045,0.03
1070,ORPHA:48818,Aceruloplasminemia,39,0,27,249,249,6,0.0045,0.131
1071,ORPHA:1187,Lethal ataxia with deafness and optic atrophy,30,0,19,100,100,2,0.0045,0.169
1072,ORPHA:514,Acute monoblastic/monocytic leukemia,20,0,11,27,27,0,0.0045,0.026
1073,ORPHA:79140,Cutaneous neuroendocrine carcinoma,16,0,11,58,58,0,0.0045,0.027
1074,ORPHA:43393,Lambert-Eaton myasthenic syndrome,16,0,5,16,16,0,0.0045,0.03
1075,ORPHA:447,Paroxysmal nocturnal hemoglobinuria,44,0,22,192,192,3,0.0045,0.131
1076,OMIM:603278,Focal segmental glomerulosclerosis 1,12,0,7,20,20,0,0.0044,0.024
1077,OMIM:614602,Trichohepatoenteric syndrome 2,23,0,13,46,46,0,0.0044,0.03
1078,OMIM:301220,"Pigmentary disorder, reticulate, with systemic manifestations, X-linked",23,0,12,39,39,0,0.0044,0.032
1079,OMIM:616323,"Myasthenic syndrome, congenital, 3C, associated with acetylcholine receptor deficiency",12,0,10,14,14,0,0.0044,0.028
1080,ORPHA:172,Progressive familial intrahepatic cholestasis,14,0,14,13,13,0,0.0044,0.01
1081,ORPHA:49041,IgG4-related retroperitoneal fibrosis,43,0,15,185,185,0,0.0044,0.039
1082,ORPHA:157954,ANE syndrome,28,0,13,92,92,1,0.0044,0.251
1083,ORPHA:779,Reynolds syndrome,24,0,20,74,74,0,0.0044,0.037
1084,ORPHA:746,Mitochondrial trifunctional protein deficiency,46,2,24,162,162,1,0.0044,0.471
1085,ORPHA:1164,Allergic bronchopulmonary aspergillosis,14,0,11,31,31,0,0.0044,0.036
1086,OMIM:230900,"Gaucher disease, type II",29,1,23,77,77,0,0.0043,0.049
1087,OMIM:608104,"Congenital disorder of glycosylation, type Ih",33,0,20,52,52,0,0.0043,0.028
1088,OMIM:618851,Combined oxidative phosphorylation deficiency 43,13,0,5,15,15,0,0.0043,0.024
1089,OMIM:243180,"Visceral neuropathy, familial, autosomal recessive",19,0,13,58,58,0,0.0043,0.046
1090,OMIM:613385,"Autoimmune disease, multisystem, with facial dysmorphism",51,0,29,240,240,0,0.0043,0.059
1091,OMIM:609313,MEDNIK syndrome,19,0,14,26,26,0,0.0043,0.018
1092,OMIM:602668,Dystrophia myotonica 2,27,0,17,55,55,1,0.0043,0.115
1093,OMIM:616457,Developmental and epileptic encephalopathy 50,20,0,12,49,49,0,0.0043,0.028
1094,OMIM:301094,"Neurodevelopmental disorder with gait disturbance, dysmorphic facies and behavioral abnormalities, X-linked",24,0,17,61,61,0,0.0043,0.024
1095,OMIM:620646,Combined oxidative phosphorylation deficiency 59,27,0,17,71,71,1,0.0043,0.143
1096,ORPHA:228371,Foodborne botulism,19,0,14,32,32,0,0.0043,0.028
1097,ORPHA:232,Sickle cell anemia,37,0,24,115,115,0,0.0043,0.033
1098,ORPHA:90026,Primary erythromelalgia,14,0,11,13,13,0,0.0043,0.039
1099,ORPHA:679,Malignant atrophic papulosis,34,0,27,75,75,0,0.0043,0.051
1100,ORPHA:449427,IgG4-related pachymeningitis,39,1,29,195,195,0,0.0043,0.089
1101,ORPHA:71273,Renal nutcracker syndrome,25,1,13,86,86,1,0.0043,0.316
1102,ORPHA:231222,Beta-thalassemia intermedia,36,0,26,111,111,0,0.0043,0.027
1103,ORPHA:79314,L-2-hydroxyglutaric aciduria,12,0,10,48,48,0,0.0043,0.028
1104,ORPHA:35687,Erdheim-Chester disease,41,0,33,79,79,0,0.0043,0.044
1105,OMIM:617341,Cerebroretinal microangiopathy with calcifications and cysts 2,16,1,12,23,23,0,0.0042,0.017
1106,OMIM:620010,"Cholestasis, progressive familial intrahepatic, 12",13,0,9,22,22,0,0.0042,0.014
1107,OMIM:618955,Retinitis pigmentosa 89,13,0,9,26,26,0,0.0042,0.017
1108,OMIM:612649,"Ciliary dyskinesia, primary, 11",13,0,6,37,37,0,0.0042,0.057
1109,OMIM:610505,Combined oxidative phosphorylation deficiency 3,40,0,28,115,115,2,0.0042,0.143
1110,OMIM:300048,"Intestinal pseudoobstruction, neuronal, chronic idiopathic, X-linked",19,0,9,30,30,0,0.0042,0.024
1111,OMIM:210500,"Biliary atresia, extrahepatic",12,0,5,38,38,0,0.0042,0.018
1112,OMIM:267000,Perlman syndrome,30,0,18,60,60,1,0.0042,0.171
1113,OMIM:245400,Mitochondrial DNA depletion syndrome 9 (encephalomyopathic type with methylmalonic aciduria),39,0,21,177,177,3,0.0042,0.168
1114,OMIM:246450,3-hydroxy-3-methylglutaryl-CoA lyase deficiency,40,0,26,255,255,3,0.0042,0.18
1115,OMIM:620647,"Progressive external ophthalmoplegia with mitochondrial DNA deletions, autosomal recessive 6",25,0,14,72,72,0,0.0042,0.06
1116,OMIM:607602,"Ichthyosis, cyclic, with epidermolytic hyperkeratosis",13,0,8,78,78,0,0.0042,0.02
1117,OMIM:612387,"Sarcoidosis, susceptibility to, 2",21,0,15,88,88,0,0.0042,0.029
1118,OMIM:613489,"Congenital disorder of glycosylation, type IIj",27,1,20,75,75,0,0.0042,0.033
1119,OMIM:617406,Bardet-Biedl syndrome 21,18,0,12,47,47,0,0.0042,0.041
1120,ORPHA:215,Congenital stationary night blindness,14,1,11,91,91,2,0.0042,0.189
1121,ORPHA:2916,Postaxial polydactyly-dental and vertebral anomalies syndrome,29,1,24,146,146,1,0.0042,0.405
1122,OMIM:614262,"Arthrogryposis, perthes disease, and upward gaze palsy",12,0,6,10,10,0,0.0041,0.034
1123,OMIM:614500,Cone-Rod dystrophy 16,13,0,9,66,66,0,0.0041,0.041
1124,OMIM:176450,Currarino syndrome,24,1,10,78,78,1,0.0041,0.113
1125,OMIM:241200,"Bartter syndrome, type 2",47,0,23,163,163,3,0.0041,0.136
1126,OMIM:207800,Argininemia,23,0,12,70,70,1,0.0041,0.108
1127,OMIM:621402,Developmental delay with sleep apnea,51,2,27,259,259,2,0.0041,0.471
1128,OMIM:618092,"Intellectual developmental disorder with dysmorphic facies, speech delay, and T-cell abnormalities",29,1,18,101,101,1,0.0041,0.177
1129,OMIM:619170,"Mitochondrial complex I deficiency, nuclear type 36",18,0,9,37,37,0,0.0041,0.039
1130,ORPHA:340,Hemorrhagic fever-renal syndrome,60,1,41,281,281,2,0.0041,0.131
1131,ORPHA:18,Distal renal tubular acidosis,38,0,21,167,167,1,0.0041,0.402
1132,ORPHA:2796,Pachydermoperiostosis,49,0,36,236,236,0,0.0041,0.045
1133,ORPHA:210110,Intermediate osteopetrosis,21,0,14,58,58,0,0.0041,0.026
1134,ORPHA:1416,Familial calcium pyrophosphate deposition,17,0,15,67,67,0,0.0041,0.024
1135,ORPHA:141,Canavan disease,18,0,17,38,38,0,0.0041,0.024
1136,ORPHA:891,Familial exudative vitreoretinopathy,27,1,16,197,197,2,0.0041,0.178
1137,ORPHA:90289,Localized scleroderma,55,0,44,226,226,0,0.0041,0.041
1138,ORPHA:500,Noonan syndrome with multiple lentigines,50,1,39,150,150,1,0.0041,0.238
1139,ORPHA:447788,Cerebral visual impairment,40,0,32,395,395,0,0.0041,0.048
1140,ORPHA:79329,MGAT2-CDG,54,0,32,195,195,0,0.0041,0.051
1141,ORPHA:279914,Intermediate uveitis,18,1,11,96,96,0,0.0041,0.034
1142,ORPHA:525731,Pediatric-onset Graves disease,48,1,31,132,132,0,0.0041,0.049
1143,OMIM:608649,Ichthyosis prematurity syndrome,15,0,8,47,47,0,0.004,0.036
1144,OMIM:616878,"Metabolic encephalomyopathic crises, recurrent, with rhabdomyolysis, cardiac arrhythmias, and neurodegeneration",57,0,38,434,434,4,0.004,0.205
1145,OMIM:616249,Long QT syndrome 15,12,1,5,56,56,1,0.004,0.107
1146,OMIM:612718,Cerebral creatine deficiency syndrome 3,16,0,6,43,43,0,0.004,0.1
1147,OMIM:302060,Barth syndrome,37,0,17,69,69,0,0.004,0.04
1148,OMIM:300438,HSD10 mitochondrial disease,27,0,24,112,112,1,0.004,0.162
1149,OMIM:173650,Kindler syndrome,24,1,15,80,80,0,0.004,0.054
1150,OMIM:617951,"Leukodystrophy, hypomyelinating, 15",33,0,29,250,250,0,0.004,0.028
1151,OMIM:618278,"Fibrosis, neurodegeneration, and cerebral angiomatosis",42,0,29,149,149,0,0.004,0.053
1152,ORPHA:20,3-hydroxy-3-methylglutaric aciduria,54,0,36,329,329,4,0.004,0.163
1153,ORPHA:99828,Dengue fever,22,0,17,58,58,0,0.004,0.032
1154,ORPHA:541423,Growth delay-intellectual disability-hepatopathy syndrome,35,1,23,86,86,0,0.004,0.03
1155,ORPHA:90368,Hypotrichosis simplex of the scalp,12,0,9,51,51,0,0.004,0.034
1156,ORPHA:90348,Autosomal dominant cutis laxa,59,2,36,224,224,1,0.004,0.402
1157,ORPHA:100085,Primary hepatic neuroendocrine carcinoma,36,0,20,115,115,0,0.004,0.025
1158,ORPHA:100050,Hereditary angioedema type 1,26,0,19,69,69,0,0.004,0.028
1159,ORPHA:562509,Heme oxygenase-1 deficiency,28,0,13,88,88,0,0.004,0.036
1160,ORPHA:1143,Neurogenic arthrogryposis multiplex congenita,33,2,21,174,174,1,0.004,0.471
1161,ORPHA:51608,Generalized arterial calcification of infancy,59,2,31,375,375,5,0.004,0.254
1162,ORPHA:79312,Vitamin B12-unresponsive methylmalonic acidemia type mut-,29,0,28,78,78,0,0.004,0.031
1163,OMIM:616868,"Diarrhea 8, secretory sodium, congenital",13,0,4,49,49,0,0.0039,0.014
1164,OMIM:239000,"Paget disease of bone 5, juvenile-onset",34,0,20,160,160,2,0.0039,0.131
1165,OMIM:105200,"Amyloidosis, familial visceral",13,0,11,22,22,0,0.0039,0.031
1166,OMIM:620683,"Lipodystrophy, familial partial, type 9",44,0,26,130,130,2,0.0039,0.157
1167,OMIM:616084,"Sideroblastic anemia with B-cell immunodeficiency, periodic fevers, and developmental delay",25,1,19,44,44,0,0.0039,0.044
1168,ORPHA:178478,Infant botulism,28,0,19,61,61,0,0.0039,0.032
1169,ORPHA:79396,"Autosomal dominant generalized epidermolysis bullosa simplex, severe form",44,1,32,211,211,3,0.0039,0.126
1170,ORPHA:59181,Sorsby fundus dystrophy,17,2,13,136,136,0,0.0039,0.027
1171,ORPHA:139411,Carney triad,21,0,18,53,53,0,0.0039,0.028
1172,ORPHA:589821,Congenital-onset Steinert myotonic dystrophy,34,0,25,82,82,0,0.0039,0.028
1173,ORPHA:457,Harlequin ichthyosis,18,0,16,15,15,0,0.0039,0.04
1174,ORPHA:79238,Galactose epimerase deficiency,13,0,13,13,13,0,0.0039,0.009
1175,OMIM:104200,"Alport syndrome 3, autosomal dominant",19,0,16,66,66,1,0.0038,0.162
1176,OMIM:617020,"Epileptic encephalopathy, early infantile, 38",18,0,7,50,50,0,0.0038,0.021
1177,OMIM:231530,3-Hydroxyacyl-Coa dehydrogenase deficiency,15,0,10,24,24,0,0.0038,0.025
1178,OMIM:604801,"Muscular dystrophy, congenital, 1B",14,0,6,56,56,1,0.0038,0.171
1179,OMIM:246900,Dihydrolipoamide dehydrogenase deficiency,21,0,17,82,82,1,0.0038,0.162
1180,OMIM:620641,Tan-Almurshedi syndrome,25,1,15,63,63,0,0.0038,0.05
1181,OMIM:194380,Dehydrated hereditary stomatocytosis 1 with or without pseudohyperkalemia and/or perinatal edema,13,0,7,18,18,0,0.0038,0.01
1182,ORPHA:53,Albers-Schönberg osteopetrosis,36,0,30,209,209,0,0.0038,0.043
1183,ORPHA:79394,Congenital ichthyosiform erythroderma,13,0,12,24,24,0,0.0038,0.036
1184,ORPHA:90790,Congenital lipoid adrenal hyperplasia due to STAR deficency,25,1,17,33,33,0,0.0038,0.071
1185,ORPHA:205,Crigler-Najjar syndrome,22,0,14,55,55,0,0.0038,0.025
1186,ORPHA:85446,Wild type ABeta2M amyloidosis,27,0,22,87,87,0,0.0038,0.057
1187,ORPHA:1320,Idiopathic camptocormia,33,0,24,217,217,0,0.0038,0.057
1188,ORPHA:91500,Tubulointerstitial nephritis and uveitis syndrome,53,1,21,432,432,0,0.0038,0.048
1189,ORPHA:1041,Hydrops fetalis,23,0,17,30,30,0,0.0038,0.029
1190,ORPHA:712,Hemolytic anemia due to glucophosphate isomerase deficiency,13,1,7,19,19,0,0.0038,0.009
1191,ORPHA:2177,Hydranencephaly,28,1,17,175,175,0,0.0038,0.08
1192,ORPHA:54028,Plummer-Vinson syndrome,16,0,4,21,21,0,0.0038,0.027
1193,OMIM:242900,"Immunoosseous dysplasia, Schimke type",58,0,36,184,184,0,0.0037,0.066
1194,OMIM:612284,"Meckel syndrome, type 6",19,0,11,28,28,0,0.0037,0.018
1195,OMIM:614870,Peroxisome biogenesis disorder 6A (Zellweger),13,0,8,12,12,0,0.0037,0.027
1196,ORPHA:220402,Limited cutaneous systemic sclerosis,15,0,13,24,24,0,0.0037,0.027
1197,ORPHA:3151,Multiple sclerosis-ichthyosis-factor VIII deficiency syndrome,12,0,10,15,15,0,0.0037,0.032
1198,ORPHA:238468,Hypohidrotic ectodermal dysplasia,44,1,26,331,331,1,0.0037,0.175
1199,ORPHA:96181,Maternal uniparental disomy of chromosome 6 syndrome,20,0,14,15,15,0,0.0037,0.037
1200,ORPHA:75376,Autosomal dominant drusen,20,2,8,190,190,0,0.0037,0.027
1201,ORPHA:424016,Adenocarcinoma of the anal canal,12,0,9,30,30,0,0.0037,0.025
1202,ORPHA:64745,Pruritic urticarial papules and plaques of pregnancy,19,0,10,153,153,0,0.0037,0.027
1203,ORPHA:2340,Keratosis follicularis spinulosa decalvans,17,0,9,95,95,0,0.0037,0.043
1204,ORPHA:583,Mucopolysaccharidosis type 6,26,1,21,95,95,0,0.0037,0.089
1205,OMIM:201100,"Acrodermatitis enteropathica, Zinc-Deficiency type",24,1,12,43,43,0,0.0036,0.037
1206,OMIM:621095,"Charcot-Marie-Tooth disease, axonal, type 2JJ",30,0,20,158,158,2,0.0036,0.162
1207,OMIM:618224,"Mitochondrial complex I deficiency, nuclear type 3",16,0,15,48,48,0,0.0036,0.018
1208,OMIM:312700,"Retinoschisis 1, X-linked, juvenile",12,0,8,66,66,0,0.0036,0.015
1209,OMIM:301133,"Congenital disorder of glycosylation, type 1DD",29,0,19,42,42,0,0.0036,0.028
1210,OMIM:600145,Sacral defect with anterior meningocele,20,0,6,58,58,0,0.0036,0.019
1211,OMIM:219150,"Cutis laxa, autosomal recessive, type IIIA",51,0,31,210,210,4,0.0036,0.108
1212,OMIM:616651,Roifman syndrome,39,0,26,160,160,0,0.0036,0.035
1213,ORPHA:477814,Progressive microcephaly-seizures-cortical blindness-developmental delay syndrome,22,1,14,36,36,0,0.0036,0.037
1214,ORPHA:51188,Ethylmalonic encephalopathy,18,0,15,48,48,0,0.0036,0.022
1215,ORPHA:529864,Secondary erythromelalgia,22,0,17,33,33,0,0.0036,0.045
1216,ORPHA:846,Alpha-thalassemia,23,0,15,60,60,0,0.0036,0.031
1217,ORPHA:64739,Ovarian hyperstimulation syndrome,17,0,9,21,21,0,0.0036,0.012
1218,ORPHA:100083,Laryngeal neuroendocrine tumor,14,0,4,16,16,0,0.0036,0.021
1219,ORPHA:1946,Amelocerebrohypohidrotic syndrome,14,0,11,36,36,0,0.0036,0.018
1220,ORPHA:642,Hereditary sensory and autonomic neuropathy type 4,56,1,38,345,345,0,0.0036,0.062
1221,ORPHA:2912,Poliomyelitis,53,0,37,371,371,0,0.0036,0.051
1222,OMIM:619793,Restrictive dermopathy 2,16,0,11,15,15,0,0.0035,0.024
1223,OMIM:618770,"Spastic paraplegia 82, autosomal recessive",14,0,11,58,58,0,0.0035,0.02
1224,OMIM:618567,Mitochondrial DNA depletion syndrome 17,16,0,10,55,55,1,0.0035,0.108
1225,OMIM:605309,Macrocephaly/autism syndrome,33,0,16,100,100,0,0.0035,0.066
1226,OMIM:619051,"Mitochondrial complex IV deficiency, nuclear type 7",26,0,18,58,58,1,0.0035,0.108
1227,OMIM:124000,"Mitochondrial complex III deficiency, nuclear type 1",53,0,38,294,294,3,0.0035,0.162
1228,OMIM:158310,"Mucoepithelial dysplasia, hereditary",30,2,19,95,95,0,0.0035,0.036
1229,OMIM:607361,Meckel syndrome 3,12,0,7,20,20,0,0.0035,0.018
1230,OMIM:300559,"Muscle glycogenosis, X-linked",18,0,10,76,76,1,0.0035,0.178
1231,OMIM:619228,Developmental delay with dysmorphic facies and dental anomalies,14,0,14,80,80,0,0.0035,0.02
1232,OMIM:601539,Peroxisome biogenesis disorder 1B,19,0,15,20,20,0,0.0035,0.018
1233,OMIM:617941,Shwachman-Diamond syndrome 2,25,0,14,40,40,0,0.0035,0.032
1234,OMIM:277700,Werner syndrome,31,0,18,73,73,1,0.0035,0.157
1235,ORPHA:210136,Pulmonary fibrosis-hepatic hyperplasia-bone marrow hypoplasia syndrome,16,0,11,32,32,0,0.0035,0.018
1236,ORPHA:1332,Medullary thyroid carcinoma,14,0,11,19,19,0,0.0035,0.028
1237,ORPHA:1059,Blue rubber bleb nevus syndrome,13,0,8,20,20,0,0.0035,0.047
1238,ORPHA:667,Autosomal recessive malignant osteopetrosis,43,0,36,128,128,0,0.0035,0.052
1239,ORPHA:566243,Resistance to thyroid hormone due to a mutation in thyroid hormone receptor beta,19,0,8,25,25,0,0.0035,0.03
1240,OMIM:619862,"Spinocerebellar ataxia, autosomal recessive 32",17,0,12,73,73,1,0.0034,0.161
1241,OMIM:620201,"Congenital disorder of glycosylation, type IIz",12,0,7,27,27,0,0.0034,0.018
1242,OMIM:609241,"Schindler disease, type I",17,0,12,38,38,0,0.0034,0.018
1243,OMIM:250250,Cartilage-hair hypoplasia,43,0,26,221,221,0,0.0034,0.037
1244,OMIM:620379,"Spastic paraplegia 89, autosomal recessive",14,0,12,57,57,0,0.0034,0.02
1245,OMIM:619064,"Mitochondrial complex IV deficiency, nuclear type 20",17,0,7,20,20,0,0.0034,0.039
1246,OMIM:616482,"Achondroplasia, severe, with developmental delay and acanthosis nigricans",46,0,27,161,161,0,0.0034,0.087
1247,OMIM:618253,"Mitochondrial complex I deficiency, nuclear type 33",39,0,29,204,204,1,0.0034,0.18
1248,OMIM:615010,Aicardi-Goutieres syndrome 6,22,0,16,75,75,0,0.0034,0.03
1249,ORPHA:97287,Bronchial neuroendocrine tumor,31,1,15,85,85,0,0.0034,0.027
1250,ORPHA:289548,Inherited isolated adrenal insufficiency due to partial CYP11A1 deficiency,51,0,24,263,263,3,0.0034,0.179
1251,ORPHA:2874,Phakomatosis pigmentokeratotica,32,2,23,94,94,1,0.0034,0.217
1252,ORPHA:978,ADULT syndrome,24,1,13,93,93,1,0.0034,0.238
1253,ORPHA:171430,Severe congenital nemaline myopathy,43,1,26,214,214,2,0.0034,0.205
1254,ORPHA:3132,Say-Barber-Miller syndrome,57,0,27,343,343,0,0.0034,0.056
1255,ORPHA:555402,NAD(P)HX dehydratase deficiency,30,0,26,89,89,0,0.0034,0.056
1256,ORPHA:521219,Mirizzi syndrome,20,0,13,81,81,0,0.0034,0.013
1257,ORPHA:424019,Squamous cell carcinoma of the anal canal,12,0,10,35,35,0,0.0034,0.025
1258,ORPHA:767,Polyarteritis nodosa,28,0,20,56,56,0,0.0034,0.041
1259,ORPHA:168558,"46,XY difference of sex development-adrenal insufficiency due to CYP11A1 deficiency",50,0,24,248,248,3,0.0034,0.179
1260,ORPHA:435651,CIDEC-related familial partial lipodystrophy,15,0,9,20,20,0,0.0034,0.018
1261,ORPHA:163693,2p21 microdeletion syndrome,19,0,12,21,21,0,0.0034,0.013
1262,ORPHA:3463,Wolfram syndrome,39,1,33,127,127,0,0.0034,0.027
1263,ORPHA:411703,Pulmonary non-tuberculous mycobacterial infection,24,0,12,94,94,0,0.0034,0.034
1264,ORPHA:231226,Unstable beta globin chain variant disease,49,0,30,157,157,0,0.0034,0.029
1265,OMIM:175200,Peutz-Jeghers syndrome,25,0,15,85,85,0,0.0033,0.025
1266,OMIM:613327,"Lipodystrophy, congenital generalized, type 4",45,0,35,217,217,0,0.0033,0.055
1267,OMIM:251240,Microcephaly with chemotactic defect and transient hypogammaglobulinemia,12,0,7,17,17,0,0.0033,0.035
1268,OMIM:616738,Radioulnar synostosis with amegakaryocytic thrombocytopenia 2,14,0,8,13,13,0,0.0033,0.028
1269,OMIM:617397,Pseudo-Torch syndrome 2,26,1,20,69,69,1,0.0033,0.11
1270,OMIM:616370,Multiple mitochondrial dysfunctions syndrome 4,13,0,9,32,32,0,0.0033,0.014
1271,OMIM:618229,"Mitochondrial complex I deficiency, nuclear type 7",14,0,12,17,17,0,0.0033,0.013
1272,OMIM:615119,"Mitochondrial complex IV deficiency, nuclear type 6",17,0,15,24,24,0,0.0033,0.014
1273,OMIM:176000,"Porphyria, acute intermittent",23,0,12,59,59,0,0.0033,0.025
1274,OMIM:204500,"Ceroid lipofuscinosis, neuronal, 2",14,0,10,40,40,0,0.0033,0.02
1275,OMIM:232500,Glycogen storage disease IV,23,0,18,37,37,0,0.0033,0.017
1276,OMIM:600143,"Ceroid lipofuscinosis, neuronal, 8",13,0,11,46,46,0,0.0033,0.02
1277,OMIM:613070,"Liver failure, infantile, transient",23,0,14,107,107,0,0.0033,0.025
1278,ORPHA:3194,Corneodermatoosseous syndrome,20,1,14,38,38,0,0.0033,0.038
1279,ORPHA:84081,Senior-Boichis syndrome,34,0,16,132,132,0,0.0033,0.018
1280,ORPHA:54370,Primary membranoproliferative glomerulonephritis,16,0,7,42,42,0,0.0033,0.03
1281,ORPHA:2612,Linear nevus sebaceus syndrome,31,1,22,122,122,1,0.0033,0.268
1282,ORPHA:2357,Bronchogenic cyst,33,2,29,91,91,0,0.0033,0.076
1283,ORPHA:352723,Attenuated Chédiak-Higashi syndrome,15,0,12,20,20,0,0.0033,0.043
1284,ORPHA:100080,Neuroendocrine tumor of the colon,22,0,9,67,67,0,0.0033,0.024
1285,ORPHA:95159,Hepatoerythropoietic porphyria,37,1,25,139,139,0,0.0033,0.036
1286,ORPHA:2481,Neurocutaneous melanocytosis,45,1,33,390,390,2,0.0033,0.238
1287,ORPHA:34145,Immunoglobulin A nephropathy,17,0,9,62,62,0,0.0033,0.038
1288,ORPHA:579,Mucopolysaccharidosis type 1,57,1,46,294,294,1,0.0033,0.301
1289,ORPHA:618891,Chronic neurovisceral acid sphingomyelinase deficiency,38,1,28,94,94,0,0.0033,0.027
1290,ORPHA:231214,Beta-thalassemia major,50,0,31,164,164,0,0.0033,0.028
1291,OMIM:169400,Pelger-Huet anomaly,35,0,18,111,111,0,0.0032,0.033
1292,OMIM:619423,Combined oxidative phosphorylation deficiency 53,18,0,14,38,38,0,0.0032,0.013
1293,OMIM:601553,"Hypotrichosis, congenital, with juvenile macular dystrophy",21,1,14,68,68,0,0.0032,0.025
1294,OMIM:606003,Transaldolase deficiency,33,0,17,100,100,0,0.0032,0.028
1295,OMIM:235400,"Hemolytic uremic syndrome, atypical, susceptibility to, 1",23,0,12,36,36,0,0.0032,0.036
1296,OMIM:610539,"Gaucher disease, atypical",23,0,14,48,48,0,0.0032,0.018
1297,OMIM:610678,Combined oxidative phosphorylation deficiency 4,16,0,14,30,30,0,0.0032,0.013
1298,OMIM:309530,"Intellectual developmental disorder, X-linked 1",15,0,13,59,59,0,0.0032,0.02
1299,OMIM:620342,Cone-rod dystrophy 24,13,0,9,78,78,0,0.0032,0.018
1300,OMIM:300607,Developmental and epileptic encephalopathy 8,13,0,6,46,46,0,0.0032,0.018
1301,ORPHA:367,Glycogen storage disease due to glycogen branching enzyme deficiency,30,0,20,64,64,0,0.0032,0.018
1302,ORPHA:36397,Adiposis dolorosa,39,1,25,108,108,0,0.0032,0.049
1303,ORPHA:905,Wilson disease,56,0,42,259,259,0,0.0032,0.035
1304,ORPHA:2368,Gastroschisis,12,0,8,25,25,0,0.0032,0.01
1305,ORPHA:79085,AKT2-related familial partial lipodystrophy,12,0,7,12,12,0,0.0032,0.018
1306,ORPHA:77293,Chronic visceral acid sphingomyelinase deficiency,47,2,33,159,159,0,0.0032,0.026
1307,OMIM:619157,Neurodevelopmental disorder with or without early-onset generalized epilepsy,19,0,16,122,122,0,0.0031,0.038
1308,OMIM:620306,Neurodegeneration and seizures due to copper transport defect,29,0,15,83,83,1,0.0031,0.153
1309,OMIM:256300,"Nephrotic syndrome, type 1",22,0,13,53,53,0,0.0031,0.022
1310,OMIM:619218,"ENDOVE syndrome, limb-brain type",20,1,11,65,65,0,0.0031,0.024
1311,OMIM:618162,"Spondyloepimetaphyseal dysplasia, Krakow type",37,0,24,151,151,0,0.0031,0.037
1312,OMIM:230350,Galactose epimerase deficiency,16,1,13,19,19,0,0.0031,0.009
1313,OMIM:618165,Bone marrow failure syndrome 5,18,0,12,18,18,0,0.0031,0.019
1314,OMIM:617054,"Striatonigral degeneration, childhood-onset",16,0,12,52,52,0,0.0031,0.02
1315,OMIM:621071,Mitochondrial DNA depletion syndrome 21,56,1,39,237,237,0,0.0031,0.06
1316,OMIM:223900,"Neuropathy, hereditary sensory and autonomic, type III",32,0,17,50,50,0,0.0031,0.025
1317,OMIM:616395,"Trichothiodystrophy 3, photosensitive",35,0,21,64,64,0,0.0031,0.039
1318,OMIM:616974,Combined oxidative phosphorylation deficiency 30,26,0,9,79,79,0,0.0031,0.028
1319,OMIM:609115,"Limb-girdle muscular dystrophy, type 1G",12,0,6,36,36,0,0.0031,0.01
1320,OMIM:618876,"Epilepsy, progressive myoclonic, 11",15,0,10,78,78,0,0.0031,0.02
1321,OMIM:618295,"Intellectual developmental disorder, autosomal recessive 67",19,0,14,60,60,0,0.0031,0.02
1322,OMIM:600740,"Hypocalciuric hypercalcemia, familial, type III",19,0,10,32,32,0,0.0031,0.019
1323,OMIM:618331,"Encephalopathy, progressive, early-onset, with episodic rhabdomyolysis",13,0,9,46,46,0,0.0031,0.018
1324,ORPHA:329903,Immunoglobulin-mediated membranoproliferative glomerulonephritis,13,0,7,34,34,0,0.0031,0.03
1325,ORPHA:313,Lamellar ichthyosis,42,0,27,252,252,1,0.0031,0.126
1326,ORPHA:99812,LIG4 syndrome,35,0,27,109,109,0,0.0031,0.032
1327,ORPHA:91351,Pituitary dermoid and epidermoid cysts,24,0,13,94,94,0,0.0031,0.025
1328,ORPHA:293967,Hypogonadotropic hypogonadism-severe microcephaly-sensorineural hearing loss-dysmorphism syndrome,47,1,23,150,150,1,0.0031,0.165
1329,ORPHA:66628,Obesity due to congenital leptin deficiency,20,1,7,45,45,0,0.0031,0.034
1330,ORPHA:563,Peripartum cardiomyopathy,43,0,28,315,315,0,0.0031,0.048
1331,ORPHA:391673,Necrotizing enterocolitis,34,0,26,99,99,0,0.0031,0.032
1332,ORPHA:530,Lipoid proteinosis,23,0,19,73,73,0,0.0031,0.044
1333,ORPHA:397933,Severe intellectual disability-progressive postnatal microcephaly-midline stereotypic hand movements syndrome,17,0,11,70,70,0,0.0031,0.018
1334,ORPHA:495,Transgrediens et progrediens palmoplantar keratoderma,18,0,11,96,96,0,0.0031,0.022
1335,ORPHA:415,Hyperornithinemia-hyperammonemia-homocitrullinuria syndrome,40,0,32,249,249,2,0.0031,0.115
1336,OMIM:617595,Birk-Landau-Perez syndrome,39,0,24,132,132,1,0.003,0.131
1337,OMIM:616307,Senior-Loken syndrome 8,15,0,9,19,19,0,0.003,0.008
1338,OMIM:620776,"Thrombocytopenia 13, syndromic",25,1,13,145,145,0,0.003,0.034
1339,OMIM:621481,Mitochondrial DNA depletion syndrome 14A (encephalomyopathic type),26,0,18,110,110,0,0.003,0.028
1340,OMIM:618947,Arthrogryposis multiplex congenita 5,55,2,26,298,298,1,0.003,0.471
1341,OMIM:259710,"Osteopetrosis, autosomal recessive 2",25,0,15,81,81,0,0.003,0.043
1342,OMIM:619897,"Cardiomyopathy, dilated, 2G",16,0,3,105,105,0,0.003,0.036
1343,OMIM:613376,"Neuronopathy, distal hereditary motor, type IIC",13,0,7,53,53,0,0.003,0.011
1344,OMIM:618426,"Encephalopathy, acute, infection-induced, susceptibility to, 9",29,0,23,104,104,0,0.003,0.024
1345,OMIM:605711,Multiple mitochondrial dysfunctions syndrome 1,31,0,17,165,165,0,0.003,0.022
1346,OMIM:618768,"Spastic paraplegia 81, autosomal recessive",20,0,14,87,87,0,0.003,0.025
1347,OMIM:128235,Dystonia 12,16,0,9,94,94,1,0.003,0.161
1348,OMIM:300476,"Cone-Rod dystrophy, X-linked, 3",14,0,11,91,91,0,0.003,0.019
1349,OMIM:615918,Combined oxidative phosphorylation deficiency 21,12,0,8,22,22,0,0.003,0.039
1350,OMIM:618805,Triokinase and FMN cyclase deficiency syndrome,19,0,12,29,29,0,0.003,0.018
1351,OMIM:617613,Multiple mitochondrial dysfunctions syndrome 5,16,0,16,47,47,0,0.003,0.018
1352,OMIM:601675,"Trichothiodystrophy 1, photosensitive",45,0,29,229,229,0,0.003,0.05
1353,OMIM:618906,"Intellectual developmental disorder with autistic features and language delay, with or without seizures",18,0,15,78,78,0,0.003,0.02
1354,ORPHA:27,Vitamin B12-unresponsive methylmalonic acidemia,25,0,24,58,58,0,0.003,0.027
1355,ORPHA:254509,Iatrogenic botulism,13,0,10,13,13,0,0.003,0.026
1356,ORPHA:158673,"Localized dystrophic epidermolysis bullosa, acral form",20,0,12,126,126,0,0.003,0.022
1357,ORPHA:45448,Miyoshi myopathy,21,0,10,122,122,0,0.003,0.022
1358,ORPHA:179494,Obesity due to leptin receptor gene deficiency,21,1,7,48,48,0,0.003,0.034
1359,ORPHA:85445,AA amyloidosis,32,0,23,97,97,0,0.003,0.027
1360,ORPHA:869,Triple A syndrome,35,0,22,62,62,0,0.003,0.024
1361,ORPHA:889,Cutaneous small vessel vasculitis,14,1,12,35,35,0,0.003,0.049
1362,ORPHA:3137,Alpha-N-acetylgalactosaminidase deficiency,28,0,25,69,69,0,0.003,0.023
1363,ORPHA:910,Xeroderma pigmentosum,59,1,52,344,344,1,0.003,0.238
1364,ORPHA:1802,Ghosal hematodiaphyseal dysplasia,13,0,12,37,37,0,0.003,0.031
1365,ORPHA:70591,Chronic thromboembolic pulmonary hypertension,37,0,19,139,139,0,0.003,0.037
1366,ORPHA:79095,Congenital bile acid synthesis defect type 4,27,0,20,99,99,1,0.003,0.149
1367,ORPHA:2414,Congenital pulmonary lymphangiectasia,16,0,12,32,32,0,0.003,0.012
1368,ORPHA:2971,Peroxisomal acyl-CoA oxidase deficiency,28,0,23,73,73,0,0.003,0.018
1369,ORPHA:309256,"Metachromatic leukodystrophy, late infantile form",36,1,21,275,275,2,0.003,0.161
1370,ORPHA:567548,Idiopathic steroid-resistant nephrotic syndrome,24,0,15,75,75,0,0.003,0.033
1371,OMIM:618707,Neurodevelopmental disorder with absent language and variable seizures,29,1,14,68,68,0,0.0029,0.02
1372,OMIM:619151,"AMED syndrome, digenic",20,0,13,31,31,0,0.0029,0.023
1373,OMIM:614887,Peroxisome biogenesis disorder 13A (Zellweger),27,0,16,80,80,0,0.0029,0.067
1374,OMIM:301058,Developmental and epileptic encephalopathy 90,20,0,13,70,70,0,0.0029,0.017
1375,OMIM:615595,Combined oxidative phosphorylation deficiency 19,26,0,11,82,82,0,0.0029,0.024
1376,OMIM:618239,"Mitochondrial complex I deficiency, nuclear type 17",23,0,16,79,79,0,0.0029,0.018
1377,OMIM:500007,Cyclic vomiting syndrome,24,0,20,62,62,0,0.0029,0.028
1378,OMIM:267010,"Meckel syndrome, type 7",22,0,7,57,57,0,0.0029,0.016
1379,OMIM:616355,Houge-Janssens syndrome 1,30,0,19,89,89,1,0.0029,0.155
1380,OMIM:617664,Combined oxidative phosphorylation deficiency 32,31,0,26,149,149,0,0.0029,0.028
1381,OMIM:612736,Cerebral creatine deficiency syndrome 2,30,0,18,226,226,0,0.0029,0.094
1382,OMIM:217080,Jalili syndrome,17,0,11,94,94,0,0.0029,0.016
1383,OMIM:601777,Cone-Rod dystrophy 6,13,0,7,78,78,0,0.0029,0.017
1384,OMIM:609165,"Erythroderma, ichthyosiform, congenital reticular",14,0,12,24,24,0,0.0029,0.028
1385,OMIM:250620,3-hydroxyisobutryl-CoA hydrolase deficiency,24,0,21,83,83,0,0.0029,0.019
1386,OMIM:200995,Acrocephalopolydactylous dysplasia,24,0,9,58,58,0,0.0029,0.018
1387,OMIM:238600,Type I hyperlipoproteinemia,14,0,4,33,33,0,0.0029,0.009
1388,OMIM:616645,"Epileptic encephalopathy, early infantile, 34",14,0,13,79,79,0,0.0029,0.018
1389,ORPHA:370348,Peripheral primitive neuroectodermal tumor,37,0,30,105,105,0,0.0029,0.023
1390,ORPHA:863,Trichinellosis,42,0,34,249,249,0,0.0029,0.042
1391,ORPHA:1303,Bronchiolitis obliterans,16,1,11,106,106,0,0.0029,0.045
1392,ORPHA:217260,Progressive multifocal leukoencephalopathy,35,1,31,277,277,0,0.0029,0.036
1393,ORPHA:742,Prolidase deficiency,39,1,25,194,194,0,0.0029,0.044
1394,ORPHA:769,Rabson-Mendenhall syndrome,56,0,33,220,220,3,0.0029,0.143
1395,ORPHA:633,Laron syndrome,29,0,21,84,84,1,0.0029,0.162
1396,ORPHA:289916,Vitamin B12-unresponsive methylmalonic acidemia type mut0,22,0,22,38,38,0,0.0029,0.017
1397,ORPHA:1194,TMEM70-related mitochondrial encephalo-cardio-myopathy,29,0,21,54,54,0,0.0029,0.025
1398,ORPHA:87503,Mal de Meleda,15,0,9,67,67,0,0.0029,0.032
1399,ORPHA:584,Mucopolysaccharidosis type 7,26,0,19,97,97,0,0.0029,0.033
1400,ORPHA:2905,POEMS syndrome,51,0,35,142,142,0,0.0029,0.037
1401,ORPHA:538,Lymphangioleiomyomatosis,36,0,27,116,116,0,0.0029,0.043
1402,ORPHA:2122,Kaposiform hemangioendothelioma,14,0,8,36,36,0,0.0029,0.018
1403,ORPHA:93400,Congenital sialidosis type 2,42,1,28,142,142,1,0.0029,0.127
1404,ORPHA:1655,Müllerian derivatives-lymphangiectasia-polydactyly syndrome,41,0,21,140,140,1,0.0029,0.158
1405,ORPHA:275555,Preeclampsia,27,0,18,42,42,0,0.0029,0.043
1406,ORPHA:247525,Citrullinemia type I,28,0,20,148,148,1,0.0029,0.108
1407,OMIM:620504,Developmental and epileptic encephalopathy 111,34,0,20,86,86,1,0.0028,0.128
1408,OMIM:618892,Harderoporphyria,14,0,6,29,29,0,0.0028,0.009
1409,OMIM:618201,"Epileptic encephalopathy, early infantile, 68",15,0,14,68,68,0,0.0028,0.018
1410,OMIM:602271,"Spondylometaphyseal dysplasia, axial",22,0,14,80,80,0,0.0028,0.041
1411,OMIM:231070,Geroderma osteodysplasticum,34,0,24,204,204,0,0.0028,0.065
1412,OMIM:616834,"Microcephaly, congenital cataract, and psoriasiform dermatitis",18,0,10,26,26,0,0.0028,0.034
1413,OMIM:173800,Poland syndrome,15,0,6,78,78,0,0.0028,0.015
1414,OMIM:619063,"Mitochondrial complex IV deficiency, nuclear type 19",14,0,6,41,41,0,0.0028,0.019
1415,OMIM:601163,"Diaphragmatic defects, limb deficiencies, and ossification defects of skull",14,1,8,30,30,0,0.0028,0.024
1416,OMIM:300908,"Hemolytic anemia, G6PD deficient (favism)",16,1,8,36,36,0,0.0028,0.027
1417,OMIM:255100,Lipid storage myopathy due to flavin adenine dinucleotide synthetase deficiency,15,0,12,18,18,0,0.0028,0.028
1418,OMIM:619310,"Leukodystrophy, hypomyelinating, 21",23,0,18,95,95,0,0.0028,0.025
1419,OMIM:309900,"Mucopolysaccharidosis, type II",48,0,28,155,155,0,0.0028,0.033
1420,OMIM:615994,Bardet-Biedl syndrome 17,28,0,21,68,68,0,0.0028,0.041
1421,OMIM:618336,"Intrauterine growth retardation, metaphyseal dysplasia, adrenal hypoplasia congenita, genital anomalies, and immunodeficiency",32,0,18,74,74,0,0.0028,0.04
1422,OMIM:120970,Cone-Rod dystrophy 2,14,0,9,91,91,0,0.0028,0.017
1423,OMIM:612621,"Intellectual developmental disorder, autosomal dominant 5",19,0,14,113,113,0,0.0028,0.019
1424,ORPHA:263534,Acral peeling skin syndrome,12,0,11,46,46,0,0.0028,0.041
1425,ORPHA:73,Gorham-Stout disease,36,0,25,276,276,0,0.0028,0.024
1426,ORPHA:488613,Global developmental delay-neuro-ophthalmological abnormalities-seizures-intellectual disability syndrome,28,0,25,92,92,0,0.0028,0.018
1427,ORPHA:2609,Isolated complex I deficiency,37,0,28,106,106,1,0.0028,0.162
1428,ORPHA:927,Hyperammonemia due to N-acetylglutamate synthase deficiency,42,0,28,354,354,2,0.0028,0.108
1429,ORPHA:656,Hereditary steroid-resistant nephrotic syndrome,17,0,10,40,40,0,0.0028,0.033
1430,ORPHA:251009,Maternal uniparental disomy of chromosome 1 syndrome,29,0,21,43,43,0,0.0028,0.035
1431,ORPHA:168569,H syndrome,50,1,35,136,136,0,0.0028,0.03
1432,ORPHA:436271,Non-progressive predominantly posterior cavitating leukoencephalopathy with peripheral neuropathy,38,0,25,162,162,0,0.0028,0.027
1433,ORPHA:520,Acute promyelocytic leukemia,36,0,20,190,190,0,0.0028,0.031
1434,ORPHA:602,GNE myopathy,27,0,10,244,244,1,0.0028,0.178
1435,ORPHA:247585,Citrullinemia type II,46,0,28,403,403,0,0.0028,0.094
1436,OMIM:608885,Stomatin-deficient cryohydrocytosis with neurologic defects,29,0,19,96,96,1,0.0027,0.131
1437,OMIM:621595,"Cardiomopathy, dilated, 2N",31,0,12,301,301,0,0.0027,0.04
1438,OMIM:616299,Lipoyltransferase 1 deficiency,23,0,14,76,76,0,0.0027,0.018
1439,OMIM:601492,Mucopolysaccharidosis type IX,18,0,8,60,60,0,0.0027,0.015
1440,OMIM:601680,"Arthrogryposis, distal, type 2B",23,2,10,112,112,1,0.0027,0.175
1441,OMIM:620465,"Epilepsy, early-onset, 3, with or without developmental delay",20,0,13,190,190,0,0.0027,0.02
1442,OMIM:266200,Pyruvate kinase deficiency of red cells,16,1,7,32,32,0,0.0027,0.01
1443,OMIM:606071,"Hereditary motor and sensory neuropathy, type IIC",30,0,16,140,140,0,0.0027,0.012
1444,OMIM:621196,"Maturity-onset diabetes of the young, type 12",14,0,5,17,17,0,0.0027,0.013
1445,OMIM:619323,Neurodevelopmental disorder with seizures and gingival overgrowth,18,0,13,64,64,0,0.0027,0.018
1446,OMIM:231670,"Glutaricaciduria, type I",36,0,22,249,249,1,0.0027,0.162
1447,OMIM:619519,"Charcot-Marie-Tooth disease, axonal, type 2FF",23,0,13,109,109,0,0.0027,0.016
1448,OMIM:613752,Hypermethioninemia with deficiency of S-adenosylhomocysteine hydrolase,18,0,9,22,22,0,0.0027,0.009
1449,OMIM:619685,"Neurodevelopmental disorder with microcephaly, seizures, and neonatal cholestasis",19,0,8,38,38,0,0.0027,0.026
1450,OMIM:301835,Arts syndrome,22,0,19,63,63,0,0.0027,0.04
1451,OMIM:134600,Fanconi renotubular syndrome 1,16,0,10,57,57,0,0.0027,0.012
1452,OMIM:618416,"Metabolic crises, recurrent, with variable encephalomyopathic features and neurologic regression",25,0,18,108,108,0,0.0027,0.02
1453,OMIM:209880,"Central hypoventilation syndrome, congenital, 1, with or without Hirschsprung disease",20,0,11,32,32,0,0.0027,0.026
1454,OMIM:601954,"Muscular dystrophy, limb-girdle, type 2G",16,0,9,85,85,0,0.0027,0.012
1455,OMIM:620636,"Neurodegeneration, childhood-onset, with cerebellar ataxia and cognitive decline",16,0,14,72,72,0,0.0027,0.015
1456,OMIM:613404,"Arthrogryposis, renal dysfunction, and cholestasis 2",29,0,20,54,54,0,0.0027,0.016
1457,OMIM:608594,"Lipodystrophy, congenital generalized, type 1",36,0,20,92,92,0,0.0027,0.018
1458,OMIM:208500,Short-Rib thoracic dysplasia 1 with or without polydactyly,35,0,21,166,166,0,0.0027,0.045
1459,OMIM:619003,"Mitochondrial complex I deficiency, nuclear type 35",15,0,6,40,40,0,0.0027,0.039
1460,OMIM:220110,"Mitochondrial complex IV deficiency, nuclear type 1",40,0,30,126,126,0,0.0027,0.019
1461,OMIM:228000,Farber lipogranulomatosis,23,1,15,35,35,0,0.0027,0.026
1462,OMIM:620653,"Intellectual developmental disorder, autosomal recessive 80, with variant lissencephaly",23,0,14,85,85,0,0.0027,0.02
1463,OMIM:620451,Combined oxidative phosphorylation deficiency 58,46,0,30,236,236,2,0.0027,0.162
1464,ORPHA:99880,Hyperparathyroidism-jaw tumor syndrome,34,0,21,125,125,0,0.0027,0.027
1465,ORPHA:97285,Thyroid lymphoma,14,0,12,13,13,0,0.0027,0.027
1466,ORPHA:83454,Glomuvenous malformation,16,0,14,17,17,0,0.0027,0.011
1467,ORPHA:79350,"3-phosphoserine phosphatase deficiency, infantile/juvenile form",18,0,11,40,40,0,0.0027,0.04
1468,ORPHA:258,Laminin subunit alpha 2-related congenital muscular dystrophy,53,0,39,348,348,0,0.0027,0.057
1469,ORPHA:2047,Flynn-Aird syndrome,30,0,26,82,82,0,0.0027,0.018
1470,ORPHA:289504,Combined malonic and methylmalonic acidemia,26,1,20,95,95,0,0.0027,0.076
1471,ORPHA:79473,Variegate porphyria,48,1,37,193,193,1,0.0027,0.147
1472,ORPHA:522077,Infantile hypotonia-oculomotor anomalies-hyperkinetic movements-developmental delay syndrome,60,2,29,451,451,1,0.0027,0.471
1473,ORPHA:143,Parathyroid carcinoma,36,0,23,125,125,0,0.0027,0.027
1474,ORPHA:85438,Enthesitis-related juvenile idiopathic arthritis,34,1,23,320,320,0,0.0027,0.026
1475,ORPHA:83600,Encephalitis lethargica,30,0,24,111,111,0,0.0027,0.064
1476,ORPHA:3093,Congenital aortic valve stenosis,17,0,9,120,120,0,0.0027,0.021
1477,ORPHA:892,Von Hippel-Lindau disease,41,0,27,167,167,0,0.0027,0.056
1478,ORPHA:95712,Thyroid ectopia,26,0,20,44,44,0,0.0027,0.026
1479,ORPHA:792,X-linked retinoschisis,16,0,12,120,120,0,0.0027,0.016
1480,ORPHA:75496,B4GALT7-related spondylodysplastic Ehlers-Danlos syndrome,37,1,27,192,192,0,0.0027,0.033
1481,ORPHA:569274,Multiple mitochondrial dysfunctions syndrome type 5,18,0,15,68,68,0,0.0027,0.018
1482,ORPHA:833,Encephalopathy due to sulfite oxidase deficiency,21,0,14,55,55,0,0.0027,0.018
1483,ORPHA:2348,"Familial partial lipodystrophy, Dunnigan type",33,0,24,68,68,0,0.0027,0.032
1484,ORPHA:98907,Neutral lipid storage disease with ichthyosis,30,0,21,52,52,0,0.0027,0.018
1485,ORPHA:75566,Loeffler endocarditis,27,0,17,194,194,0,0.0027,0.033
1486,ORPHA:650,LCAT deficiency,13,0,7,18,18,0,0.0027,0.01
1487,ORPHA:79076,Juvenile polyposis of infancy,43,0,23,171,171,0,0.0027,0.028
1488,ORPHA:2930,Cronkhite-Canada syndrome,33,0,24,115,115,0,0.0027,0.027
1489,ORPHA:565,Menkes disease,55,0,45,402,402,0,0.0027,0.027
1490,ORPHA:2176,Infantile systemic hyalinosis,37,0,29,134,134,0,0.0027,0.029
1491,ORPHA:3465,Worster-Drought syndrome,18,0,12,61,61,0,0.0027,0.056
1492,ORPHA:1652,Dent disease,40,0,21,280,280,2,0.0027,0.149
1493,ORPHA:79345,Brachytelephalangic chondrodysplasia punctata,55,0,29,420,420,0,0.0027,0.06
1494,OMIM:614300,Hypermethioninemia due to adenosine kinase deficiency,30,0,16,72,72,0,0.0026,0.013
1495,OMIM:615369,Develomental and epileptic encephalopathy 94,17,0,14,136,136,0,0.0026,0.018
1496,OMIM:617391,"Epileptic encephalopathy, early infantile, 54",17,0,14,121,121,0,0.0026,0.018
1497,OMIM:610015,"Glutamine deficiency, congenital",28,0,18,72,72,1,0.0026,0.108
1498,OMIM:617086,Encephalopathy due to defective mitochondrial and peroxisomal fission 2,21,0,19,102,102,0,0.0026,0.019
1499,OMIM:219100,"Cutis laxa, autosomal recessive, type IA",24,0,14,52,52,0,0.0026,0.024
1500,OMIM:618228,"Mitochondrial complex I deficiency, nuclear type 6",29,0,26,69,69,0,0.0026,0.019
1501,OMIM:264470,Peroxisomal acyl-CoA oxidase deficiency,35,0,19,116,116,0,0.0026,0.018
1502,OMIM:616199,Polyglucosan body myopathy 2,12,0,8,37,37,0,0.0026,0.011
1503,OMIM:619080,Kilquist syndrome,25,0,9,54,54,0,0.0026,0.024
1504,OMIM:609056,Salt and pepper developmental regression syndrome,23,0,18,96,96,0,0.0026,0.018
1505,OMIM:621487,"Mitochondrial complex IV deficiency, nuclear type 25 ",22,0,11,41,41,0,0.0026,0.024
1506,OMIM:613559,Combined oxidative phosphorylation deficiency 7,28,0,20,94,94,0,0.0026,0.051
1507,OMIM:249270,Thiamine-Responsive megaloblastic anemia syndrome,25,0,22,36,36,0,0.0026,0.022
1508,OMIM:620783,Developmental and epileptic encephalopathy 115,20,0,17,125,125,0,0.0026,0.028
1509,OMIM:613177,"Cutis laxa, autosomal recessive, type IC",47,0,22,194,194,0,0.0026,0.026
1510,OMIM:618225,"Mitochondrial complex I deficiency, nuclear type 4",23,0,20,74,74,0,0.0026,0.018
1511,OMIM:614970,Joubert syndrome 20,12,0,9,23,23,0,0.0026,0.013
1512,OMIM:608654,"Neuropathy, hereditary sensory and autonomic, type V",20,0,11,52,52,0,0.0026,0.018
1513,OMIM:308300,Incontinentia pigmenti,45,0,35,214,214,0,0.0026,0.035
1514,OMIM:617954,Multiple mitochondrial dysfunctions syndrome 6,23,0,19,111,111,0,0.0026,0.018
1515,OMIM:617771,Developmental and epileptic encephalopathy 57,15,0,9,78,78,0,0.0026,0.018
1516,OMIM:614052,"Mitochondrial complex V (ATP synthase) deficiency, nuclear type 2",39,0,22,91,91,1,0.0026,0.108
1517,OMIM:245570,"Epilepsy, focal, with speech disorder and with or without impaired intellectual development",22,0,14,139,139,0,0.0026,0.02
1518,OMIM:619167,"Mitochondrial complex II deficiency, nuclear type 3",26,0,18,60,60,0,0.0026,0.018
1519,ORPHA:101028,Transaldolase deficiency,18,0,16,20,20,0,0.0026,0.017
1520,ORPHA:3240,Early-onset progressive leukoencephalopathy-central nervous system calcification-deafness-visual impairment syndrome,21,0,10,59,59,0,0.0026,0.018
1521,ORPHA:1525,Cranio-osteoarthropathy,14,0,12,56,56,0,0.0026,0.012
1522,ORPHA:167635,Scleromyxedema,40,0,30,88,88,0,0.0026,0.054
1523,ORPHA:60025,Pulmonary alveolar microlithiasis,41,1,24,253,253,0,0.0026,0.047
1524,ORPHA:99940,Autosomal dominant Charcot-Marie-Tooth disease type 2F,12,0,8,30,30,0,0.0026,0.015
1525,ORPHA:139485,Autosomal recessive ataxia due to ubiquinone deficiency,24,0,17,97,97,0,0.0026,0.022
1526,ORPHA:90103,Charcot-Marie-Tooth disease-deafness-intellectual disability syndrome,29,0,14,172,172,0,0.0026,0.015
1527,ORPHA:168782,Childhood disintegrative disorder,16,0,11,92,92,0,0.0026,0.018
1528,ORPHA:90062,Acute liver failure,50,0,32,260,260,1,0.0026,0.18
1529,ORPHA:565612,Primary triglyceride deposit cardiomyovasculopathy,28,0,20,73,73,0,0.0026,0.027
1530,ORPHA:848,Beta-thalassemia,21,0,19,25,25,0,0.0026,0.01
1531,ORPHA:79083,PPARG-related familial partial lipodystrophy,34,0,23,93,93,0,0.0026,0.034
1532,ORPHA:726,Alpers-Huttenlocher syndrome,19,0,19,112,112,0,0.0026,0.018
1533,ORPHA:2485,Melorheostosis,17,0,14,49,49,0,0.0026,0.011
1534,OMIM:158350,Cowden syndrome 1,45,0,30,134,134,0,0.0025,0.066
1535,OMIM:312750,Rett syndrome,31,0,21,157,157,0,0.0025,0.024
1536,OMIM:203700,Mitochondrial DNA depletion syndrome 4A (Alpers type),46,0,33,288,288,0,0.0025,0.026
1537,OMIM:127550,"Dyskeratosis congenita, autosomal dominant, 1",30,0,20,75,75,0,0.0025,0.019
1538,OMIM:611726,"Epilepsy, progressive myoclonic 3, with or without intracellular inclusions",16,0,14,79,79,0,0.0025,0.018
1539,OMIM:614924,Combined oxidative phosphorylation deficiency 12,35,0,20,138,138,0,0.0025,0.018
1540,OMIM:301111,"Intellectual developmental disorder, X-linked 112",41,0,30,122,122,0,0.0025,0.053
1541,OMIM:220120,D-glyceric aciduria,40,0,26,253,253,2,0.0025,0.162
1542,OMIM:612843,"Keratosis follicularis spinulosa decalvans, autosomal dominant",18,0,11,86,86,0,0.0025,0.038
1543,OMIM:617913,"Neurodevelopmental disorder with microcephaly, cataracts, and renal abnormalities",36,0,23,130,130,0,0.0025,0.034
1544,OMIM:308800,"Keratosis follicularis spinulosa decalvans, X-linked",18,0,9,91,91,0,0.0025,0.038
1545,OMIM:616809,Hyperphosphatasia with impaired intellectual development syndrome 6,41,0,19,131,131,0,0.0025,0.024
1546,OMIM:618141,"Epileptic encephalopathy, early infantile, 67",19,0,15,171,171,0,0.0025,0.018
1547,OMIM:616346,"Epileptic encephalopathy, early infantile, 31",20,0,14,154,154,0,0.0025,0.018
1548,OMIM:300672,Developmental and epileptic encephalopathy 2,31,0,14,153,153,0,0.0025,0.023
1549,OMIM:618156,Squalene synthase deficiency,36,0,16,78,78,0,0.0025,0.034
1550,OMIM:618618,"Spondyloepiphyseal dysplasia, Nishimura type",30,0,17,130,130,0,0.0025,0.056
1551,OMIM:256800,"Insensitivity to pain, congenital, with anhidrosis",26,0,15,73,73,0,0.0025,0.035
1552,OMIM:615338,Developmental and epileptic encephalopathy 16,19,0,16,84,84,0,0.0025,0.018
1553,OMIM:300919,"Intellectual developmental disorder, X-linked 99",17,0,13,23,23,0,0.0025,0.021
1554,OMIM:615924,"Encephalopathy, progressive, with or without lipodystrophy",19,0,17,136,136,0,0.0025,0.02
1555,OMIM:230600,"GM1-gangliosidosis, type II",34,0,25,126,126,0,0.0025,0.026
1556,OMIM:616682,"Seizures, scoliosis, and macrocephaly/microcephaly syndrome",39,0,28,139,139,0,0.0025,0.024
1557,OMIM:127000,"Kenny-caffey syndrome, type 2",21,0,12,41,41,0,0.0025,0.036
1558,OMIM:226600,"Epidermolysis bullosa dystrophica, autosomal recessive",25,0,16,75,75,0,0.0025,0.026
1559,OMIM:235255,"Mullerian derivatives, persistence of, with lymphangiectasia and postaxial polydactyly",41,0,20,167,167,1,0.0025,0.158
1560,OMIM:618497,Neurodevelopmental disorder with seizures and nonepileptic hyperkinetic movements,28,0,20,159,159,0,0.0025,0.024
1561,OMIM:269700,"Lipodystrophy, congenital generalized, type 2",40,0,20,101,101,0,0.0025,0.018
1562,ORPHA:485421,MFF-related encephalopathy due to mitochondrial and peroxisomal fission defect,29,0,24,175,175,0,0.0025,0.028
1563,ORPHA:3197,Hereditary hyperekplexia,21,0,18,95,95,0,0.0025,0.04
1564,ORPHA:178475,Wound botulism,15,0,12,18,18,0,0.0025,0.026
1565,ORPHA:95428,COG8-CDG,24,0,13,88,88,0,0.0025,0.018
1566,ORPHA:199241,Pulmonary capillary hemangiomatosis,23,0,12,131,131,0,0.0025,0.013
1567,ORPHA:401869,Multiple mitochondrial dysfunctions syndrome type 1,24,0,15,72,72,0,0.0025,0.018
1568,ORPHA:440713,Isolated sedoheptulokinase deficiency,28,0,17,60,60,0,0.0025,0.01
1569,ORPHA:2538,Microgastria-limb reduction defect syndrome,48,0,33,244,244,0,0.0025,0.04
1570,ORPHA:254361,Plectin-related limb-girdle muscular dystrophy R17,33,1,17,153,153,1,0.0025,0.155
1571,ORPHA:313855,FGFR2-related bent bone dysplasia,27,1,11,102,102,0,0.0025,0.053
1572,ORPHA:86843,Acute panmyelosis with myelofibrosis,15,0,5,60,60,0,0.0025,0.026
1573,ORPHA:77261,Gaucher disease type 3,40,0,36,112,112,0,0.0025,0.053
1574,ORPHA:796,Sandhoff disease,19,1,15,25,25,0,0.0025,0.033
1575,ORPHA:391417,HSD10 disease,37,0,30,291,291,0,0.0025,0.06
1576,ORPHA:180229,Polyembryoma,19,0,15,23,23,0,0.0025,0.007
1577,ORPHA:453510,Congenital insensitivity to pain with severe intellectual disability,29,1,15,81,81,0,0.0025,0.018
1578,ORPHA:702,Pelizaeus-Merzbacher disease,32,0,30,129,129,0,0.0025,0.018
1579,ORPHA:1183,Opsoclonus-myoclonus syndrome,22,0,17,61,61,0,0.0025,0.047
1580,ORPHA:276621,Sporadic pheochromocytoma/secreting paraganglioma,46,0,28,201,201,0,0.0025,0.056
1581,ORPHA:600,Vocal cord and pharyngeal distal myopathy,29,2,17,125,125,1,0.0025,0.183
1582,ORPHA:230800,Toxin-mediated infectious botulism,12,0,10,18,18,0,0.0025,0.026
1583,ORPHA:221098,Glossopharyngeal neuralgia,28,0,17,89,89,0,0.0025,0.046
1584,ORPHA:79138,Bickerstaff brainstem encephalitis,47,1,31,405,405,2,0.0025,0.167
1585,ORPHA:93585,Immune-mediated thrombotic thrombocytopenic purpura,41,0,23,133,133,0,0.0025,0.037
1586,OMIM:616271,"3-Methylglutaconic aciduria with cataracts, neurologic involvement, and neutropenia",51,0,39,258,258,0,0.0024,0.032
1587,OMIM:600175,"Neuronopathy, distal hereditary motor, type VIII",20,0,16,103,103,0,0.0024,0.016
1588,OMIM:619150,Intellectual developmental disorder with paroxysmal dyskinesia or seizures,23,0,17,212,212,0,0.0024,0.02
1589,OMIM:226750,Kohlschutter-Tonz syndrome,21,0,16,176,176,0,0.0024,0.02
1590,OMIM:619147,"Leukoencephalopathy, progressive, infantile-onset, with or without deafness",35,0,21,120,120,0,0.0024,0.018
1591,OMIM:619769,"Macrocephaly, neurodevelopmental delay, lymphoid hyperplasia, and persistent fetal hemoglobin",26,0,16,58,58,0,0.0024,0.024
1592,OMIM:613287,"Charcot-Marie-Tooth disease, axonal, type 2N",14,0,9,37,37,0,0.0024,0.02
1593,OMIM:613090,"Bartter syndrome, type 4B, neonatal, with sensorineural deafness",23,0,12,58,58,0,0.0024,0.01
1594,OMIM:248370,Mandibuloacral dysplasia,46,0,30,335,335,2,0.0024,0.163
1595,OMIM:616414,"Autoimmune interstitial lung, joint, and kidney disease",15,0,8,31,31,0,0.0024,0.037
1596,OMIM:600705,Satoyoshi syndrome,18,0,15,36,36,0,0.0024,0.027
1597,OMIM:616629,Senior-Loken syndrome 9,17,0,12,20,20,0,0.0024,0.01
1598,OMIM:620167,Combined oxidative phosphorylation deficiency 57,31,0,17,67,67,0,0.0024,0.018
1599,OMIM:619057,Combined oxidative phosphorylation deficiency 51,18,0,12,16,16,0,0.0024,0.012
1600,OMIM:617903,Neurodevelopmental disorder with poor language and loss of hand skills,22,0,14,143,143,0,0.0024,0.018
1601,OMIM:193520,Watson syndrome,15,0,5,18,18,0,0.0024,0.007
1602,OMIM:616981,"Epileptic encephalopathy, early infantile, 37",21,0,15,142,142,0,0.0024,0.018
1603,OMIM:614038,"Lymphedema, primary, with myelodysplasia",13,0,7,17,17,0,0.0024,0.014
1604,OMIM:612109,Oculoauricular syndrome,32,0,17,329,329,0,0.0024,0.041
1605,OMIM:300088,"Epileptic encephalopathy, early infantile, 9",19,0,16,171,171,0,0.0024,0.018
1606,OMIM:614961,"Pontocerebellar hypoplasia, type 8",48,1,29,259,259,0,0.0024,0.032
1607,OMIM:614021,"Ventricular tachycardia, catecholaminergic polymorphic, 3",12,0,6,55,55,0,0.0024,0.01
1608,OMIM:610131,"Progressive external ophthalmoplegia with mitochondrial DNA deletions, autosomal dominant 4",28,1,21,62,62,0,0.0024,0.023
1609,OMIM:618235,"Mitochondrial complex I deficiency, nuclear type 13",27,0,23,107,107,0,0.0024,0.018
1610,OMIM:231680,Multiple acyl-CoA dehydrogenation deficiency,42,0,21,169,169,0,0.0024,0.018
1611,OMIM:185000,Overhydrated hereditary stomatocytosis,13,0,7,18,18,0,0.0024,0.009
1612,OMIM:216360,Coach syndrome 1,41,0,27,157,157,0,0.0024,0.018
1613,OMIM:259700,"Osteopetrosis, autosomal recessive 1",34,0,24,138,138,0,0.0024,0.017
1614,OMIM:619851,"Leukodystrophy, hypomyelinating, 24",18,1,14,79,79,0,0.0024,0.018
1615,OMIM:602782,Histiocytosis-lymphadenopathy plus syndrome,49,1,30,198,198,0,0.0024,0.028
1616,OMIM:617600,"Intellectual developmental disorder, autosomal dominant 45",30,0,23,215,215,0,0.0024,0.02
1617,OMIM:616668,"Charcot-Marie-Tooth disease, axonal, type 2X",22,0,15,130,130,0,0.0024,0.014
1618,OMIM:310400,"Myopathy, centronuclear, X-linked",35,0,23,127,127,1,0.0024,0.171
1619,OMIM:618718,"Neurodevelopmental disorder with behavioral abnormalities, absent speech, and hypotonia",28,0,19,188,188,0,0.0024,0.02
1620,OMIM:615996,Bardet-Biedl syndrome 19,27,0,23,47,47,0,0.0024,0.041
1621,OMIM:253270,Holocarboxylase synthetase deficiency,22,0,18,37,37,0,0.0024,0.009
1622,OMIM:618285,Developmental and epileptic encephalopathy 69,20,0,11,102,102,0,0.0024,0.015
1623,OMIM:611881,Glycogen storage disease XII,28,1,16,61,61,0,0.0024,0.011
1624,ORPHA:79455,Cutaneous mastocytoma,30,0,19,206,206,0,0.0024,0.034
1625,ORPHA:330050,DNM1L-related encephalopathy due to mitochondrial and peroxisomal fission defect,30,0,23,198,198,0,0.0024,0.018
1626,ORPHA:85202,Keutel syndrome,24,0,13,45,45,0,0.0024,0.024
1627,ORPHA:1454,Joubert syndrome with hepatic defect,48,0,31,201,201,0,0.0024,0.024
1628,ORPHA:269,Facioscapulohumeral dystrophy,37,0,20,170,170,1,0.0024,0.178
1629,ORPHA:488618,Transketolase deficiency,27,1,19,60,60,0,0.0024,0.038
1630,ORPHA:314911,Severe Canavan disease,34,0,20,181,181,0,0.0024,0.024
1631,ORPHA:401874,Multiple mitochondrial dysfunctions syndrome type 2,28,0,17,123,123,0,0.0024,0.018
1632,ORPHA:457406,Multiple mitochondrial dysfunctions syndrome type 4,22,0,14,100,100,0,0.0024,0.018
1633,ORPHA:71517,Rapid-onset dystonia-parkinsonism,20,0,14,141,141,1,0.0024,0.161
1634,ORPHA:83617,Agammaglobulinemia-microcephaly-craniosynostosis-severe dermatitis syndrome,53,1,26,249,249,0,0.0024,0.042
1635,ORPHA:33572,5-oxoprolinase deficiency,19,0,15,31,31,0,0.0024,0.025
1636,ORPHA:300536,DDOST-CDG,23,0,15,31,31,0,0.0024,0.023
1637,ORPHA:88661,Amelogenesis imperfecta,16,0,8,120,120,0,0.0024,0.011
1638,ORPHA:168621,"Dysplasia of head of femur, Meyer type",13,0,6,24,24,0,0.0024,0.026
1639,ORPHA:466722,Autosomal recessive spastic paraplegia type 77,37,1,20,224,224,0,0.0024,0.024
1640,ORPHA:391428,"HSD10 disease, infantile type",51,0,37,440,440,1,0.0024,0.18
1641,ORPHA:2369,Limb body wall complex,49,0,35,215,215,1,0.0024,0.171
1642,ORPHA:98977,Juvenile glaucoma,15,0,9,105,105,0,0.0024,0.027
1643,ORPHA:59303,Neonatal ichthyosis-sclerosing cholangitis syndrome,15,0,11,53,53,0,0.0024,0.017
1644,ORPHA:293948,1p21.3 microdeletion syndrome,25,0,16,84,84,0,0.0024,0.022
1645,ORPHA:309155,"Sandhoff disease, infantile form",23,1,13,103,103,0,0.0024,0.022
1646,ORPHA:79101,Hyperprolinemia type 2,51,0,36,558,558,3,0.0024,0.141
1647,ORPHA:100093,Carcinoid syndrome,27,0,13,63,63,0,0.0024,0.027
1648,ORPHA:309263,"Metachromatic leukodystrophy, juvenile form",37,1,21,298,298,1,0.0024,0.152
1649,ORPHA:500545,Severe neurodevelopmental disorder with feeding difficulties-stereotypic hand movement-bilateral cataract,23,0,12,102,102,0,0.0024,0.018
1650,ORPHA:2141,Diaphragmatic defect-limb deficiency-skull defect syndrome,16,0,14,79,79,0,0.0024,0.024
1651,ORPHA:1686,Cardiac diverticulum,42,1,31,574,574,1,0.0024,0.183
1652,ORPHA:440437,Familial colorectal cancer Type X,50,0,40,426,426,0,0.0024,0.027
1653,ORPHA:79323,MPDU1-CDG,26,0,15,46,46,0,0.0024,0.02
1654,ORPHA:85167,Spondylometaphyseal dysplasia-cone-rod dystrophy syndrome,38,0,31,311,311,0,0.0024,0.018
1655,OMIM:607208,"Epileptic encephalopathy, early infantile, 6 (Dravet syndrome)",23,0,18,231,231,0,0.0023,0.019
1656,OMIM:560000,"Renal tubulopathy, diabetes mellitus, and cerebellar ataxia",21,0,17,21,21,0,0.0023,0.012
1657,OMIM:309400,Menkes disease,26,0,21,85,85,0,0.0023,0.018
1658,OMIM:618088,"Neurodevelopmental disorder with regression, abnormal movements, loss of speech, and seizures",24,0,19,194,194,0,0.0023,0.018
1659,OMIM:607625,"Niemann-pick disease, type C2",33,0,19,137,137,0,0.0023,0.052
1660,OMIM:612438,"Leukodystrophy, hypomyelinating, 6",26,0,22,172,172,0,0.0023,0.02
1661,OMIM:181350,"Emery-Dreifuss muscular dystrophy 2, autosomal dominant",57,0,29,760,760,0,0.0023,0.016
1662,OMIM:614299,Multiple mitochondrial dysfunctions syndrome 2 with hyperglycinemia,33,0,23,106,106,0,0.0023,0.018
1663,OMIM:619795,"Osteogenesis imperfecta, type XXII",17,1,12,47,47,0,0.0023,0.03
1664,OMIM:257220,"Niemann-pick disease, type C1",30,0,16,134,134,0,0.0023,0.052
1665,OMIM:305000,"Dyskeratosis congenita, X-linked",52,0,36,212,212,0,0.0023,0.038
1666,OMIM:231950,Glutathioninuria,17,0,12,34,34,0,0.0023,0.036
1667,OMIM:620089,"Neurodegeneration, childhood-onset, with multisystem involvement due to mitochondrial dysfunction",33,0,22,121,121,0,0.0023,0.018
1668,OMIM:253290,"Multiple pterygium syndrome, Lethal type",25,0,16,62,62,0,0.0023,0.064
1669,OMIM:265050,3MC syndrome 2,37,0,21,230,230,2,0.0023,0.161
1670,OMIM:616777,Seckel syndrome 9,28,1,17,49,49,0,0.0023,0.035
1671,OMIM:271900,Canavan disease,24,0,17,99,99,0,0.0023,0.018
1672,OMIM:617052,Bone marrow failure syndrome 3,56,0,36,188,188,0,0.0023,0.038
1673,OMIM:613630,Fetal encasement syndrome,18,0,12,26,26,0,0.0023,0.024
1674,OMIM:621123,Achalasia-progeroid syndrome,26,0,14,32,32,0,0.0023,0.024
1675,OMIM:617862,"Neurodevelopmental disorder with microcephaly, epilepsy, and brain atrophy",25,0,17,194,194,0,0.0023,0.023
1676,OMIM:607330,Lathosterolosis,36,0,15,118,118,0,0.0023,0.037
1677,OMIM:620969,"Anemia, congenital dyserythropoietic, type IVb",34,0,11,177,177,0,0.0023,0.032
1678,OMIM:614399,"Myopathy, areflexia, respiratory distress, and dysphagia, early-onset",33,0,21,139,139,1,0.0023,0.171
1679,OMIM:620772,Developmental and epileptic encephalopathy 113,24,0,15,103,103,0,0.0023,0.018
1680,OMIM:620014,Lymphatic malformation 12,13,0,5,20,20,0,0.0023,0.006
1681,OMIM:108120,"Arthrogryposis, distal, type 1A",32,2,16,231,231,1,0.0023,0.175
1682,OMIM:616756,Spastic paraplegia and psychomotor retardation with or without seizures,28,0,25,137,137,0,0.0023,0.018
1683,OMIM:620423,Multiple mitochondrial dysfunctions syndrome 7,51,0,30,477,477,3,0.0023,0.168
1684,OMIM:615516,"Intellectual developmental disorder, autosomal recessive 38",22,0,16,104,104,0,0.0023,0.013
1685,OMIM:233450,Goodpasture syndrome,34,0,21,146,146,0,0.0023,0.037
1686,OMIM:270420,"Diarrhea 3, secretory sodium, congenital, with or without other congenital anomalies",16,0,9,23,23,0,0.0023,0.004
1687,OMIM:617166,Developmental and epileptic encephalopathy 47,26,0,15,178,178,0,0.0023,0.017
1688,OMIM:256731,"Ceroid lipofuscinosis, neuronal, 5",23,0,17,126,126,0,0.0023,0.018
1689,OMIM:619013,Rajab interstitial lung disease with brain calcifications 2,25,0,17,35,35,0,0.0023,0.017
1690,OMIM:618090,Neurodevelopmental disorder with epilepsy and hypoplasia of the corpus callosum,23,0,19,191,191,0,0.0023,0.02
1691,ORPHA:73272,Growth delay due to insulin-like growth factor type 1 deficiency,42,0,27,125,125,1,0.0023,0.162
1692,ORPHA:24,Fumaric aciduria,44,0,26,188,188,1,0.0023,0.18
1693,ORPHA:37,Acrodermatitis enteropathica,31,0,22,118,118,0,0.0023,0.037
1694,ORPHA:63862,Schisis association,15,0,11,23,23,0,0.0023,0.024
1695,ORPHA:1521,Craniofrontonasal dysplasia-Poland anomaly syndrome,26,0,11,110,110,1,0.0023,0.155
1696,ORPHA:352479,ISPD-related limb-girdle muscular dystrophy R20,16,0,10,30,30,0,0.0023,0.01
1697,ORPHA:1560,Cysticercosis,49,0,36,581,581,0,0.0023,0.04
1698,ORPHA:276280,Hemihyperplasia-multiple lipomatosis syndrome,19,0,12,35,35,0,0.0023,0.034
1699,ORPHA:179,Birdshot chorioretinopathy,23,2,15,253,253,0,0.0023,0.023
1700,ORPHA:238329,Severe X-linked mitochondrial encephalomyopathy,23,0,14,85,85,0,0.0023,0.02
1701,ORPHA:52503,X-linked creatine transporter deficiency,26,0,23,97,97,0,0.0023,0.025
1702,ORPHA:88618,S-adenosylhomocysteine hydrolase deficiency,44,0,31,150,150,0,0.0023,0.018
1703,ORPHA:70472,"Congenital lactic acidosis, Saguenay-Lac-Saint-Jean type",45,0,33,306,306,0,0.0023,0.027
1704,ORPHA:77260,Gaucher disease type 2,33,0,24,85,85,0,0.0023,0.033
1705,ORPHA:98912,"Late-onset distal myopathy, Markesbery-Griggs type",20,0,8,98,98,0,0.0023,0.01
1706,ORPHA:1930,Herpes simplex virus encephalitis,30,0,23,169,169,1,0.0023,0.131
1707,ORPHA:75564,Acquired idiopathic sideroblastic anemia,28,0,18,245,245,0,0.0023,0.03
1708,ORPHA:66634,Dilated cardiomyopathy with ataxia,37,0,23,114,114,0,0.0023,0.022
1709,ORPHA:293181,Epilepsy of infancy with migrating focal seizures,25,0,23,146,146,0,0.0023,0.022
1710,ORPHA:100998,Autosomal dominant spastic paraplegia type 17,16,0,12,57,57,0,0.0023,0.011
1711,ORPHA:363558,New-onset refractory status epilepticus,37,0,32,469,469,0,0.0023,0.058
1712,ORPHA:411629,Infantile nephropathic cystinosis,27,2,19,91,91,0,0.0023,0.017
1713,ORPHA:100924,Porphyria due to ALA dehydratase deficiency,42,1,25,230,230,2,0.0023,0.147
1714,ORPHA:309271,"Metachromatic leukodystrophy, adult form",48,1,26,561,561,2,0.0023,0.152
1715,ORPHA:585,Multiple sulfatase deficiency,30,0,24,77,77,0,0.0023,0.018
1716,ORPHA:157794,Hereditary mixed polyposis syndrome,18,0,5,117,117,0,0.0023,0.014
1717,ORPHA:512,Metachromatic leukodystrophy,45,0,32,345,345,0,0.0023,0.026
1718,ORPHA:603,"Distal myopathy, Welander type",12,0,3,31,31,0,0.0023,0.01
1719,ORPHA:79127,Respiratory bronchiolitis-interstitial lung disease syndrome,22,0,11,153,153,0,0.0023,0.033
1720,ORPHA:1742,Trisomy 5p syndrome,17,0,12,19,19,0,0.0023,0.014
1721,ORPHA:29072,Hereditary pheochromocytoma-paraganglioma,51,0,29,268,268,0,0.0023,0.056
1722,ORPHA:428,Autosomal dominant hypocalcemia,30,0,21,78,78,0,0.0023,0.036
1723,ORPHA:280062,Calciphylaxis,13,0,6,12,12,0,0.0023,0.006
1724,ORPHA:251643,Myxopapillary ependymoma,12,0,9,18,18,0,0.0023,0.026
1725,ORPHA:2203,Hyperlysinemia,57,0,28,459,459,2,0.0023,0.108
1726,ORPHA:464329,Kaposiform lymphangiomatosis,46,0,35,204,204,0,0.0023,0.023
1727,OMIM:615630,Short-Rib thoracic dysplasia 10 with or without polydactyly,30,0,25,72,72,0,0.0022,0.018
1728,OMIM:621224,Ectodermal dysplasia 17 with or without limb malformations,55,0,33,388,388,0,0.0022,0.078
1729,OMIM:620305,Neurooculorenal syndrome,46,0,22,128,128,1,0.0022,0.148
1730,OMIM:208085,"Arthrogryposis, renal dysfunction, and cholestasis 1",39,0,24,75,75,0,0.0022,0.015
1731,OMIM:615419,"Hypotonia, infantile, with psychomotor retardation and characteristic facies 1",36,0,21,140,140,0,0.0022,0.024
1732,OMIM:236792,L-2-hydroxyglutaric aciduria,21,0,15,109,109,0,0.0022,0.018
1733,OMIM:300209,"Simpson-Golabi-Behmel syndrome, type 2",16,0,13,27,27,0,0.0022,0.008
1734,OMIM:614458,Thiamine metabolism dysfunction syndrome 5 (episodic encephalopathy type),29,0,23,200,200,0,0.0022,0.02
1735,OMIM:300816,Combined oxidative phosphorylation deficiency 6,23,0,16,121,121,0,0.0022,0.018
1736,OMIM:617435,Lopes-Maciel-Rodan syndrome,31,0,20,281,281,0,0.0022,0.028
1737,OMIM:619224,"Mitochondrial complex II deficiency, nuclear type 4",26,0,15,146,146,0,0.0022,0.02
1738,OMIM:252011,Mitochondrial complex II deficiency,34,0,24,131,131,0,0.0022,0.018
1739,OMIM:174800,"McCune-Albright syndrome, somatic, mosaic",21,0,12,50,50,0,0.0022,0.003
1740,OMIM:615849,Culler-Jones syndrome,50,1,27,267,267,1,0.0022,0.18
1741,OMIM:609284,Nemaline myopathy 1,19,0,12,77,77,0,0.0022,0.012
1742,OMIM:260400,Shwachman-Diamond syndrome 1,35,0,19,111,111,0,0.0022,0.032
1743,OMIM:617669,"Encephalopathy, progressive, early-onset, with brain atrophy and spasticity",26,0,18,162,162,0,0.0022,0.028
1744,OMIM:616589,Adams-Oliver syndrome 6,15,0,11,29,29,0,0.0022,0.017
1745,OMIM:259720,"Osteopetrosis, autosomal recessive 5",52,0,36,258,258,1,0.0022,0.169
1746,OMIM:608940,Spondylometaphyseal dysplasia with cone-rod dystrophy,44,0,35,355,355,0,0.0022,0.019
1747,OMIM:239200,"Hyperparathyroidism, neonatal severe",23,0,14,41,41,0,0.0022,0.011
1748,OMIM:617450,Intellectual developmental disorder with gastrointestinal difficulties and high pain threshold,34,0,19,76,76,0,0.0022,0.024
1749,OMIM:619075,Neurodevelopmental disorder with alopecia and brain abnormalities,39,0,22,137,137,1,0.0022,0.18
1750,OMIM:621449,"Osteopetrosis, autosomal dominant 4",19,1,9,48,48,0,0.0022,0.03
1751,OMIM:208400,Aspartylglucosaminuria,46,0,31,252,252,0,0.0022,0.042
1752,OMIM:619738,"Parkinsonism-dystonia 3, childhood-onset",24,0,19,190,190,0,0.0022,0.018
1753,OMIM:606595,"Charcot-Marie-Tooth disease, axonal, type 2F",15,0,8,53,53,0,0.0022,0.015
1754,OMIM:608779,"Congenital disorder of glycosylation, type IIe",56,0,29,237,237,1,0.0022,0.178
1755,OMIM:617711,Developmental and epileptic encephalopathy 91,33,0,23,205,205,0,0.0022,0.018
1756,OMIM:256550,Neuraminidase deficiency,33,1,25,78,78,0,0.0022,0.027
1757,OMIM:614582,Combined oxidative phosphorylation deficiency 9,18,0,11,49,49,0,0.0022,0.018
1758,OMIM:616154,Peroxisomal fatty acyl-CoA reductase 1 disorder,21,0,12,76,76,0,0.0022,0.018
1759,OMIM:614863,Peroxisome biogenesis disorder 4B,23,0,20,35,35,0,0.0022,0.006
1760,OMIM:614652,"Coenzyme Q10 deficiency, primary, 3",12,0,9,15,15,0,0.0022,0.005
1761,OMIM:620068,"Charcot-Marie-Tooth disease, axonal, type 2II",23,0,14,127,127,0,0.0022,0.015
1762,OMIM:203450,Alexander disease,19,0,10,107,107,0,0.0022,0.018
1763,OMIM:168300,Paramyotonia congenita,41,0,30,162,162,1,0.0022,0.166
1764,ORPHA:101076,X-linked Charcot-Marie-Tooth disease type 2,26,0,13,130,130,0,0.0022,0.022
1765,ORPHA:38,Acrokeratoelastoidosis of Costa,12,0,6,47,47,0,0.0022,0.007
1766,ORPHA:99879,Familial isolated hyperparathyroidism,13,0,6,21,21,0,0.0022,0.011
1767,ORPHA:370927,SSR4-CDG,28,0,24,50,50,0,0.0022,0.024
1768,ORPHA:44,Neonatal adrenoleukodystrophy,29,0,21,67,67,0,0.0022,0.018
1769,ORPHA:477774,Combined oxidative phosphorylation defect type 27,29,0,15,182,182,0,0.0022,0.024
1770,ORPHA:2770,Nasu-Hakola disease,28,0,23,189,189,0,0.0022,0.018
1771,ORPHA:280229,Pelizaeus-Merzbacher disease in female carriers,28,0,17,162,162,0,0.0022,0.014
1772,ORPHA:401866,Childhood-onset spasticity with hyperglycinemia,23,0,16,102,102,0,0.0022,0.012
1773,ORPHA:36387,Genetic epilepsy with febrile seizure plus,28,1,21,262,262,0,0.0022,0.031
1774,ORPHA:36386,Hereditary sensory and autonomic neuropathy type 1,29,0,15,102,102,0,0.0022,0.027
1775,ORPHA:93941,Laryngotracheoesophageal cleft type 4,12,0,8,14,14,0,0.0022,0.007
1776,ORPHA:294975,Isolated absence of upper arm and forearm with hand present,17,0,15,34,34,0,0.0022,0.004
1777,ORPHA:280356,PLIN1-related familial partial lipodystrophy,16,0,10,23,23,0,0.0022,0.018
1778,ORPHA:33445,Neuroectodermal melanolysosomal disease,29,1,28,115,115,0,0.0022,0.029
1779,ORPHA:280384,Recessive intellectual disability-motor dysfunction-multiple joint contractures syndrome,20,0,9,64,64,0,0.0022,0.014
1780,ORPHA:352596,Progressive myoclonic epilepsy with dystonia,22,0,15,139,139,0,0.0022,0.018
1781,ORPHA:93160,Hypocalcemic vitamin D-resistant rickets,28,0,23,160,160,0,0.0022,0.052
1782,ORPHA:90050,Retinopathy of prematurity,15,0,11,78,78,0,0.0022,0.011
1783,ORPHA:95715,Congenital hypothyroidism due to transplacental passage of TSH-binding inhibitory antibodies,19,0,9,22,22,0,0.0022,0.01
1784,ORPHA:95706,Non-syndromic posterior hypospadias,16,0,7,21,21,0,0.0022,0.024
1785,ORPHA:1318,"Campomelia, Cumming type",26,0,21,52,52,0,0.0022,0.008
1786,ORPHA:56305,Atelosteogenesis type III,27,1,16,221,221,0,0.0022,0.062
1787,ORPHA:1834,Axial mesodermal dysplasia spectrum,42,0,31,159,159,0,0.0022,0.024
1788,ORPHA:778,Rett syndrome,35,1,19,234,234,0,0.0022,0.029
1789,ORPHA:822,Hereditary spherocytosis,27,0,18,64,64,0,0.0022,0.026
1790,ORPHA:2382,Lennox-Gastaut syndrome,25,0,19,276,276,0,0.0022,0.022
1791,ORPHA:834,Free sialic acid storage disease,30,0,28,79,79,0,0.0022,0.033
1792,ORPHA:363454,BICD2-related autosomal dominant childhood-onset proximal spinal muscular atrophy,17,0,13,65,65,0,0.0022,0.012
1793,ORPHA:1947,Northern epilepsy,39,0,28,395,395,0,0.0022,0.025
1794,ORPHA:445038,3-methylglutaconic aciduria-neonatal cataract-neurologic involvement-congenital neutropenia syndrome,38,0,30,165,165,0,0.0022,0.018
1795,ORPHA:66624,PANDAS,23,0,7,155,155,0,0.0022,0.021
1796,ORPHA:93317,"Spondylometaphyseal dysplasia, Sedaghatian type",25,0,17,128,128,0,0.0022,0.032
1797,ORPHA:496756,Early-onset progressive encephalopathy-spastic ataxia-distal spinal muscular atrophy syndrome,22,0,13,126,126,0,0.0022,0.018
1798,ORPHA:2086,Optic pathway glioma,23,0,21,74,74,0,0.0022,0.019
1799,ORPHA:468620,Intellectual disability-epilepsy-extrapyramidal syndrome,30,0,17,282,282,0,0.0022,0.018
1800,ORPHA:1782,Dysosteosclerosis,22,0,20,67,67,0,0.0022,0.018
1801,ORPHA:79276,Acute intermittent porphyria,50,0,37,314,314,0,0.0022,0.049
1802,ORPHA:79279,Alpha-N-acetylgalactosaminidase deficiency type 1,30,0,27,123,123,0,0.0022,0.018
1803,OMIM:620460,Oculopharyngeal muscular dystrophy 2,15,0,13,20,20,0,0.0021,0.028
1804,OMIM:621034,Neurodevelopmental disorder with speech or visual impairment and brain hypomyelination,45,0,30,310,310,0,0.0021,0.028
1805,OMIM:128100,"Dystonia 1, torsion, autosomal dominant",25,0,15,188,188,1,0.0021,0.178
1806,OMIM:301500,Fabry disease,33,0,22,85,85,0,0.0021,0.025
1807,OMIM:615147,"Retinal dystrophy, iris coloboma, and comedogenic acne syndrome",13,0,5,37,37,0,0.0021,0.005
1808,OMIM:312150,"Multiple pterygium syndrome, X-linked",25,0,16,68,68,0,0.0021,0.064
1809,OMIM:616117,Cardiac conduction disease with or without dilated cardiomyopathy,13,0,8,78,78,0,0.0021,0.012
1810,OMIM:617235,"Myoclonus, intractable, neonatal",21,0,14,82,82,0,0.0021,0.028
1811,OMIM:619525,"Congenital disorder of glycosylation, type IIw",60,0,26,276,276,0,0.0021,0.032
1812,OMIM:614558,"Epileptic encephalopathy, early infantile, 13",26,0,20,278,278,0,0.0021,0.019
1813,OMIM:620774,Developmental and epileptic encephalopathy 114,37,0,26,287,287,0,0.0021,0.02
1814,OMIM:612922,"Hemolytic uremic syndrome, atypical, susceptibility to, 2",12,0,5,18,18,0,0.0021,0.011
1815,OMIM:612923,"Hemolytic uremic syndrome, atypical, susceptibility to, 3",12,0,5,18,18,0,0.0021,0.011
1816,OMIM:612926,"Hemolytic uremic syndrome, atypical, susceptibility to, 6",12,0,5,18,18,0,0.0021,0.011
1817,OMIM:616029,Ectodermal dysplasia/short stature syndrome,13,0,10,14,14,0,0.0021,0.011
1818,OMIM:615643,Neurodegeneration with brain iron accumulation 6,25,0,16,237,237,0,0.0021,0.018
1819,OMIM:608612,Mandibuloacral dysplasia with type B lipodystrophy,38,0,25,201,201,1,0.0021,0.163
1820,OMIM:613388,Fanconi renotubular syndrome 2,17,0,7,56,56,0,0.0021,0.005
1821,OMIM:619060,"Mitochondrial complex IV deficiency, nuclear type 16",25,0,12,85,85,0,0.0021,0.014
1822,OMIM:604805,"Spastic paraplegia 12, autosomal dominant",39,2,22,235,235,1,0.0021,0.178
1823,OMIM:252900,Mucopolysaccharidosis type IIIA,26,0,15,59,59,0,0.0021,0.029
1824,OMIM:618234,"Mitochondrial complex I deficiency, nuclear type 11",20,0,15,28,28,0,0.0021,0.016
1825,OMIM:619847,"Neurodegeneration, childhood-onset, with progressive microcephaly",40,0,26,255,255,0,0.0021,0.028
1826,OMIM:621260,Short-rib thoracic dysplasia 22 without polydactyly,16,0,8,33,33,0,0.0021,0.015
1827,OMIM:608194,Cone-rod dystrophy 13,25,0,16,300,300,0,0.0021,0.018
1828,OMIM:621512,Meier-Gorlin syndrome 9,52,0,33,202,202,0,0.0021,0.039
1829,OMIM:619071,"Leukodystrophy, hypomyelinating, 20",20,0,11,88,88,0,0.0021,0.012
1830,OMIM:618226,"Mitochondrial complex I deficiency, nuclear type 5",38,0,30,208,208,0,0.0021,0.027
1831,OMIM:181405,Scapuloperoneal spinal muscular atrophy,31,0,17,233,233,1,0.0021,0.178
1832,OMIM:616287,Lethal congenital contracture syndrome 8,15,0,10,33,33,0,0.0021,0.024
1833,OMIM:268800,Sandhoff disease,34,1,23,132,132,0,0.0021,0.014
1834,OMIM:615348,Nemaline myopathy 8,12,0,6,15,15,0,0.0021,0.024
1835,OMIM:610193,"Arrhythmogenic right ventricular dysplasia, familial, 10",13,0,5,46,46,0,0.0021,0.013
1836,OMIM:610187,Diaphragmatic hernia 3,22,0,14,48,48,0,0.0021,0.011
1837,OMIM:615438,Infantile liver failure syndrome 1,20,0,18,32,32,0,0.0021,0.018
1838,OMIM:619216,"Neuropathy, hereditary motor, with myopathic features",19,0,11,78,78,0,0.0021,0.01
1839,OMIM:617762,"Leukodystrophy, progressive, early childhood-onset",23,0,13,72,72,0,0.0021,0.016
1840,OMIM:621373,"Molybdenum cofactor deficiency, type B2",40,0,19,200,200,0,0.0021,0.02
1841,OMIM:615575,"Neuronopathy, distal hereditary motor, type IID",14,0,7,49,49,0,0.0021,0.01
1842,OMIM:254090,Ullrich congenital muscular dystrophy 1,36,0,21,231,231,1,0.0021,0.178
1843,OMIM:618535,"Ectodermal dysplasia 15, Hypohidrotic/hair type",12,0,8,49,49,0,0.0021,0.036
1844,OMIM:614736,Glucocorticoid deficiency 4 with or without mineralocorticoid deficiency,14,0,7,23,23,0,0.0021,0.003
1845,OMIM:603896,Leukoencephalopathy with vanishing white matter,27,0,19,134,134,0,0.0021,0.018
1846,OMIM:232300,Glycogen storage disease II,39,0,24,162,162,0,0.0021,0.033
1847,OMIM:606721,"Lipodystrophy, familial partial, type 7",54,0,30,191,191,0,0.0021,0.028
1848,ORPHA:97289,Thymic neuroendocrine tumor,24,0,15,78,78,0,0.0021,0.007
1849,ORPHA:321,Multiple osteochondromas,56,1,38,705,705,0,0.0021,0.057
1850,ORPHA:369942,CADDS,17,0,16,19,19,0,0.0021,0.011
1851,ORPHA:85278,Christianson syndrome,49,0,32,397,397,0,0.0021,0.028
1852,ORPHA:288,Hereditary elliptocytosis,23,0,16,52,52,0,0.0021,0.009
1853,ORPHA:352447,Progressive external ophthalmoplegia-myopathy-emaciation syndrome,31,0,19,73,73,0,0.0021,0.028
1854,ORPHA:139536,Distal hereditary motor neuropathy type 5,16,1,8,57,57,0,0.0021,0.01
1855,ORPHA:1563,Dahlberg-Borer-Newcomer syndrome,17,0,13,11,11,0,0.0021,0.011
1856,ORPHA:144,Lynch syndrome,60,0,46,662,662,0,0.0021,0.027
1857,ORPHA:63273,FLNC-related handgrip and calf weakness-distal myopathy,19,0,9,86,86,0,0.0021,0.01
1858,ORPHA:3021,RAPADILINO syndrome,13,1,11,12,12,0,0.0021,0.01
1859,ORPHA:47159,Proximal renal tubular acidosis,34,0,20,120,120,0,0.0021,0.027
1860,ORPHA:35173,X-linked dominant chondrodysplasia punctata,46,0,31,198,198,0,0.0021,0.025
1861,ORPHA:2591,Infantile myofibromatosis,28,0,25,78,78,0,0.0021,0.004
1862,ORPHA:45358,Congenital fibrosis of extraocular muscles,36,0,22,283,283,2,0.0021,0.161
1863,ORPHA:83601,Steroid-responsive encephalopathy associated with autoimmune thyroiditis,24,0,17,87,87,0,0.0021,0.034
1864,ORPHA:1203,Duodenal atresia,16,0,8,33,33,0,0.0021,0.006
1865,ORPHA:88619,Familial acute necrotizing encephalopathy,24,0,19,132,132,0,0.0021,0.018
1866,ORPHA:970,Hereditary sensory and autonomic neuropathy type 2,15,0,11,69,69,0,0.0021,0.003
1867,ORPHA:1335,Pentalogy of Cantrell,25,0,20,61,61,0,0.0021,0.024
1868,ORPHA:70476,Vernal keratoconjunctivitis,23,0,14,156,156,0,0.0021,0.04
1869,ORPHA:93111,HNF1B-related autosomal dominant tubulointerstitial kidney disease,29,0,17,100,100,0,0.0021,0.028
1870,ORPHA:2639,Fibular aplasia-complex brachydactyly syndrome,15,0,12,75,75,0,0.0021,0.003
1871,ORPHA:140286,Secondary hypoparathyroidism due to impaired parathormon secretion,26,0,14,66,66,0,0.0021,0.036
1872,ORPHA:91547,Relapsing fever,32,0,22,79,79,0,0.0021,0.033
1873,ORPHA:790,Retinoblastoma,27,0,16,177,177,0,0.0021,0.028
1874,ORPHA:324636,Autoerythrocyte sensitization syndrome,42,1,24,171,171,0,0.0021,0.03
1875,ORPHA:411543,Severe phosphoribosylpyrophosphate synthetase superactivity,21,0,17,40,40,0,0.0021,0.011
1876,ORPHA:2370,Larsen-like osseous dysplasia-short stature syndrome,21,0,18,52,52,0,0.0021,0.003
1877,ORPHA:363424,Multiple mitochondrial dysfunctions syndrome type 3,31,0,21,145,145,0,0.0021,0.018
1878,ORPHA:1964,Extrasystoles-short stature-hyperpigmentation-microcephaly syndrome,13,0,10,12,12,0,0.0021,0.01
1879,ORPHA:730,Autosomal dominant polycystic kidney disease,26,1,16,110,110,0,0.0021,0.011
1880,ORPHA:729,Polycythemia vera,35,0,25,159,159,0,0.0021,0.03
1881,ORPHA:725,Developmental and epileptic encephalopathy with spike-wave activation in sleep,30,0,19,435,435,0,0.0021,0.018
1882,ORPHA:435660,LIPE-related familial partial lipodystrophy,20,0,13,45,45,0,0.0021,0.018
1883,ORPHA:93316,"Spondylometaphyseal dysplasia, Schmidt type",30,0,19,218,218,0,0.0021,0.021
1884,ORPHA:548,Leprosy,47,0,25,179,179,0,0.0021,0.034
1885,ORPHA:309246,"GM2 gangliosidosis, AB variant",25,1,16,193,193,0,0.0021,0.018
1886,ORPHA:528,Congenital generalized lipodystrophy,37,0,24,86,86,0,0.0021,0.018
1887,ORPHA:606,Proximal myotonic myopathy,30,0,23,59,59,0,0.0021,0.027
1888,ORPHA:2143,Donnai-Barrow syndrome,28,0,16,63,63,0,0.0021,0.024
1889,ORPHA:2119,HEC syndrome,12,0,7,11,11,0,0.0021,0.005
1890,ORPHA:79126,Acute interstitial pneumonia,33,0,20,195,195,0,0.0021,0.017
1891,ORPHA:35704,L-Arginine:glycine amidinotransferase deficiency,17,0,9,52,52,0,0.0021,0.033
1892,ORPHA:255210,Mitochondrial DNA-associated Leigh syndrome,53,0,38,302,302,0,0.0021,0.027
1893,ORPHA:2255,Pancreatic hypoplasia-diabetes-congenital heart disease syndrome,40,0,23,153,153,0,0.0021,0.024
1894,ORPHA:2204,"Dysplastic cortical hyperostosis, Kozlowski-Tsuruta type",14,0,13,18,18,0,0.0021,0.003
1895,ORPHA:79239,Classic galactosemia,54,0,40,387,387,1,0.0021,0.154
1896,ORPHA:464321,Multifocal lymphangioendotheliomatosis-thrombocytopenia syndrome,46,0,35,220,220,0,0.0021,0.03
1897,OMIM:615744,Developmental and epileptic encephalopathy 19,32,0,26,354,354,0,0.002,0.018
1898,OMIM:619234,"Short stature, oligodontia, dysmorphic facies, and motor delay",33,1,25,112,112,0,0.002,0.024
1899,OMIM:614063,N-acetylaspartate deficiency,16,0,12,72,72,0,0.002,0.015
1900,OMIM:620675,"Leukodystrophy, hypomyelinating, 27",38,0,27,263,263,0,0.002,0.018
1901,OMIM:616516,"Emery-Dreifuss muscular dystrophy 3, autosomal recessive",12,0,10,19,19,0,0.002,0.01
1902,OMIM:618063,"Ciliary dyskinesia, primary, 38",13,0,5,25,25,0,0.002,0.032
1903,OMIM:615381,"Mandibular hypoplasia, deafness, progeroid features, and lipodystrophy syndrome",26,0,19,52,52,0,0.002,0.018
1904,OMIM:600001,Pancreatic agenesis and congenital heart defects,35,0,20,155,155,0,0.002,0.024
1905,OMIM:618458,Knobloch syndrome 2,19,1,12,28,28,0,0.002,0.014
1906,OMIM:618276,"Neurodegeneration, childhood-onset, with cerebellar atrophy",29,0,21,162,162,0,0.002,0.019
1907,OMIM:619780,Mitochondrial DNA depletion syndrome 20 (MNGIE type),17,0,12,57,57,0,0.002,0.051
1908,OMIM:615838,"Mitochondrial complex III deficiency, nuclear type 8",41,0,30,277,277,0,0.002,0.018
1909,OMIM:612164,Developmental and epileptic encephalopathy 4,24,0,11,233,233,0,0.002,0.014
1910,OMIM:620854,"Neuronopathy, distal hereditary motor, autosomal recessive 11, with spasticity",28,0,14,190,190,0,0.002,0.011
1911,OMIM:620275,"Mitochondrial complex IV deficiency, nuclear type 23",26,0,18,76,76,0,0.002,0.024
1912,OMIM:617547,Retinal dystrophy with or without macular staphyloma,13,0,8,56,56,0,0.002,0.005
1913,OMIM:256600,Neurodegeneration with brain iron accumulation 2A,34,0,27,246,246,0,0.002,0.02
1914,OMIM:610717,Neutral lipid storage disease with myopathy,30,0,24,89,89,0,0.002,0.018
1915,OMIM:617087,"Charcot-Marie-Tooth disease, axonal, type 2A2B",19,0,15,48,48,0,0.002,0.01
1916,OMIM:617119,Bardet-Biedl syndrome 22,13,0,10,16,16,0,0.002,0.008
1917,OMIM:611812,"46,XX sex reversal with dysgenesis of kidneys, adrenals, and lungs",17,0,9,19,19,0,0.002,0.006
1918,OMIM:619286,"Neurodevelopmental disorder with spasticity, cataracts, and cerebellar hypoplasia",32,0,19,160,160,0,0.002,0.02
1919,OMIM:618198,"Myasthenic syndrome, congenital, 24, presynaptic",18,0,15,27,27,0,0.002,0.028
1920,OMIM:607483,Thiamine metabolism dysfunction syndrome 2 (biotin- or thiamine-responsive encephalopathy type 2),37,0,29,375,375,0,0.002,0.027
1921,OMIM:618170,"Neurodegeneration, childhood-onset, stress-induced, with variable ataxia and seizures",27,0,18,164,164,0,0.002,0.018
1922,OMIM:262600,"Pituitary hormone deficiency, combined, 2",14,0,6,51,51,0,0.002,0.003
1923,OMIM:607694,"Leukodystrophy, hypomyelinating, 7, with or without oligodontia and/orhypogonadotropic hypogonadism",31,0,27,205,205,0,0.002,0.018
1924,OMIM:615510,"Alacrima, achalasia, and impaired intellectual development syndrome",32,0,24,79,79,0,0.002,0.028
1925,OMIM:617105,"Epileptic encephalopathy, early infantile, 41",32,0,22,315,315,0,0.002,0.018
1926,OMIM:500013,Mitochondrial form of axonal Charcot-Marie-Tooth disease-1,22,1,9,70,70,0,0.002,0.01
1927,OMIM:613982,"Osteogenesis imperfecta, type VI",16,0,12,56,56,0,0.002,0.008
1928,OMIM:261515,D-bifunctional protein deficiency,60,0,40,348,348,0,0.002,0.022
1929,OMIM:618547,Neurodevelopmental disorder with visual defects and brain anomalies,38,0,23,181,181,1,0.002,0.161
1930,OMIM:614963,Leptin receptor deficiency,15,0,10,41,41,0,0.002,0.034
1931,OMIM:609311,"Charcot-marie-tooth disease, type 4H",19,0,13,79,79,0,0.002,0.01
1932,OMIM:308940,"Leiomyomatosis, diffuse, with alport syndrome",22,0,14,47,47,0,0.002,0.027
1933,OMIM:221900,"Persistent hyperplastic primary vitreous, autosomal recessive",20,0,9,190,190,0,0.002,0.011
1934,OMIM:615067,"Ciliary dyskinesia, primary, 20",22,0,11,116,116,0,0.002,0.024
1935,OMIM:254900,"Epilepsy, progressive myoclonic, 4, with or without renal failure",23,0,16,81,81,0,0.002,0.024
1936,OMIM:121300,Coproporphyria,25,0,15,90,90,0,0.002,0.009
1937,OMIM:620537,Developmental and epileptic encephalopathy 112,27,0,22,301,301,0,0.002,0.02
1938,OMIM:602557,"Spondyloepimetaphyseal dysplasia, Shohat type",28,0,20,235,235,0,0.002,0.009
1939,OMIM:620669,Neurodegeneration with brain iron accumulation 9,32,0,21,306,306,2,0.002,0.139
1940,OMIM:269920,Infantile sialic acid storage disease,31,0,24,48,48,0,0.002,0.027
1941,OMIM:601472,"Charcot-Marie-Tooth disease, axonal, type 2D",15,0,7,63,63,0,0.002,0.011
1942,OMIM:256050,"Atelosteogenesis, type II",28,0,11,252,252,0,0.002,0.06
1943,OMIM:305390,"Exudative vitreoretinopathy 2, X-linked",17,0,7,136,136,0,0.002,0.011
1944,OMIM:617013,Hypermanganesemia with dystonia 2,42,0,24,516,516,1,0.002,0.143
1945,OMIM:619758,Tessadori-van Haaften neurodevelopmental syndrome 1,37,0,17,94,94,0,0.002,0.038
1946,OMIM:613115,"Neuropathy, hereditary sensory and autonomic, type IIB",18,0,9,60,60,0,0.002,0.011
1947,OMIM:616521,"Intellectual developmental disorder, autosomal dominant 39",26,1,19,124,124,0,0.002,0.013
1948,OMIM:251270,"Microcephaly and chorioretinopathy, autosomal recessive, 1",21,0,18,74,74,0,0.002,0.006
1949,OMIM:261600,Phenylketonuria,27,0,14,117,117,0,0.002,0.015
1950,OMIM:614900,Diamond-Blackfan anemia 11,18,0,11,29,29,0,0.002,0.014
1951,OMIM:607015,Hurler-Scheie syndrome,28,0,18,76,76,0,0.002,0.033
1952,OMIM:157900,Moebius syndrome,51,0,33,308,308,1,0.002,0.161
1953,OMIM:614455,"Charcot-Marie-Tooth disease, dominant intermediate E",19,0,11,44,44,0,0.002,0.01
1954,OMIM:616108,"Retinal dystrophy, juvenile cataracts, and short stature syndrome",15,0,9,31,31,0,0.002,0.006
1955,OMIM:620445,Neurodevelopmental disorder with microcephaly and movement abnormalities,32,0,20,124,124,0,0.002,0.011
1956,OMIM:607364,"Bartter syndrome, type 3",19,0,9,53,53,0,0.002,0.006
1957,OMIM:616687,"Charcot-Marie-Tooth disease, axonal, type 2Y",12,0,5,34,34,0,0.002,0.01
1958,ORPHA:90658,Charcot-Marie-Tooth disease type 1E,39,1,22,272,272,0,0.002,0.012
1959,ORPHA:36,Acrocallosal syndrome,18,0,11,47,47,0,0.002,0.024
1960,ORPHA:3164,"Omphalocele syndrome, Shprintzen-Goldberg type",21,0,6,48,48,0,0.002,0.024
1961,ORPHA:263516,Progressive myoclonic epilepsy type 3,22,0,15,191,191,0,0.002,0.018
1962,ORPHA:96,Ataxia with vitamin E deficiency,37,0,29,254,254,0,0.002,0.014
1963,ORPHA:87876,Sialidosis type 2,31,0,26,81,81,0,0.002,0.01
1964,ORPHA:94147,Spinocerebellar ataxia type 7,32,0,25,193,193,0,0.002,0.029
1965,ORPHA:50,Aicardi syndrome,50,0,32,290,290,0,0.002,0.026
1966,ORPHA:1486,Lethal congenital contracture syndrome type 1,18,0,12,58,58,0,0.002,0.003
1967,ORPHA:2785,Osteopetrosis with renal tubular acidosis,60,0,39,281,281,1,0.002,0.167
1968,ORPHA:2746,Opsismodysplasia,27,0,18,183,183,0,0.002,0.033
1969,ORPHA:2848,Camptodactyly-arthropathy-coxa-vara-pericarditis syndrome,19,0,9,69,69,0,0.002,0.021
1970,ORPHA:294,Fetal cytomegalovirus syndrome,20,0,17,33,33,0,0.002,0.009
1971,ORPHA:599373,STXBP1-related developmental and epileptic encephalopathy,31,0,25,437,437,0,0.002,0.02
1972,ORPHA:2041,Coronary arterial fistula,27,1,15,259,259,1,0.002,0.326
1973,ORPHA:99950,Charcot-Marie-Tooth disease type 4D,22,0,16,90,90,0,0.002,0.011
1974,ORPHA:544254,SYNGAP1-related developmental and epileptic encephalopathy,41,0,27,340,340,0,0.002,0.02
1975,ORPHA:244242,HELLP syndrome,29,0,18,75,75,0,0.002,0.012
1976,ORPHA:264675,Hereditary pulmonary alveolar proteinosis,15,1,10,39,39,0,0.002,0.043
1977,ORPHA:500144,Early-onset progressive encephalopathy-hearing loss-pons hypoplasia-brain atrophy syndrome,30,0,17,208,208,0,0.002,0.024
1978,ORPHA:3015,Radio-renal syndrome,24,0,14,79,79,0,0.002,0.029
1979,ORPHA:1263,Boomerang dysplasia,21,0,17,106,106,0,0.002,0.003
1980,ORPHA:163979,X-linked intellectual disability-craniofacioskeletal syndrome,48,1,30,152,152,1,0.002,0.169
1981,ORPHA:500180,Childhood-onset motor and cognitive regression syndrome with extrapyramidal movement disorder,33,0,27,393,393,0,0.002,0.024
1982,ORPHA:166119,Isolated osteopoikilosis,33,0,25,205,205,0,0.002,0.043
1983,ORPHA:88628,Posterior column ataxia-retinitis pigmentosa syndrome,31,0,26,143,143,0,0.002,0.026
1984,ORPHA:324525,Hypertrophic cardiomyopathy with kidney anomalies due to mitochondrial DNA mutation,20,0,13,43,43,0,0.002,0.01
1985,ORPHA:3130,Satoyoshi syndrome,24,0,19,105,105,0,0.002,0.004
1986,ORPHA:89936,X-linked hypophosphatemia,52,0,29,474,474,0,0.002,0.028
1987,ORPHA:1399,Richards-Rundle syndrome,13,0,12,17,17,0,0.002,0.003
1988,ORPHA:482601,Adenylosuccinate synthetase-like 1-related distal myopathy,36,0,18,294,294,0,0.002,0.015
1989,ORPHA:98868,Southeast Asian ovalocytosis,16,0,8,30,30,0,0.002,0.009
1990,ORPHA:306731,Sydenham chorea,17,0,10,49,49,0,0.002,0.019
1991,ORPHA:1350,Heart-hand syndrome type 2,25,0,20,140,140,0,0.002,0.003
1992,ORPHA:2631,Mesomelic dwarfism-cleft palate-camptodactyly syndrome,17,0,15,50,50,0,0.002,0.003
1993,ORPHA:555407,NAD(P)HX epimerase deficiency,27,0,24,196,196,0,0.002,0.018
1994,ORPHA:1837,"Metaphyseal chondrodysplasia, Rosenberg type",15,0,14,34,34,0,0.002,0.003
1995,ORPHA:86909,Myoclonic epilepsy of infancy,34,0,24,497,497,0,0.002,0.02
1996,ORPHA:2323,Sanjad-Sakati syndrome,36,0,25,89,89,0,0.002,0.04
1997,ORPHA:69735,Hypotrichosis-lymphedema-telangiectasia-renal defect syndrome,16,0,10,48,48,0,0.002,0.014
1998,ORPHA:90342,Xeroderma pigmentosum variant,13,0,10,48,48,0,0.002,0.01
1999,ORPHA:673,Malaria,16,0,13,16,16,0,0.002,0.01
2000,ORPHA:496641,Early-onset progressive diffuse brain atrophy-microcephaly-muscle weakness-optic atrophy syndrome,56,0,37,454,454,0,0.002,0.028
2001,ORPHA:254930,Combined oxidative phosphorylation defect type 7,42,0,33,320,320,0,0.002,0.046
2002,ORPHA:254913,Isolated ATP synthase deficiency,40,0,37,151,151,1,0.002,0.108
2003,ORPHA:140976,RHYNS syndrome,19,0,14,35,35,0,0.002,0.003
2004,ORPHA:529965,Intellectual disability-autism-speech apraxia-craniofacial dysmorphism syndrome,19,0,11,43,43,0,0.002,0.042
2005,ORPHA:93352,"Spondyloepimetaphyseal dysplasia, Shohat type",33,0,26,261,261,0,0.002,0.009
2006,ORPHA:37202,Interstitial cystitis,19,0,9,82,82,0,0.002,0.043
2007,ORPHA:2959,Progeria-short stature-pigmented nevi syndrome,56,1,31,186,186,0,0.002,0.038
2008,ORPHA:2909,Rothmund-Thomson syndrome,56,0,45,388,388,0,0.002,0.035
2009,ORPHA:562,McCune-Albright syndrome,53,0,33,202,202,0,0.002,0.014
2010,ORPHA:71275,Rh deficiency syndrome,19,0,9,35,35,0,0.002,0.025
2011,ORPHA:3406,Ulerythema ophryogenesis,13,0,5,51,51,0,0.002,0.042
2012,ORPHA:474,Jeune syndrome,24,0,19,110,110,0,0.002,0.003
2013,ORPHA:79332,B4GALT1-CDG,34,0,17,59,59,0,0.002,0.025
2014,ORPHA:487,Krabbe disease,49,0,34,288,288,0,0.002,0.018
2015,ORPHA:429,Hypochondroplasia,20,0,19,137,137,0,0.002,0.003
2016,ORPHA:330001,Wild type ATTR amyloidosis,41,0,25,202,202,0,0.002,0.026
2017,ORPHA:457212,Progressive essential tremor-speech impairment-facial dysmorphism-intellectual disability-abnormal behavior syndrome,22,0,10,61,61,0,0.002,0.013
2018,OMIM:203500,Alkaptonuria,25,0,14,90,90,0,0.0019,0.006
2019,OMIM:238970,Hyperornithinemia-hyperammonemia-homocitrullinemia syndrome,38,0,29,344,344,1,0.0019,0.108
2020,OMIM:243910,Arima syndrome,45,0,29,164,164,0,0.0019,0.018
2021,OMIM:618511,"Neuropathy, hereditary motor and sensory, type VIC, with optic atrophy",14,0,10,26,26,0,0.0019,0.007
2022,OMIM:615828,Vulto-van Silfout-de Vries syndrome,29,0,13,143,143,0,0.0019,0.019
2023,OMIM:617232,"Muscular dystrophy, limb-girdle, autosomal recessive 21",12,0,7,20,20,0,0.0019,0.009
2024,OMIM:616138,Perrault syndrome 5,15,0,9,17,17,0,0.0019,0.01
2025,OMIM:616539,"Peripheral neuropathy with variable spasticity, exercise intolerance, and developmental delay",39,0,22,110,110,0,0.0019,0.027
2026,OMIM:616263,"Neurologic, endocrine, and pancreatic disease, multisystem, infantile-onset",43,0,28,175,175,0,0.0019,0.018
2027,OMIM:612158,"Cardiomyopathy, dilated, 1AA, with or without LVNC",12,0,6,66,66,0,0.0019,0.051
2028,OMIM:614307,Alpha-methylacyl-CoA racemase deficiency,24,0,17,94,94,0,0.0019,0.02
2029,OMIM:613454,"Rett syndrome, congenital variant",48,0,27,504,504,0,0.0019,0.024
2030,OMIM:611719,Combined oxidative phosphorylation deficiency 5,28,0,18,84,84,0,0.0019,0.009
2031,OMIM:618098,"Progressive external ophthalmoplegia with mitochondrial DNA deletions, autosomal recessive 5",18,0,12,27,27,0,0.0019,0.024
2032,OMIM:620507,Ichthyosis with erythrokeratoderma,13,0,9,78,78,0,0.0019,0.028
2033,OMIM:161700,"Necrotizing encephalomyelopathy, subacute, of leigh, adult",18,0,10,42,42,0,0.0019,0.005
2034,OMIM:301845,Bazex syndrome,19,0,9,97,97,0,0.0019,0.041
2035,OMIM:618846,Diets-Jongmans syndrome,33,0,19,80,80,0,0.0019,0.024
2036,OMIM:621482,"Neurodevelopmental disorder with seizures, hypotonia, and variable spasticity",36,0,23,317,317,0,0.0019,0.02
2037,OMIM:160900,Myotonic dystrophy 1,23,0,17,39,39,0,0.0019,0.027
2038,OMIM:252920,Mucopolysaccharidosis type IIIB,24,0,14,42,42,0,0.0019,0.029
2039,OMIM:250460,Metaphyseal dysplasia without hypotrichosis,15,0,14,55,55,0,0.0019,0.003
2040,OMIM:615889,"Leukoencephalopathy, progressive, with ovarian failure",23,0,13,174,174,0,0.0019,0.013
2041,OMIM:304150,Occipital horn syndrome,46,0,24,255,255,1,0.0019,0.131
2042,OMIM:182410,Sneddon syndrome,21,0,17,98,98,0,0.0019,0.037
2043,OMIM:615330,Multiple mitochondrial dysfunctions syndrome 3,39,0,23,185,185,0,0.0019,0.018
2044,OMIM:608611,Ribose 5-phosphate isomerase deficiency,24,2,9,162,162,1,0.0019,0.112
2045,OMIM:620943,Brain malformation renal syndrome,24,0,11,40,40,0,0.0019,0.028
2046,OMIM:615244,"Nephrotic syndrome, type 8",13,0,8,22,22,0,0.0019,0.005
2047,OMIM:249900,Metachromatic leukodystrophy due to saposin B deficiency,24,0,18,213,213,0,0.0019,0.018
2048,OMIM:618010,Glycosylphosphatidylinositol biosynthesis defect 17,23,0,16,70,70,0,0.0019,0.016
2049,OMIM:612925,"Hemolytic uremic syndrome, atypical, susceptibility to, 5",13,0,5,23,23,0,0.0019,0.011
2050,OMIM:232600,Glycogen storage disease V,13,0,6,22,22,0,0.0019,0.01
2051,OMIM:248190,"Hypomagnesemia 5, renal, with or without ocular involvement",18,1,10,60,60,0,0.0019,0.004
2052,OMIM:231095,Ghosal hematodiaphyseal syndrome,29,0,14,125,125,0,0.0019,0.027
2053,OMIM:600901,"Fanconi anemia, complementation group E",32,1,21,61,61,0,0.0019,0.016
2054,OMIM:615075,Neurodevelopmental disorder with spastic diplegia and visual defects,29,0,19,138,138,0,0.0019,0.028
2055,OMIM:301008,"Intellectual developmental disorder, X-linked syndromic, Houge type",40,0,31,567,567,0,0.0019,0.02
2056,OMIM:233910,"Hyperphenylalaninemia, BH4-deficient, B",26,0,17,94,94,0,0.0019,0.028
2057,OMIM:600081,"Vitamin D hydroxylation-deficient rickets, type 1B",31,0,17,283,283,0,0.0019,0.052
2058,OMIM:618624,Noonan syndrome 12,24,0,16,35,35,0,0.0019,0.016
2059,OMIM:621099,"Spondyloepimetaphyseal dysplasia, Li-Shao-Li type",21,0,13,153,153,0,0.0019,0.008
2060,OMIM:618397,Combined oxidative phosphorylation deficiency 39,35,0,20,228,228,0,0.0019,0.02
2061,OMIM:602522,"Bartter syndrome, type 4A, neonatal, with sensorineural deafness",29,0,14,107,107,0,0.0019,0.01
2062,OMIM:618744,"Epileptic encephalopathy, early infantile, 83",31,0,14,135,135,0,0.0019,0.018
2063,OMIM:618230,"Mitochondrial complex I deficiency, nuclear type 8",15,0,11,25,25,0,0.0019,0.013
2064,OMIM:617671,Helix syndrome,14,0,5,15,15,0,0.0019,0.006
2065,OMIM:253400,"Spinal muscular atrophy, type III",19,0,9,101,101,0,0.0019,0.011
2066,OMIM:158300,"Arthrogryposis, distal, type 7",17,0,11,53,53,0,0.0019,0.028
2067,OMIM:617672,"Neurodegeneration, childhood-onset, with brain atrophy",27,0,24,279,279,0,0.0019,0.028
2068,OMIM:619059,"Mitochondrial complex IV deficiency, nuclear type 15",22,0,18,61,61,0,0.0019,0.041
2069,OMIM:618321,"Encephalopathy, progressive, early-onset, with brain edema and/or leukoencephalopathy, 2",42,0,30,317,317,0,0.0019,0.02
2070,OMIM:256520,Neu-Laxova syndrome 1,57,2,33,296,296,1,0.0019,0.175
2071,OMIM:616325,"Myasthenic syndrome, congenital, 9, associated with acetylcholine receptor deficiency",28,0,16,139,139,0,0.0019,0.012
2072,OMIM:606056,"Congenital disorder of glycosylation, type IIB",30,0,22,68,68,0,0.0019,0.038
2073,OMIM:615980,"Lipodystrophy, familial partial, type 6",20,0,15,53,53,0,0.0019,0.015
2074,OMIM:162400,"Neuropathy, hereditary sensory and autonomic, type IA",22,0,8,79,79,0,0.0019,0.043
2075,OMIM:613706,Noonan syndrome 7,46,0,24,180,180,0,0.0019,0.027
2076,OMIM:620657,"Amyloidosis, hereditary systemic 3",27,0,17,102,102,0,0.0019,0.028
2077,OMIM:245200,Krabbe disease,28,1,19,124,124,0,0.0019,0.018
2078,OMIM:600794,"Neuronopathy, distal hereditary motor, type VA",14,0,7,57,57,0,0.0019,0.011
2079,OMIM:131100,Multiple endocrine neoplasia 1,22,0,13,114,114,0,0.0019,0.016
2080,OMIM:202200,Glucocorticoid deficiency 1,14,0,11,13,13,0,0.0019,0.003
2081,OMIM:250220,"Spondylometaphyseal dysplasia, Sedaghatian type",41,0,24,486,486,0,0.0019,0.036
2082,OMIM:616269,"Intellectual developmental disorder, autosomal recessive 48",30,0,16,210,210,0,0.0019,0.022
2083,OMIM:601462,"Myasthenic syndrome, congenital, 1A, slow-channel",20,0,12,51,51,0,0.0019,0.028
2084,OMIM:216100,Cleft lip/palate with abnormal thumbs and microcephaly,16,0,12,23,23,0,0.0019,0.006
2085,OMIM:620651,"Diabetes, deafness, developmental delay, and short stature syndrome",14,0,8,25,25,0,0.0019,0.003
2086,OMIM:300986,"Intellectual developmental disorder, X-linked syndromic, Bain type",50,0,31,286,286,0,0.0019,0.024
2087,ORPHA:79403,Junctional epidermolysis bullosa with pyloric atresia,21,1,14,58,58,0,0.0019,0.034
2088,ORPHA:2720,"Oculocerebral hypopigmentation syndrome, Preus type",26,0,22,55,55,0,0.0019,0.036
2089,ORPHA:90674,Isolated thyroid-stimulating hormone deficiency,40,0,20,119,119,0,0.0019,0.033
2090,ORPHA:79452,Milroy disease,18,0,13,19,19,0,0.0019,0.007
2091,ORPHA:101009,Autosomal dominant spastic paraplegia type 29,14,0,11,23,23,0,0.0019,0.015
2092,ORPHA:444099,Autosomal dominant spastic paraplegia type 73,16,0,9,62,62,0,0.0019,0.011
2093,ORPHA:3156,Senior-Loken syndrome,16,0,12,18,18,0,0.0019,0.006
2094,ORPHA:71493,Familial thrombocytosis,23,0,18,53,53,0,0.0019,0.026
2095,ORPHA:49566,Acquired purpura fulminans,25,0,13,83,83,0,0.0019,0.035
2096,ORPHA:93,Aspartylglucosaminuria,43,0,31,206,206,0,0.0019,0.038
2097,ORPHA:73230,Ossification anomalies-psychomotor developmental delay syndrome,36,0,22,202,202,0,0.0019,0.011
2098,ORPHA:61,Alpha-mannosidosis,43,0,33,230,230,0,0.0019,0.038
2099,ORPHA:95496,Pituitary stalk interruption syndrome,16,0,13,31,31,0,0.0019,0.004
2100,ORPHA:1488,Cooper-Jabs syndrome,26,0,19,101,101,0,0.0019,0.024
2101,ORPHA:1446,Ring chromosome 22 syndrome,33,0,21,144,144,0,0.0019,0.024
2102,ORPHA:1415,Hardikar syndrome,24,0,16,45,45,0,0.0019,0.005
2103,ORPHA:2806,Subacute sclerosing leukoencephalitis,35,0,23,442,442,0,0.0019,0.021
2104,ORPHA:240,Léri-Weill dyschondrosteosis,37,0,29,500,500,0,0.0019,0.003
2105,ORPHA:254519,Kagami-Ogata syndrome,40,0,19,172,172,0,0.0019,0.028
2106,ORPHA:201,Cowden syndrome,57,1,45,327,327,0,0.0019,0.091
2107,ORPHA:3299,Tetanus,30,0,18,74,74,0,0.0019,0.027
2108,ORPHA:225154,Familial infantile bilateral striatal necrosis,36,0,23,315,315,0,0.0019,0.022
2109,ORPHA:3287,Takayasu arteritis,54,0,35,314,314,0,0.0019,0.031
2110,ORPHA:238455,Infantile dystonia-parkinsonism,20,0,12,75,75,0,0.0019,0.024
2111,ORPHA:3344,Weismann-Netter syndrome,20,0,17,120,120,0,0.0019,0.003
2112,ORPHA:2019,Femur-fibula-ulna complex,14,0,10,79,79,0,0.0019,0.003
2113,ORPHA:3322,Hoyeraal-Hreidarsson syndrome,28,0,26,76,76,0,0.0019,0.036
2114,ORPHA:60030,Loeys-Dietz syndrome,37,0,26,126,126,0,0.0019,0.036
2115,ORPHA:1552,Currarino syndrome,30,1,13,110,110,0,0.0019,0.019
2116,ORPHA:89843,Dystrophic epidermolysis bullosa pruriginosa,20,0,17,99,99,0,0.0019,0.008
2117,ORPHA:564003,Osteochondrosis of the metatarsal bone,19,0,16,119,119,0,0.0019,0.006
2118,ORPHA:391372,FOXP1 Syndrome,60,1,40,307,307,0,0.0019,0.081
2119,ORPHA:3095,Atypical Rett syndrome,53,0,35,789,789,0,0.0019,0.018
2120,ORPHA:897,Waardenburg-Shah syndrome,23,0,14,68,68,0,0.0019,0.027
2121,ORPHA:99329,"48,XYYY syndrome",31,0,20,82,82,0,0.0019,0.036
2122,ORPHA:858,Congenital toxoplasmosis,26,0,24,39,39,0,0.0019,0.01
2123,ORPHA:3042,Intellectual disability-cataracts-calcified pinnae-myopathy syndrome,33,0,24,130,130,0,0.0019,0.018
2124,ORPHA:3035,Growth delay-hydrocephaly-lung hypoplasia syndrome,17,0,12,55,55,0,0.0019,0.004
2125,ORPHA:941,D-glyceric aciduria,26,0,16,160,160,0,0.0019,0.053
2126,ORPHA:3138,Ulnar-mammary syndrome,36,0,26,129,129,0,0.0019,0.004
2127,ORPHA:86841,Myelodysplastic syndrome associated with isolated del(5q) chromosome abnormality,18,0,7,123,123,0,0.0019,0.032
2128,ORPHA:86839,Myelodysplastic neoplasm with increased blasts,22,1,14,76,76,0,0.0019,0.027
2129,ORPHA:89938,Bartter syndrome type 4,35,0,13,95,95,0,0.0019,0.006
2130,ORPHA:352675,X-linked Charcot-Marie-Tooth disease type 6,16,0,10,47,47,0,0.0019,0.01
2131,ORPHA:1328,Camurati-Engelmann disease,54,0,40,413,413,0,0.0019,0.026
2132,ORPHA:2635,Metatropic dysplasia,26,0,17,156,156,0,0.0019,0.009
2133,ORPHA:1806,Ectodermal dysplasia-blindness syndrome,25,0,19,66,66,0,0.0019,0.038
2134,ORPHA:566943,Mueller-Weiss syndrome,21,1,14,136,136,0,0.0019,0.011
2135,ORPHA:733,Familial adenomatous polyposis,45,0,27,518,518,0,0.0019,0.019
2136,ORPHA:773,Adult Refsum disease,38,0,34,125,125,0,0.0019,0.014
2137,ORPHA:31826,Ethylene glycol poisoning,44,0,33,170,170,0,0.0019,0.031
2138,ORPHA:314478,Ovarian fibrothecoma,15,0,9,20,20,0,0.0019,0.004
2139,ORPHA:442835,Non-specific early-onset epileptic encephalopathy,48,0,38,472,472,0,0.0019,0.024
2140,ORPHA:66627,Tenosynovial giant cell tumor,24,0,19,141,141,0,0.0019,0.008
2141,ORPHA:647,Nijmegen breakage syndrome,49,1,31,199,199,0,0.0019,0.038
2142,ORPHA:79097,Folinic acid-responsive seizures,38,1,29,440,440,0,0.0019,0.018
2143,ORPHA:2491,Müllerian duct anomalies-limb anomalies syndrome,14,0,11,29,29,0,0.0019,0.002
2144,ORPHA:2483,Melkersson-Rosenthal syndrome,14,0,13,25,25,0,0.0019,0.024
2145,ORPHA:93315,"Spondylometaphyseal dysplasia, 'corner fracture' type",54,0,37,583,583,0,0.0019,0.01
2146,ORPHA:1112,Aphalangy-hemivertebrae-urogenital-intestinal dysgenesis syndrome,18,0,13,51,51,0,0.0019,0.003
2147,ORPHA:77299,Microphthalmia-brain atrophy syndrome,20,0,9,137,137,0,0.0019,0.013
2148,ORPHA:93351,"Spondyloepimetaphyseal dysplasia, Irapa type",26,0,19,223,223,0,0.0019,0.004
2149,ORPHA:466926,Seizures-scoliosis-macrocephaly syndrome,31,0,16,82,82,0,0.0019,0.023
2150,ORPHA:2911,Poland syndrome,58,0,45,663,663,1,0.0019,0.171
2151,ORPHA:2900,Leri pleonosteosis,23,0,17,97,97,0,0.0019,0.003
2152,ORPHA:2078,Geroderma osteodysplastica,30,0,24,150,150,0,0.0019,0.01
2153,ORPHA:521406,Dystonia-parkinsonism-hypermanganesemia syndrome,26,0,14,232,232,0,0.0019,0.018
2154,ORPHA:3467,Hereditary xanthinuria,21,1,10,87,87,0,0.0019,0.005
2155,ORPHA:3437,Vogt-Koyanagi-Harada disease,37,0,25,189,189,0,0.0019,0.016
2156,ORPHA:3429,Verloove Vanhorick-Brubakk syndrome,18,0,17,35,35,0,0.0019,0.003
2157,ORPHA:1666,Dextrocardia,26,0,21,50,50,0,0.0019,0.008
2158,ORPHA:35708,Aromatic L-amino acid decarboxylase deficiency,38,0,28,231,231,0,0.0019,0.028
2159,ORPHA:85198,Dysspondyloenchondromatosis,23,0,17,160,160,0,0.0019,0.01
2160,ORPHA:79333,COG7-CDG,33,0,25,96,96,0,0.0019,0.028
2161,ORPHA:2257,Primary pulmonary hypoplasia,25,0,20,81,81,0,0.0019,0.013
2162,ORPHA:79255,GM1 gangliosidosis type 1,54,1,29,334,334,0,0.0019,0.026
2163,ORPHA:33069,Dravet syndrome,46,1,25,580,580,0,0.0019,0.017
2164,ORPHA:1788,"Acrofacial dysostosis, Rodríguez type",20,0,14,65,65,0,0.0019,0.008
2165,OMIM:607426,"Coenzyme Q10 deficiency, primary, 1",40,0,30,190,190,0,0.0018,0.027
2166,OMIM:620700,"Intellectual developmental disorder, autosomal recessive 81",54,0,30,383,383,0,0.0018,0.026
2167,OMIM:617219,"Chromosome 19q13.11 deletion syndrome, proximal",16,0,13,18,18,0,0.0018,0.004
2168,OMIM:205400,Tangier disease,24,0,17,40,40,0,0.0018,0.01
2169,OMIM:244460,"Kenny-caffey syndrome, type 1",23,0,11,73,73,0,0.0018,0.025
2170,OMIM:619751,Stuve-Wiedemann syndrome 2,15,0,14,19,19,0,0.0018,0.002
2171,OMIM:212550,Optic disc anomalies with retinal and/or macular dystrophy,13,0,10,78,78,0,0.0018,0.006
2172,OMIM:250950,"3-methylglutaconic aciduria, type I",24,0,21,157,157,0,0.0018,0.011
2173,OMIM:608728,"Spondyloepimetaphyseal dysplasia, Borochowitz-Cormier-Daire type",24,0,15,210,210,0,0.0018,0.002
2174,OMIM:177170,Pseudoachondroplasia,43,0,29,619,619,0,0.0018,0.002
2175,OMIM:619814,Developmental and epileptic encephalopathy 101,16,0,9,37,37,0,0.0018,0.024
2176,OMIM:614886,Peroxisome biogenesis disorder 12A (Zellweger),37,0,27,113,113,0,0.0018,0.067
2177,OMIM:615636,Joubert syndrome 21,33,0,21,137,137,0,0.0018,0.056
2178,OMIM:619971,Neurodevelopmental disorder with epilepsy and brain atrophy,22,0,11,100,100,0,0.0018,0.024
2179,OMIM:618886,Pseudo-Torch syndrome 3,20,0,14,37,37,0,0.0018,0.026
2180,OMIM:164900,Ophthalmomandibulomelic dysplasia,14,0,8,54,54,0,0.0018,0.003
2181,OMIM:150250,Larsen syndrome,49,0,30,332,332,0,0.0018,0.061
2182,OMIM:608895,"Macular degeneration, age-related, 3",12,1,10,13,13,0,0.0018,0.003
2183,OMIM:619026,Neurodevelopmental disorder with progressive spasticity and brain white matter abnormalities,34,0,22,146,146,0,0.0018,0.019
2184,OMIM:616507,"Osteogenesis imperfecta, type XVII",22,0,17,111,111,0,0.0018,0.009
2185,OMIM:617143,"Myasthenic syndrome, congenital, 20, presynaptic",24,0,20,80,80,0,0.0018,0.028
2186,OMIM:618728,"Spondyloepimetaphyseal dysplasia, Isidor-Toutain type",12,0,10,37,37,0,0.0018,0.002
2187,OMIM:619422,"Spinocerebellar ataxia, autosomal recessive 31",39,0,26,208,208,0,0.0018,0.028
2188,OMIM:601154,"Cardiomyopathy, dilated, 1E",15,0,10,105,105,0,0.0018,0.011
2189,OMIM:617253,Seckel syndrome 10,27,0,16,61,61,0,0.0018,0.008
2190,OMIM:618000,"Ehlers-Danlos syndrome, classic-like, 2",60,0,28,577,577,0,0.0018,0.047
2191,OMIM:108300,"Stickler syndrome, type I",38,0,26,217,217,0,0.0018,0.012
2192,OMIM:610498,Combined oxidative phosphorylation deficiency 2,19,0,11,35,35,0,0.0018,0.004
2193,OMIM:619480,Neurodevelopmental disorder with dysmorphic facies and thin corpus callosum,43,0,21,225,225,1,0.0018,0.161
2194,OMIM:158320,Muir-Torre syndrome,12,0,3,58,58,0,0.0018,0.01
2195,OMIM:118300,Charcot-Marie-Tooth disease and deafness,20,0,10,77,77,0,0.0018,0.011
2196,OMIM:252930,Mucopolysaccharidosis type IIIC,34,0,23,101,101,0,0.0018,0.029
2197,OMIM:112200,Blue rubber bleb nevus,14,0,9,18,18,0,0.0018,0.003
2198,OMIM:619326,Intellectual developmental disorder and hypogonadotropic hypogonadism,23,0,11,57,57,0,0.0018,0.005
2199,OMIM:133780,Exudative vitreoretinopathy 1,16,1,9,105,105,0,0.0018,0.01
2200,OMIM:184260,Osteochondrodysplasia,40,0,25,401,401,0,0.0018,0.01
2201,OMIM:609040,"Arrhythmogenic right ventricular dysplasia, familial, 9",12,1,6,55,55,0,0.0018,0.01
2202,OMIM:614213,"Neuropathy, hereditary sensory, type IIC",14,0,9,38,38,0,0.0018,0.01
2203,OMIM:618373,"Cancer, alopecia, pigment dyscrasia, onychodystrophy, and keratoderma",13,0,9,57,57,0,0.0018,0.008
2204,OMIM:310490,Cowchock syndrome,14,0,11,22,22,0,0.0018,0.013
2205,OMIM:621460,"Neurodevelopmental disorder with spasticity, thin corpus callosum, and decreased brain white matter",40,0,26,487,487,0,0.0018,0.018
2206,OMIM:156510,Metaphyseal dysplasia with maxillary hypoplasia and brachydactyly,14,0,7,46,46,0,0.0018,0.008
2207,OMIM:612337,"Intellectual developmental disorder, autosomal dominant 22",38,0,19,169,169,0,0.0018,0.024
2208,OMIM:225750,Aicardi-Goutieres syndrome 1,47,0,31,315,315,0,0.0018,0.032
2209,OMIM:278720,"Xeroderma pigmentosum, group C",16,0,12,52,52,0,0.0018,0.009
2210,OMIM:618223,Vertebral anomalies and variable endocrine and T-cell dysfunction,38,1,18,129,129,0,0.0018,0.031
2211,OMIM:616959,Retinitis pigmentosa and erythrocytic microcytosis,21,0,10,94,94,0,0.0018,0.024
2212,OMIM:619471,Bardet-Biedl syndrome 20,26,0,17,51,51,0,0.0018,0.022
2213,OMIM:614619,Hyperekplexia 2,14,0,9,22,22,0,0.0018,0.01
2214,OMIM:247100,Urbach-Wiethe disease,20,0,13,66,66,0,0.0018,0.008
2215,OMIM:259100,"Hypertrophic osteoarthropathy, primary, autosomal recessive 1",25,0,20,97,97,0,0.0018,0.006
2216,OMIM:127300,Leri-Weill dyschondrosteosis,25,0,20,253,253,0,0.0018,0.003
2217,OMIM:618354,Neurodevelopmental disorder and language delay with or without structural brain abnormalities,37,0,24,205,205,0,0.0018,0.02
2218,OMIM:615658,"Spastic paraplegia 57, autosomal recessive",13,0,10,38,38,0,0.0018,0.009
2219,OMIM:300673,"Encephalopathy, neonatal severe, due to mecp2 mutations",18,0,13,52,52,0,0.0018,0.024
2220,OMIM:614618,Hyperekplexia 3,14,0,8,21,21,0,0.0018,0.01
2221,OMIM:617248,"3-methylglutaconic aciduria, type VIII",32,0,24,85,85,0,0.0018,0.028
2222,OMIM:228930,"Fibular aplasia or hypoplasia, femoral bowing and poly-, syn-, and oligodactyly",28,0,23,298,298,0,0.0018,0.008
2223,OMIM:100800,Achondroplasia,44,0,21,405,405,0,0.0018,0.057
2224,OMIM:300106,"Spondyloepimetaphyseal dysplasia, X-linked",43,0,25,725,725,0,0.0018,0.002
2225,OMIM:263700,"Porphyria, congenital erythropoietic",30,0,19,106,106,0,0.0018,0.01
2226,OMIM:602875,"Acromesomelic dysplasia, Maroteaux type",29,0,18,257,257,0,0.0018,0.002
2227,OMIM:616579,"Intellectual developmental disorder, autosomal dominant 40",40,0,21,235,235,1,0.0018,0.155
2228,OMIM:618651,"Neurodevelopmental disorder with spastic quadriplegia, optic atrophy, seizures, and structural brain anomalies",30,0,19,91,91,0,0.0018,0.024
2229,OMIM:617239,"Myasthenic syndrome, congenital, 21, presynaptic",17,0,14,21,21,0,0.0018,0.024
2230,OMIM:202010,"Adrenal hyperplasia, congenital, due to 11-beta-hydroxylase deficiency",19,0,5,43,43,0,0.0018,0.003
2231,OMIM:261990,"Abnormal hair, joint laxity, and developmental delay",31,0,13,88,88,0,0.0018,0.018
2232,OMIM:300200,"Adrenal hypoplasia, congenital",18,0,12,50,50,0,0.0018,0.003
2233,OMIM:617560,"Spastic ataxia 8, autosomal recessive, with hypomyelinating leukodystrophy",39,0,28,331,331,0,0.0018,0.019
2234,OMIM:183600,Split-Hand/foot malformation 1,14,0,12,37,37,0,0.0018,0.002
2235,OMIM:609616,"Spondylomegaepiphyseal dysplasia with upper limb mesomelia, punctatecalcifications, and deafness",24,0,17,200,200,0,0.0018,0.002
2236,OMIM:614135,"Epiphyseal dysplasia, multiple, 6",14,0,7,79,79,0,0.0018,0.008
2237,OMIM:113000,"Brachydactyly, type B1",21,0,18,123,123,0,0.0018,0.002
2238,OMIM:615198,Osteosclerotic metaphyseal dysplasia,12,0,9,21,21,0,0.0018,0.004
2239,ORPHA:90673,Hypothyroidism due to TSH receptor mutations,25,0,12,56,56,0,0.0018,0.009
2240,ORPHA:79400,Localized epidermolysis bullosa simplex,22,0,12,125,125,0,0.0018,0.008
2241,ORPHA:90653,Stickler syndrome type 1,21,0,17,43,43,0,0.0018,0.008
2242,ORPHA:337,Fibrodysplasia ossificans progressiva,35,0,30,234,234,0,0.0018,0.007
2243,ORPHA:370968,Congenital muscular dystrophy with intellectual disability,43,1,30,312,312,1,0.0018,0.19
2244,ORPHA:228302,"Carnitine palmitoyl transferase II deficiency, myopathic form",21,0,15,66,66,0,0.0018,0.015
2245,ORPHA:3168,Sillence syndrome,26,0,16,225,225,0,0.0018,0.007
2246,ORPHA:83468,Solitary bone cyst,17,0,11,106,106,0,0.0018,0.002
2247,ORPHA:75858,MORM syndrome,15,0,9,32,32,0,0.0018,0.006
2248,ORPHA:3208,Isolated succinate-CoQ reductase deficiency,50,0,33,345,345,0,0.0018,0.019
2249,ORPHA:1452,Cleidocranial dysplasia,55,1,34,718,718,1,0.0018,0.301
2250,ORPHA:1427,Autosomal recessive otospondylomegaepiphyseal dysplasia,39,0,22,318,318,0,0.0018,0.009
2251,ORPHA:1426,Greenberg dysplasia,17,0,12,82,82,0,0.0018,0.011
2252,ORPHA:290,Congenital rubella syndrome,31,0,29,72,72,0,0.0018,0.031
2253,ORPHA:2801,Juvenile Paget disease,17,1,15,32,32,0,0.0018,0.003
2254,ORPHA:3329,Tibial aplasia-ectrodactyly syndrome,18,0,12,136,136,0,0.0018,0.002
2255,ORPHA:99948,Charcot-Marie-Tooth disease type 4A,40,0,21,336,336,1,0.0018,0.178
2256,ORPHA:3312,Thalidomide embryopathy,17,0,13,48,48,0,0.0018,0.002
2257,ORPHA:1548,Cryptorchidism-arachnodactyly-intellectual disability syndrome,17,0,15,32,32,0,0.0018,0.011
2258,ORPHA:93930,Classic bladder exstrophy,13,1,8,42,42,0,0.0018,0.004
2259,ORPHA:974,Adams-Oliver syndrome,46,0,36,173,173,0,0.0018,0.017
2260,ORPHA:163961,X-linked cerebral-cerebellar-coloboma syndrome,31,0,15,120,120,0,0.0018,0.028
2261,ORPHA:226316,Genetic transient congenital hypothyroidism,20,0,11,29,29,0,0.0018,0.004
2262,ORPHA:261524,Paternal uniparental disomy of chromosome X syndrome,18,0,7,21,21,0,0.0018,0.004
2263,ORPHA:95619,Post-traumatic pituitary deficiency,20,0,12,38,38,0,0.0018,0.003
2264,ORPHA:139471,Microphthalmia with brain and digit anomalies,23,0,18,62,62,0,0.0018,0.005
2265,ORPHA:2501,"Metaphyseal chondrodysplasia, Spahr type",17,0,13,79,79,0,0.0018,0.003
2266,ORPHA:208447,Bilateral generalized polymicrogyria,51,0,29,873,873,0,0.0018,0.024
2267,ORPHA:49042,Dentinogenesis imperfecta,21,0,7,101,101,0,0.0018,0.003
2268,ORPHA:88630,Terminal osseous dysplasia-pigmentary defects syndrome,23,0,12,53,53,0,0.0018,0.004
2269,ORPHA:3033,Renal tubular dysgenesis,13,0,5,10,10,0,0.0018,0.01
2270,ORPHA:456312,Infantile multisystem neurologic-endocrine-pancreatic disease,48,0,32,244,244,0,0.0018,0.019
2271,ORPHA:98818,Landau-Kleffner syndrome,44,0,26,821,821,0,0.0018,0.018
2272,ORPHA:908,Fragile X syndrome,33,1,20,111,111,0,0.0018,0.034
2273,ORPHA:2697,Arthrogryposis-renal dysfunction-cholestasis syndrome,31,0,18,43,43,0,0.0018,0.009
2274,ORPHA:561854,FOXG1 syndrome,49,0,34,614,614,0,0.0018,0.024
2275,ORPHA:1308,C syndrome,53,0,31,337,337,1,0.0018,0.185
2276,ORPHA:90065,Acquired aneurysmal subarachnoid hemorrhage,34,0,25,189,189,1,0.0018,0.151
2277,ORPHA:2632,Langer mesomelic dysplasia,13,0,9,48,48,0,0.0018,0.003
2278,ORPHA:1880,Ebstein malformation of the tricuspid valve,27,0,18,159,159,0,0.0018,0.026
2279,ORPHA:404443,Tatton-Brown-Rahman syndrome,40,0,20,160,160,0,0.0018,0.018
2280,ORPHA:1856,Spondyloperipheral dysplasia-short ulna syndrome,23,0,19,131,131,0,0.0018,0.003
2281,ORPHA:404473,Intellectual disability-eye abnormalities-microcephaly-peripheral spasticity syndrome,32,0,20,215,215,0,0.0018,0.019
2282,ORPHA:543470,Optic atrophy-ataxia-peripheral neuropathy-global developmental delay syndrome,38,0,28,301,301,0,0.0018,0.02
2283,ORPHA:1836,"Mesomelic dysplasia, Kantaputra type",15,0,12,89,89,0,0.0018,0.003
2284,ORPHA:1824,Lowry-Wood syndrome,21,0,19,75,75,0,0.0018,0.003
2285,ORPHA:157965,SLC39A13-related spondylodysplastic Ehlers-Danlos syndrome,20,0,8,69,69,0,0.0018,0.003
2286,ORPHA:166016,"Multiple epiphyseal dysplasia, Lowry type",20,0,14,112,112,0,0.0018,0.002
2287,ORPHA:563991,Osteochondrosis of the tarsal bone,13,0,9,59,59,0,0.0018,0.005
2288,ORPHA:163746,Peripheral demyelinating neuropathy-central dysmyelinating leukodystrophy-Waardenburg syndrome-Hirschsprung disease,36,0,26,121,121,0,0.0018,0.026
2289,ORPHA:182050,MYH9-related syndromic thrombocytopenia,16,0,7,41,41,0,0.0018,0.029
2290,ORPHA:90322,Cockayne syndrome type 2,40,0,25,156,156,0,0.0018,0.014
2291,ORPHA:496689,Kyphoscoliosis-lateral tongue atrophy-hereditary spastic paraplegia syndrome,19,0,12,75,75,0,0.0018,0.01
2292,ORPHA:206443,Late-infantile/juvenile Krabbe disease,46,0,31,592,592,0,0.0018,0.024
2293,ORPHA:1901,Dermatosparaxis Ehlers-Danlos syndrome,50,0,32,292,292,0,0.0018,0.024
2294,ORPHA:93388,Brachydactyly type A1,12,0,11,53,53,0,0.0018,0.002
2295,ORPHA:2470,Matthew-Wood syndrome,20,0,15,21,21,0,0.0018,0.006
2296,ORPHA:100984,Autosomal dominant spastic paraplegia type 3,20,0,12,103,103,0,0.0018,0.01
2297,ORPHA:93314,"Spondylometaphyseal dysplasia, Kozlowski type",44,0,27,761,761,0,0.0018,0.003
2298,ORPHA:363523,Hypohidrosis-enamel hypoplasia-palmoplantar keratoderma-intellectual disability syndrome,15,0,11,31,31,0,0.0018,0.032
2299,ORPHA:93346,"Spondyloepimetaphyseal dysplasia congenita, Strudwick type",23,0,16,90,90,0,0.0018,0.009
2300,ORPHA:596,X-linked centronuclear myopathy,24,1,16,60,60,0,0.0018,0.058
2301,ORPHA:254875,"TK2-related mitochondrial DNA maintenance defect, myopathic form",39,0,26,169,169,0,0.0018,0.027
2302,ORPHA:525,Lichen planopilaris,15,0,15,69,69,0,0.0018,0.018
2303,ORPHA:9,Tetrasomy X syndrome,16,0,14,22,22,0,0.0018,0.004
2304,ORPHA:2063,Splenogonadal fusion-limb defects-micrognathia syndrome,28,0,23,76,76,0,0.0018,0.024
2305,ORPHA:468699,SLC39A8-CDG,41,0,20,131,131,0,0.0018,0.073
2306,ORPHA:247691,Retinal vasculopathy with cerebral leukoencephalopathy and systemic manifestations,50,1,32,288,288,0,0.0018,0.099
2307,ORPHA:40923,Eales disease,30,1,19,240,240,0,0.0018,0.024
2308,ORPHA:79106,Eiken syndrome,23,0,14,192,192,0,0.0018,0.003
2309,ORPHA:93403,Syndactyly type 2,12,0,7,66,66,0,0.0018,0.003
2310,ORPHA:209370,MECP2-related severe neonatal encephalopathy,19,0,14,62,62,0,0.0018,0.021
2311,ORPHA:1657,"Dermatoosteolysis, Kirghizian type",21,0,19,51,51,0,0.0018,0.003
2312,ORPHA:1764,Familial dysautonomia,37,0,32,78,78,0,0.0018,0.024
2313,ORPHA:35706,Glutaric acidemia type 3,13,0,9,25,25,0,0.0018,0.011
2314,ORPHA:459056,Autosomal recessive spastic paraplegia type 75,16,0,15,56,56,0,0.0018,0.011
2315,ORPHA:79320,ALG6-CDG,35,0,25,66,66,0,0.0018,0.01
2316,ORPHA:485,Kniest dysplasia,51,0,31,477,477,0,0.0018,0.009
2317,ORPHA:94088,Hereditary renal hypouricemia,16,0,6,56,56,0,0.0018,0.011
2318,ORPHA:94086,Blue diaper syndrome,12,0,6,23,23,0,0.0018,0.002
2319,ORPHA:94058,Neovascular glaucoma,20,0,14,176,176,0,0.0018,0.011
2320,ORPHA:99798,Oligodontia,23,0,15,253,253,0,0.0018,0.011
2321,ORPHA:2249,Ulna hypoplasia-intellectual disability syndrome,20,0,18,91,91,0,0.0018,0.004
2322,ORPHA:420794,Cono-spondylar dysplasia,26,0,11,82,82,0,0.0018,0.003
2323,ORPHA:79234,Crigler-Najjar syndrome type 1,14,0,8,25,25,0,0.0018,0.008
2324,ORPHA:363741,Colobomatous microphthalmia-obesity-hypogenitalism-intellectual disability syndrome,14,0,12,19,19,0,0.0018,0.005
2325,OMIM:300009,Dent disease 1,31,0,16,198,198,0,0.0017,0.006
2326,OMIM:607778,Acrocapitofemoral dysplasia,46,0,25,822,822,0,0.0017,0.002
2327,OMIM:614923,Branched-chain keto acid dehydrogenase kinase deficiency,49,0,28,547,547,0,0.0017,0.019
2328,OMIM:186000,Synpolydactyly 1,13,0,8,78,78,0,0.0017,0.002
2329,OMIM:615157,"Mitochondrial complex III deficiency, nuclear type 2",47,0,34,710,710,0,0.0017,0.022
2330,OMIM:615631,"Anemia, congenital dyserythropoietic, type Ib",15,0,12,28,28,0,0.0017,0.009
2331,OMIM:269860,Short-rib thoracic dysplasia 12,56,0,28,286,286,0,0.0017,0.016
2332,OMIM:614856,"Osteogenesis imperfecta, type XIII",38,0,24,284,284,0,0.0017,0.005
2333,OMIM:618922,"Neurodevelopmental disorder with seizures, hypotonia, and brain imaging abnormalities",32,1,21,164,164,0,0.0017,0.024
2334,OMIM:615547,Schaaf-Yang syndrome,50,1,27,224,224,0,0.0017,0.024
2335,OMIM:102510,Acropectorovertebral dysplasia,13,0,7,56,56,0,0.0017,0.003
2336,OMIM:617193,"Encephalopathy, progressive, early-onset, with brain atrophy and thin corpus callosum",55,0,36,485,485,0,0.0017,0.026
2337,OMIM:600969,"Epiphyseal dysplasia, multiple, 3, with or without myopathy",14,0,10,56,56,0,0.0017,0.002
2338,OMIM:616689,Dehydrated hereditary stomatocytosis 2,12,0,5,31,31,0,0.0017,0.009
2339,OMIM:617186,"Encephalopathy, progressive, early-onset, with brain edema and/or leukoencephalopathy, 1",37,0,26,316,316,0,0.0017,0.018
2340,OMIM:616298,Singleton-Merten syndrome 2,12,0,9,14,14,0,0.0017,0.002
2341,OMIM:615222,Smith-Mccort dysplasia 2,27,0,19,249,249,0,0.0017,0.002
2342,OMIM:615578,Combined oxidative phosphorylation deficiency 18,18,0,10,24,24,0,0.0017,0.004
2343,OMIM:229700,"Fructose-1,6-bisphosphatase deficiency",16,0,13,24,24,0,0.0017,0.003
2344,OMIM:619636,Acromesomelic dysplasia 4,41,0,23,430,430,0,0.0017,0.003
2345,OMIM:256710,Elejalde disease,13,0,11,20,20,0,0.0017,0.008
2346,OMIM:610968,"Osteogenesis imperfecta, type XI",20,0,14,94,94,0,0.0017,0.008
2347,OMIM:302802,"Charcot-Marie-Tooth disease, X-linked recessive, 3",13,0,10,33,33,0,0.0017,0.003
2348,OMIM:621431,"Mitochondrial complex IV deficiency, nuclear type 24",49,0,28,266,266,0,0.0017,0.024
2349,OMIM:132400,"Epiphyseal dysplasia, multiple, 1",22,0,13,145,145,0,0.0017,0.002
2350,OMIM:612576,"Chromosome 17p13.3, telomeric, duplication syndrome",17,0,11,135,135,0,0.0017,0.002
2351,OMIM:619345,"Dysostosis multiplex, Ain-Naz type",14,0,7,37,37,0,0.0017,0.002
2352,OMIM:613330,Spondylo-megaepiphyseal-metaphyseal dysplasia,33,0,21,341,341,0,0.0017,0.008
2353,OMIM:615033,"Spastic paraplegia 54, autosomal recessive",25,0,18,97,97,0,0.0017,0.026
2354,OMIM:609220,Bruck syndrome 2,16,0,8,82,82,0,0.0017,0.008
2355,OMIM:619543,Boudin-Mortier syndrome,20,0,12,89,89,0,0.0017,0.002
2356,OMIM:613091,Asphyxiating thoracic dystrophy 3,33,0,24,184,184,0,0.0017,0.004
2357,OMIM:300232,"Spondyloepimetaphyseal dysplasia, X-linked, with mental deterioration",49,0,23,408,408,0,0.0017,0.018
2358,OMIM:615185,"Charcot-Marie-Tooth disease, dominant intermediate F",16,0,10,69,69,0,0.0017,0.011
2359,OMIM:182600,"Spastic paraplegia 3, autosomal dominant",18,0,12,71,71,0,0.0017,0.009
2360,OMIM:208230,"Arthropathy, progressive pseudorheumatoid, of childhood",23,0,16,199,199,0,0.0017,0.002
2361,OMIM:268315,"Rod-cone dystrophy, sensorineural deafness, and Fanconi-type renal dysfunction",17,0,11,28,28,0,0.0017,0.004
2362,OMIM:602111,"Spondyloepimetaphyseal dysplasia, Missouri type",21,0,12,190,190,0,0.0017,0.002
2363,OMIM:601356,"Lethal short-limb skeletal dysplasia, al Gazali type",12,0,6,40,40,0,0.0017,0.002
2364,OMIM:171400,Multiple endocrine neoplasia IIA,19,0,7,49,49,0,0.0017,0.003
2365,OMIM:156530,Metatropic dysplasia,48,0,22,747,747,0,0.0017,0.003
2366,OMIM:621468,Developmental and epileptic encephalopathy 120,40,0,26,704,704,0,0.0017,0.02
2367,OMIM:613800,Meier-Gorlin syndrome 2,26,0,17,53,53,0,0.0017,0.024
2368,OMIM:610474,"Camptodactyly, tall stature, and hearing loss syndrome",15,0,13,41,41,0,0.0017,0.004
2369,OMIM:616239,Combined oxidative phosphorylation deficiency 24,40,0,31,263,263,0,0.0017,0.018
2370,OMIM:224120,"Anemia, congenital dyserythropoietic, type Ia",20,0,9,50,50,0,0.0017,0.009
2371,OMIM:620166,"Muscular dystrophy, congenital, with or without seizures",33,0,23,125,125,0,0.0017,0.028
2372,OMIM:620402,"Neuronopathy, distal hereditary motor, autosomal recessive 9",15,0,9,46,46,0,0.0017,0.006
2373,OMIM:609052,"Spondylometaphyseal dysplasia, type A4",23,0,11,211,211,0,0.0017,0.002
2374,OMIM:301014,"Osteogenesis imperfecta, type XIX",16,0,12,79,79,0,0.0017,0.002
2375,OMIM:300322,Lesch-Nyhan syndrome,25,0,19,100,100,0,0.0017,0.027
2376,OMIM:610842,Pseudoxanthoma elasticum-like disorder with multiple coagulation factor deficiency,32,0,12,132,132,0,0.0017,0.023
2377,OMIM:300905,"Charcot-Marie-Tooth disease, X-linked dominant, 6",12,0,6,32,32,0,0.0017,0.009
2378,OMIM:612847,Brachyolmia 4 with mild epiphyseal and metaphyseal changes,13,0,10,29,29,0,0.0017,0.002
2379,OMIM:613581,Retinitis pigmentosa 56,12,0,9,66,66,0,0.0017,0.003
2380,OMIM:618167,"Osteochondrodysplasia, brachydactyly, and overlapping malformed digits",21,0,12,171,171,0,0.0017,0.002
2381,OMIM:266100,"Epilepsy, pyridoxine-dependent",16,0,12,38,38,0,0.0017,0.012
2382,OMIM:600072,Fatal familial insomnia,16,0,12,37,37,0,0.0017,0.026
2383,OMIM:184100,"Spondyloepiphyseal dysplasia tarda, autosomal dominant",16,0,8,106,106,0,0.0017,0.005
2384,OMIM:603546,"Spondyloepimetaphyseal dysplasia with joint laxity, type 2",40,0,23,596,596,0,0.0017,0.002
2385,OMIM:226900,"Epiphyseal dysplasia, multiple, 4",13,0,8,51,51,0,0.0017,0.002
2386,OMIM:619708,Gastrointestinal defects and immunodeficiency syndrome 2,40,0,29,223,223,0,0.0017,0.035
2387,OMIM:616229,"Osteogenesis imperfecta, type XVI",23,0,13,113,113,0,0.0017,0.009
2388,OMIM:607078,"Epiphyseal dysplasia, multiple, 5",18,0,10,106,106,0,0.0017,0.002
2389,OMIM:619131,Osteogenesis imperfecta 21,18,1,13,100,100,0,0.0017,0.002
2390,OMIM:618005,Congenital disorder of glycosylation with defective fucosylation 1,32,0,23,67,67,0,0.0017,0.034
2391,OMIM:618961,Spondylometaphyseal dysplasia with corneal dystrophy,22,0,11,84,84,0,0.0017,0.002
2392,OMIM:184250,"Spondyloepimetaphyseal dysplasia, Strudwick type",26,0,14,180,180,0,0.0017,0.003
2393,OMIM:135100,Fibrodysplasia ossificans progressiva,25,0,13,109,109,0,0.0017,0.008
2394,OMIM:612281,"Ichthyosis, congenital, autosomal recessive 6",12,0,7,55,55,0,0.0017,0.006
2395,OMIM:184253,"Spondylometaphyseal dysplasia, Algerian type",19,0,7,136,136,0,0.0017,0.002
2396,OMIM:619881,Developmental and epileptic encephalopathy 102,21,0,15,96,96,0,0.0017,0.021
2397,OMIM:174200,"Polydactyly, postaxial, types A1 and B",19,0,16,79,79,0,0.0017,0.004
2398,OMIM:184252,"Spondylometaphyseal dysplasia, Kozlowski type",29,0,13,314,314,0,0.0017,0.002
2399,OMIM:270800,"Spastic paraplegia 5A, autosomal recessive",26,0,22,127,127,0,0.0017,0.011
2400,OMIM:621466,"Charcot-Marie-Tooth disease, axonal, type 2KK",49,0,18,550,550,0,0.0017,0.011
2401,OMIM:162300,"Multiple endocrine neoplasia, type IIB",29,0,17,69,69,0,0.0017,0.01
2402,OMIM:618392,"Spondyloepiphyseal dysplasia, Kondo-Fu type",18,0,10,33,33,0,0.0017,0.002
2403,OMIM:617062,Okur-Chung neurodevelopmental syndrome,46,0,27,207,207,0,0.0017,0.052
2404,OMIM:176200,Porphyria variegata,12,0,8,15,15,0,0.0017,0.004
2405,OMIM:108721,"Atelosteogenesis, type III",24,0,10,221,221,0,0.0017,0.052
2406,OMIM:615503,"Short rib-polydactyly syndrome, type VI",20,0,13,68,68,0,0.0017,0.002
2407,OMIM:618019,Rhizomelic skeletal dysplasia with or without Pelger-Huet anomaly,45,0,24,608,608,0,0.0017,0.002
2408,OMIM:222600,Diastrophic dysplasia,30,0,18,119,119,0,0.0017,0.003
2409,OMIM:620960,Multiple mitochondrial dysfunctions syndrome 10,22,0,13,54,54,0,0.0017,0.023
2410,OMIM:184255,"Spondylometaphyseal dysplasia, corner Fracture type",13,0,6,55,55,0,0.0017,0.002
2411,OMIM:619111,Coach syndrome 2,18,0,11,31,31,0,0.0017,0.009
2412,OMIM:300884,"Epileptic encephalopathy, early infantile, 36",35,0,23,169,169,0,0.0017,0.012
2413,OMIM:618435,"Arthrogryposis, distal, type 2B2",16,0,7,90,90,0,0.0017,0.002
2414,OMIM:222748,Dihydropyrimidinuria,35,0,19,192,192,0,0.0017,0.01
2415,OMIM:118450,Alagille syndrome 1,60,0,30,216,216,0,0.0017,0.01
2416,OMIM:614959,Developmental and epileptic encephalopathy 14,31,0,21,387,387,0,0.0017,0.015
2417,OMIM:156500,"Metaphyseal chondrodysplasia, Schmid type",26,0,15,234,234,0,0.0017,0.002
2418,OMIM:621100,"Intellectual developmental disorder, autosomal recessive 83",59,0,30,607,607,0,0.0017,0.02
2419,OMIM:274150,"Thrombotic thrombocytopenic purpura, hereditary",20,0,10,35,35,0,0.0017,0.011
2420,OMIM:610797,"Epiphyseal dysplasia, Baumann type",15,0,11,87,87,0,0.0017,0.002
2421,OMIM:123700,"Cutis laxa, autosomal dominant 1",18,0,8,33,33,0,0.0017,0.022
2422,OMIM:619638,"Spondylometaphyseal dysplasia, Pagnamenta type",15,0,10,61,61,0,0.0017,0.002
2423,OMIM:620278,"Congenital myopathy 2C, severe infantile, autosomal dominant",32,0,18,121,121,0,0.0017,0.028
2424,OMIM:259770,Osteoporosis-pseudoglioma syndrome,40,0,28,321,321,0,0.0017,0.009
2425,OMIM:616468,Exudative vitreoretinopathy 6,17,0,12,136,136,0,0.0017,0.002
2426,OMIM:618323,"Myasthenic syndrome, congenital, 25, presynaptic",22,0,15,72,72,0,0.0017,0.028
2427,OMIM:278740,"Xeroderma pigmentosum, complementation group E",13,0,10,24,24,0,0.0017,0.008
2428,OMIM:620938,"Spastic paraplegia 93, autosomal recessive",43,0,28,427,427,0,0.0017,0.018
2429,OMIM:616295,"Peeling skin with leukonychia, acral punctate keratoses, cheilitis, and knuckle pads",17,0,8,94,94,0,0.0017,0.006
2430,OMIM:226980,"Epiphyseal dysplasia, multiple, with early-onset diabetes mellitus",36,0,21,291,291,0,0.0017,0.008
2431,OMIM:146000,Hypochondroplasia,19,0,10,100,100,0,0.0017,0.003
2432,OMIM:616652,Yuan-Harel-Lupski syndrome,40,1,24,165,165,0,0.0017,0.031
2433,OMIM:227645,"Fanconi anemia, complementation group C",39,1,25,93,93,0,0.0017,0.016
2434,OMIM:264350,"Pseudohypoaldosteronism, type I, autosomal recessive",14,0,9,16,16,0,0.0017,0.003
2435,OMIM:616719,"Spinocerebellar ataxia, autosomal recessive 21",23,0,16,107,107,0,0.0017,0.018
2436,OMIM:241500,"Hypophosphatasia, infantile",39,0,24,141,141,0,0.0017,0.009
2437,OMIM:275100,"Hypothyroidism, congenital, nongoitrous, 4",16,0,6,20,20,0,0.0017,0.005
2438,OMIM:612813,"Spondyloepimetaphyseal dysplasia, Aggrecan type",22,0,10,130,130,0,0.0017,0.003
2439,OMIM:222448,Donnai-Barrow syndrome,37,0,17,118,118,0,0.0017,0.024
2440,OMIM:617162,"Epileptic encephalopathy, early infantile, 46",18,0,12,51,51,0,0.0017,0.028
2441,OMIM:609162,"Czech dysplasia, Metatarsal type",19,0,12,120,120,0,0.0017,0.002
2442,ORPHA:380,Greig cephalopolysyndactyly syndrome,22,0,14,109,109,0,0.0017,0.024
2443,ORPHA:371428,Multicentric osteolysis-nodulosis-arthropathy spectrum,39,0,30,192,192,0,0.0017,0.006
2444,ORPHA:101075,X-linked Charcot-Marie-Tooth disease type 1,16,0,15,52,52,0,0.0017,0.009
2445,ORPHA:361,Familial glucocorticoid deficiency,35,1,18,85,85,0,0.0017,0.014
2446,ORPHA:79431,Oculocutaneous albinism type 1A,16,0,11,56,56,0,0.0017,0.009
2447,ORPHA:97240,Zebra body myopathy,22,0,9,158,158,1,0.0017,0.178
2448,ORPHA:25,Glutaryl-CoA dehydrogenase deficiency,43,0,32,422,422,0,0.0017,0.028
2449,ORPHA:99885,Isolated permanent neonatal diabetes mellitus,34,0,25,91,91,0,0.0017,0.008
2450,ORPHA:101003,Autosomal recessive spastic paraplegia type 23,14,0,9,19,19,0,0.0017,0.007
2451,ORPHA:171863,Autosomal dominant spastic paraplegia type 42,13,0,8,50,50,0,0.0017,0.01
2452,ORPHA:3152,Sclerosteosis,14,0,11,31,31,0,0.0017,0.002
2453,ORPHA:3246,Symphalangism with multiple anomalies of hands and feet,22,0,17,190,190,0,0.0017,0.002
2454,ORPHA:63,Alport syndrome,34,0,20,134,134,0,0.0017,0.027
2455,ORPHA:1495,Intellectual disability-hypoplastic corpus callosum-preauricular tag syndrome,26,0,19,46,46,0,0.0017,0.039
2456,ORPHA:1444,Ring chromosome 20 syndrome,12,0,10,55,55,0,0.0017,0.005
2457,ORPHA:2771,Bruck syndrome,14,0,11,47,47,0,0.0017,0.002
2458,ORPHA:2774,Multicentric carpo-tarsal osteolysis with or without nephropathy,21,0,13,66,66,0,0.0017,0.004
2459,ORPHA:1423,Lethal recessive chondrodysplasia,12,0,8,36,36,0,0.0017,0.002
2460,ORPHA:79397,Epidermolysis bullosa simplex with mottled pigmentation,19,0,13,154,154,0,0.0017,0.008
2461,ORPHA:2741,Ophthalmomandibulomelic dysplasia,19,0,13,103,103,0,0.0017,0.002
2462,ORPHA:268,Dysferlin-related limb-girdle muscular dystrophy R2,29,0,13,139,139,0,0.0017,0.01
2463,ORPHA:2820,Spastic paraplegia-nephritis-deafness syndrome,12,0,10,17,17,0,0.0017,0.004
2464,ORPHA:214,Cystinuria,15,0,5,51,51,0,0.0017,0.004
2465,ORPHA:239,Dyggve-Melchior-Clausen disease,56,0,32,868,868,0,0.0017,0.005
2466,ORPHA:254534,Kagami-Ogata syndrome due to maternal 14q32.2 hypermethylation,19,0,9,33,33,0,0.0017,0.004
2467,ORPHA:263463,CHST3-related skeletal dysplasia,26,0,19,131,131,0,0.0017,0.003
2468,ORPHA:204,Sporadic Creutzfeldt-Jakob disease,37,0,23,439,439,1,0.0017,0.126
2469,ORPHA:457485,Macrocephaly-intellectual disability-neurodevelopmental disorder-small thorax syndrome,45,0,31,164,164,0,0.0017,0.04
2470,ORPHA:84085,Hinman syndrome,15,1,7,56,56,0,0.0017,0.023
2471,ORPHA:158681,Epidermolysis bullosa simplex with circinate migratory erythema,15,0,8,78,78,0,0.0017,0.009
2472,ORPHA:99965,O'Sullivan-McLeod syndrome,12,0,9,19,19,0,0.0017,0.011
2473,ORPHA:3320,Thrombocytopenia-absent radius syndrome,34,1,24,190,190,0,0.0017,0.008
2474,ORPHA:2879,"Phocomelia, Schinzel type",31,1,19,148,148,0,0.0017,0.007
2475,ORPHA:95513,Panhypophysitis,35,0,10,206,206,0,0.0017,0.037
2476,ORPHA:95512,Adenohypophysitis,32,0,9,158,158,0,0.0017,0.037
2477,ORPHA:139,CHILD syndrome,23,0,17,75,75,0,0.0017,0.003
2478,ORPHA:166272,Odontochondrodysplasia,21,0,15,103,103,0,0.0017,0.002
2479,ORPHA:96182,Silver-Russell syndrome due to maternal uniparental disomy of chromosome 7,59,0,34,264,264,0,0.0017,0.04
2480,ORPHA:658549,Idiopathic small fibers neuropathy,22,1,11,34,34,0,0.0017,0.028
2481,ORPHA:329314,Adult-onset multiple mitochondrial DNA deletion syndrome due to DGUOK deficiency,21,0,15,41,41,0,0.0017,0.011
2482,ORPHA:226313,Congenital hypothyroidism due to maternal intake of antithyroid drugs,26,0,14,51,51,0,0.0017,0.004
2483,ORPHA:166113,Bazex syndrome,15,0,10,48,48,0,0.0017,0.006
2484,ORPHA:3098,"Rhizomelic syndrome, Urbach type",26,0,22,161,161,0,0.0017,0.003
2485,ORPHA:75377,Central areolar choroidal dystrophy,17,0,11,136,136,0,0.0017,0.003
2486,ORPHA:968,"Acromesomelic dysplasia, Hunter-Thompson type",18,0,14,103,103,0,0.0017,0.002
2487,ORPHA:957,Acropectorovertebral dysplasia,12,0,9,30,30,0,0.0017,0.002
2488,ORPHA:308552,"Glycogen storage disease due to acid maltase deficiency, infantile onset",35,0,21,85,85,0,0.0017,0.015
2489,ORPHA:916,Aase-Smith syndrome type 1,14,0,11,41,41,0,0.0017,0.002
2490,ORPHA:95713,Athyreosis,25,0,18,41,41,0,0.0017,0.01
2491,ORPHA:91355,Sheehan syndrome,49,0,19,188,188,0,0.0017,0.037
2492,ORPHA:2645,Osteoglosphonic dysplasia,20,0,13,62,62,0,0.0017,0.004
2493,ORPHA:2633,"Mesomelic dysplasia, Nievergelt type",26,0,23,210,210,0,0.0017,0.002
2494,ORPHA:1861,Thoracic dysplasia-hydrocephalus syndrome,13,0,9,16,16,0,0.0017,0.004
2495,ORPHA:1865,"Dyssegmental dysplasia, Silverman-Handmaker type",40,0,26,213,213,0,0.0017,0.003
2496,ORPHA:1858,Skeletal dysplasia-epilepsy-short stature syndrome,15,0,13,34,34,0,0.0017,0.002
2497,ORPHA:1803,Thoracomelic dysplasia,18,0,11,84,84,0,0.0017,0.003
2498,ORPHA:166002,Multiple epiphyseal dysplasia due to collagen 9 anomaly,24,0,16,193,193,0,0.0017,0.003
2499,ORPHA:63446,Acrocapitofemoral dysplasia,21,0,15,154,154,0,0.0017,0.002
2500,ORPHA:750,Pseudoachondroplasia,45,0,25,861,861,0,0.0017,0.003
2501,ORPHA:758,Pseudoxanthoma elasticum,41,1,26,242,242,0,0.0017,0.026
2502,ORPHA:166024,Multiple epiphyseal dysplasia-macrocephaly-facial dysmorphism syndrome,22,0,16,81,81,0,0.0017,0.003
2503,ORPHA:93284,Spondyloepiphyseal dysplasia tarda,49,0,28,1007,1007,0,0.0017,0.009
2504,ORPHA:2378,Laurin-Sandrow syndrome,28,1,18,152,152,0,0.0017,0.002
2505,ORPHA:93296,Achondrogenesis type 2,25,0,15,83,83,0,0.0017,0.003
2506,ORPHA:1005,Alopecia-contractures-dwarfism-intellectual disability syndrome,34,0,26,155,155,0,0.0017,0.003
2507,ORPHA:98908,Neutral lipid storage disease with myopathy,37,1,20,177,177,0,0.0017,0.018
2508,ORPHA:90321,Cockayne syndrome type 1,57,0,42,247,247,0,0.0017,0.014
2509,ORPHA:309162,"Sandhoff disease, juvenile form",26,0,24,129,129,0,0.0017,0.028
2510,ORPHA:157801,Mesoaxial synostotic syndactyly with phalangeal reduction,12,0,9,66,66,0,0.0017,0.002
2511,ORPHA:1979,Lipodystrophy due to peptidic growth factors deficiency,28,0,22,80,80,0,0.0017,0.006
2512,ORPHA:439224,ALECT2 amyloidosis,12,0,7,32,32,0,0.0017,0.005
2513,ORPHA:668,Osteosarcoma,12,0,9,25,25,0,0.0017,0.003
2514,ORPHA:168549,Axial spondylometaphyseal dysplasia,47,0,28,472,472,0,0.0017,0.012
2515,ORPHA:653,Multiple endocrine neoplasia type 2,48,0,26,197,197,0,0.0017,0.012
2516,ORPHA:320406,Spastic paraplegia-optic atrophy-neuropathy syndrome,20,0,16,69,69,0,0.0017,0.016
2517,ORPHA:1190,Atelosteogenesis type I,32,0,17,158,158,0,0.0017,0.009
2518,ORPHA:93384,Brachydactyly type C,14,0,10,66,66,0,0.0017,0.002
2519,ORPHA:1159,Progressive pseudorheumatoid dysplasia,42,0,25,705,705,0,0.0017,0.002
2520,ORPHA:100991,Autosomal dominant spastic paraplegia type 10,28,0,18,165,165,0,0.0017,0.015
2521,ORPHA:93307,Multiple epiphyseal dysplasia type 4,58,0,35,1042,1042,0,0.0017,0.002
2522,ORPHA:1113,Aphalangy-syndactyly-microcephaly syndrome,14,0,13,42,42,0,0.0017,0.002
2523,ORPHA:77296,Morgagni-Stewart-Morel syndrome,30,0,22,121,121,0,0.0017,0.033
2524,ORPHA:93360,"Spondyloepimetaphyseal dysplasia with joint laxity, leptodactylic type",41,0,26,458,458,0,0.0017,0.003
2525,ORPHA:93356,"Spondyloepimetaphyseal dysplasia, Missouri type",12,0,8,55,55,0,0.0017,0.002
2526,ORPHA:93320,Isolated ulnar hemimelia,40,0,28,725,725,0,0.0017,0.007
2527,ORPHA:93322,Isolated tibial hemimelia,33,1,19,352,352,0,0.0017,0.002
2528,ORPHA:93323,Isolated fibular hemimelia,47,0,34,605,605,0,0.0017,0.003
2529,ORPHA:2928,Polyneuropathy-intellectual disability-acromicria-premature menopause syndrome,15,0,15,28,28,0,0.0017,0.002
2530,ORPHA:577,Mucolipidosis type III,36,0,22,187,187,0,0.0017,0.003
2531,ORPHA:99642,"Spondyloepimetaphyseal dysplasia, Handigodu type",29,0,13,291,291,0,0.0017,0.003
2532,ORPHA:217008,Segmental venous malformation,21,0,19,69,69,0,0.0017,0.002
2533,ORPHA:564,Meckel syndrome,45,0,26,166,166,0,0.0017,0.016
2534,ORPHA:2098,"Acromesomelic dysplasia, Grebe type",17,0,15,105,105,0,0.0017,0.002
2535,ORPHA:503,Larsen syndrome,27,0,19,106,106,0,0.0017,0.003
2536,ORPHA:2135,Cutaneous mastocytosis-deafness-microtia syndrome,52,1,44,201,201,0,0.0017,0.04
2537,ORPHA:3454,Wieacker-Wolff syndrome,14,0,11,31,31,0,0.0017,0.004
2538,ORPHA:412217,Dystonia-aphonia syndrome,24,0,15,112,112,0,0.0017,0.056
2539,ORPHA:431329,Autosomal recessive spastic paraplegia type 57,14,0,10,50,50,0,0.0017,0.011
2540,ORPHA:3409,Urban-Rogers-Meyer syndrome,28,0,24,100,100,0,0.0017,0.003
2541,ORPHA:427,Familial hypoaldosteronism,19,0,11,32,32,0,0.0017,0.004
2542,ORPHA:94068,Spondyloepiphyseal dysplasia congenita,42,0,28,361,361,0,0.0017,0.009
2543,ORPHA:457240,X-linked intellectual disability-short stature-overweight syndrome,37,0,24,213,213,0,0.0017,0.019
2544,ORPHA:85188,"Metaphyseal dysplasia, Braun-Tinschert type",31,0,12,380,380,0,0.0017,0.003
2545,ORPHA:85170,"Mesomelic dysplasia, Savarirayan type",15,0,7,78,78,0,0.0017,0.002
2546,ORPHA:85166,"Platyspondylic dysplasia, Torrance type",25,0,13,127,127,0,0.0017,0.002
2547,ORPHA:408,Isolated glycerol kinase deficiency,17,0,16,31,31,0,0.0017,0.004
2548,ORPHA:404,Familial hyperaldosteronism type II,13,0,10,10,10,0,0.0017,0.003
2549,ORPHA:447896,Tremor-ataxia-central hypomyelination syndrome,41,0,28,401,401,0,0.0017,0.018
2550,ORPHA:99725,Pituitary gigantism,20,0,9,29,29,0,0.0017,0.003
2551,ORPHA:357058,Autosomal recessive cutis laxa type 2A,51,0,35,390,390,0,0.0017,0.018
2552,ORPHA:556037,Late-onset familial hypoaldosteronism,13,0,7,14,14,0,0.0017,0.003
2553,OMIM:144750,"Hyperostosis, endosteal",13,0,7,25,25,0,0.0016,0.002
2554,OMIM:617184,"Mitochondrial DNA depletion syndrome 12A (cardiomyopathic type), autosomal dominant",13,0,9,30,30,0,0.0016,0.003
2555,OMIM:618314,"Hypomagnesemia, seizures, and impaired intellectual development 2",13,0,9,32,32,0,0.0016,0.006
2556,OMIM:611126,"Mitochondrial complex I deficiency, nuclear type 20",18,0,14,34,34,0,0.0016,0.004
2557,OMIM:276820,"Ulna and fibula, absence of, with severe limb deficiency",53,1,29,635,635,0,0.0016,0.007
2558,OMIM:151200,Chromosome 8q22.1 duplication syndrome,27,0,15,139,139,0,0.0016,0.002
2559,OMIM:120200,"Coloboma, ocular",13,0,9,45,45,0,0.0016,0.002
2560,OMIM:621345,"Spondylopeiphyseal dysplasia, Holling type",26,1,17,127,127,0,0.0016,0.003
2561,OMIM:265900,Pyle disease,19,0,13,120,120,0,0.0016,0.003
2562,OMIM:308050,Congenital hemidysplasia with ichthyosiform erythroderma and limb defects,47,0,30,266,266,0,0.0016,0.003
2563,OMIM:143200,Wagner vitreoretinopathy,12,0,9,66,66,0,0.0016,0.003
2564,OMIM:616716,"Rhizomelic chondrodysplasia punctata, type 5",30,0,19,126,126,0,0.0016,0.004
2565,OMIM:620663,"Spondyloepimetaphyseal dysplasia, Guo-Campeau type",57,0,37,579,579,0,0.0016,0.005
2566,OMIM:201300,"Neuropathy, hereditary sensory and autonomic, type II",21,0,11,47,47,0,0.0016,0.024
2567,OMIM:621018,"Basal ganglia calcification, idiopathic, 10, autosomal recessive",15,1,10,58,58,0,0.0016,0.03
2568,OMIM:615356,"Muscular dystrophy, limb-girdle, autosomal recessive 18",44,0,36,275,275,0,0.0016,0.04
2569,OMIM:156550,Kniest dysplasia,39,0,23,323,323,0,0.0016,0.003
2570,OMIM:252605,Mucolipidosis III gamma,26,0,16,89,89,0,0.0016,0.002
2571,OMIM:620070,"Neurodevelopmental disorder with short stature, prominent forehead, and feeding difficulties",47,1,25,252,252,0,0.0016,0.024
2572,OMIM:112500,"Brachydactyly, type A1",21,0,9,190,190,0,0.0016,0.002
2573,OMIM:614464,Joubert syndrome 15,15,0,10,27,27,0,0.0016,0.007
2574,OMIM:620528,"Neuronopathy, distal hereditary motor, autosomal dominant 11",45,0,27,415,415,0,0.0016,0.015
2575,OMIM:616924,"Charcot-Marie-Tooth disease, axonal, type 2CC",23,0,12,97,97,0,0.0016,0.011
2576,OMIM:619424,"Myopathy, myofibrillar, 12, infantile-onset, with cardiomyopathy",22,0,9,65,65,0,0.0016,0.006
2577,OMIM:193220,Vitreoretinochoroidopathy,19,0,13,171,171,0,0.0016,0.01
2578,OMIM:611040,"Microphthalmia, isolated 5",14,0,8,91,91,0,0.0016,0.003
2579,OMIM:614851,Seckel syndrome 7,19,0,10,37,37,0,0.0016,0.003
2580,OMIM:130000,"Ehlers-danlos syndrome, type I",34,0,17,124,124,0,0.0016,0.006
2581,OMIM:609223,"Spondyloepiphyseal dysplasia tarda, autosomal recessive, leroy-sprangertype",14,0,9,91,91,0,0.0016,0.002
2582,OMIM:600561,Spondyloepiphyseal dysplasia with atlantoaxial instability,20,0,9,105,105,0,0.0016,0.012
2583,OMIM:617784,"Fanconi anemia, complementation group W",16,0,11,20,20,0,0.0016,0.003
2584,OMIM:615434,Retinitis pigmentosa with or without situs inversus,12,0,7,13,13,0,0.0016,0.003
2585,OMIM:620303,"Pituitary hormone deficiency, combined or isolated, 8",15,0,4,58,58,0,0.0016,0.003
2586,OMIM:621237,"Cardiomyopathy, dilated, 2L",28,1,16,97,97,0,0.0016,0.023
2587,OMIM:114000,Caffey disease,13,0,5,66,66,0,0.0016,0.002
2588,OMIM:612776,Hypoglossia with situs inversus,14,0,6,19,19,0,0.0016,0.011
2589,OMIM:609195,"Spastic paraplegia 26, autosomal recessive",28,0,18,186,186,0,0.0016,0.009
2590,OMIM:600204,"Epiphyseal dysplasia, multiple, 2",20,0,10,97,97,0,0.0016,0.002
2591,OMIM:151210,"Platyspondylic lethal skeletal dysplasia, Torrance type",38,0,20,371,371,0,0.0016,0.002
2592,OMIM:602361,Gracile bone dysplasia,19,0,12,21,21,0,0.0016,0.004
2593,OMIM:614932,Combined oxidative phosphorylation deficiency 13,21,0,15,47,47,0,0.0016,0.024
2594,OMIM:618853,Anauxetic dysplasia 3,35,0,25,234,234,0,0.0016,0.024
2595,OMIM:612952,Aicardi-Goutieres syndrome 5,19,0,11,64,64,0,0.0016,0.03
2596,OMIM:303100,Choroideremia,13,0,8,78,78,0,0.0016,0.004
2597,OMIM:301071,"Thrombophilia 13, X-linked, due to factor VIII defect",15,0,8,53,53,0,0.0016,0.011
2598,OMIM:607634,"Osteopetrosis, autosomal dominant 1",13,0,6,39,39,0,0.0016,0.003
2599,OMIM:610313,Cold-Induced sweating syndrome 2,12,0,6,22,22,0,0.0016,0.002
2600,OMIM:608776,"Congenital disorder of glycosylation, type Il",47,0,25,155,155,0,0.0016,0.028
2601,OMIM:186300,"Syndactyly, type V",23,0,10,253,253,0,0.0016,0.002
2602,OMIM:620011,"Spinal muscular atrophy, distal, autosomal recessive, 6",25,0,14,112,112,0,0.0016,0.018
2603,OMIM:616366,"Epileptic encephalopathy, early infantile, 32",12,0,9,55,55,0,0.0016,0.004
2604,OMIM:617044,"Short stature, developmental delay, and congenital heart defects",17,0,13,37,37,0,0.0016,0.01
2605,OMIM:620401,"Intellectual developmental disorder, autosomal recessive 84",55,0,27,280,280,0,0.0016,0.041
2606,OMIM:218340,Temtamy syndrome,34,0,18,107,107,0,0.0016,0.01
2607,OMIM:210720,"Microcephalic osteodysplastic primordial dwarfism, type II",51,0,33,470,470,0,0.0016,0.004
2608,OMIM:261640,"Hyperphenylalaninemia, BH4-deficient, A",27,0,19,155,155,0,0.0016,0.028
2609,OMIM:614376,Short-Rib thoracic dysplasia 5 with or without polydactyly,27,1,11,70,70,0,0.0016,0.005
2610,OMIM:609441,"Acromesomelic dysplasia, Demirhan type",24,0,12,156,156,0,0.0016,0.003
2611,OMIM:621656,Retinitis pigmentosa 109,26,0,16,256,256,0,0.0016,0.003
2612,OMIM:193530,Weyers acrofacial dysostosis,12,0,7,12,12,0,0.0016,0.002
2613,OMIM:181450,Ulnar-Mammary syndrome,43,2,15,238,238,0,0.0016,0.008
2614,OMIM:616577,"Neurodevelopmental disorder with hearing loss, seizures, and brain abnormalities",28,0,21,90,90,0,0.0016,0.024
2615,OMIM:613341,Leber congenital amaurosis 14,12,0,7,46,46,0,0.0016,0.006
2616,OMIM:203400,Corticosterone methyloxidase type I deficiency,12,0,7,13,13,0,0.0016,0.002
2617,OMIM:166220,"Osteogenesis imperfecta, type IV",15,0,8,56,56,0,0.0016,0.002
2618,OMIM:618348,Galloway-Mowat syndrome 7,35,0,22,125,125,0,0.0016,0.033
2619,OMIM:621091,Ocular pterygium-digital keloid dysplasia syndrome,16,0,12,34,34,0,0.0016,0.003
2620,OMIM:607095,Anauxetic dysplasia 1,35,0,21,321,321,0,0.0016,0.004
2621,OMIM:301148,Retinitis pigmentosa 99,12,0,6,66,66,0,0.0016,0.003
2622,OMIM:613750,Retinitis pigmentosa 27,13,0,9,78,78,0,0.0016,0.003
2623,OMIM:606407,Hypotonia-cystinuria syndrome,35,0,20,93,93,0,0.0016,0.013
2624,OMIM:228900,Fibular hypoplasia and complex brachydactyly,15,0,12,79,79,0,0.0016,0.002
2625,OMIM:619719,Intellectual disability and myopathy syndrome,31,0,20,69,69,0,0.0016,0.036
2626,OMIM:609324,"Epiphyseal dysplasia, multiple, with severe proximal femoral dysplasia",14,0,5,62,62,0,0.0016,0.002
2627,OMIM:271530,"Brachyolmia type 1, Hobaek type",23,0,13,173,173,0,0.0016,0.002
2628,OMIM:314390,"VACTERL association, X-linked",24,1,13,41,41,0,0.0016,0.006
2629,OMIM:313400,"Spondyloepiphyseal dysplasia tarda, X-linked",21,0,10,155,155,0,0.0016,0.002
2630,OMIM:603194,"Meckel syndrome, type 2",15,0,12,28,28,0,0.0016,0.004
2631,OMIM:205100,"Amyotrophic lateral sclerosis 2, juvenile",49,0,27,722,722,0,0.0016,0.056
2632,OMIM:620639,"Osteogenesis imperfecta, type XXIII",15,0,10,46,46,0,0.0016,0.002
2633,OMIM:601813,Exudative vitreoretinopathy 4,12,0,5,55,55,0,0.0016,0.002
2634,OMIM:621094,"Neuronopathy, distal hereditary motor, autosomal dominant 15",23,0,13,122,122,0,0.0016,0.01
2635,OMIM:620375,"Muscular dystrophy, limb-girdle, autosomal recessive 28",33,0,20,135,135,0,0.0016,0.01
2636,OMIM:615085,"Osteopetrosis, autosomal recessive 8",13,0,10,13,13,0,0.0016,0.004
2637,OMIM:175700,Greig cephalopolysyndactyly syndrome,51,0,33,479,479,0,0.0016,0.004
2638,OMIM:607326,Smith-Mccort dysplasia 1,29,0,19,329,329,0,0.0016,0.002
2639,OMIM:620438,"Ciliary dyskinesia, primary, 51",14,0,4,32,32,0,0.0016,0.008
2640,OMIM:621068,"Neurodevelopmental disorder with hypotonia, poor growth, dysmorphic facies, and agammaglobulinemia",40,0,24,102,102,0,0.0016,0.025
2641,OMIM:615290,"Spinal muscular atrophy, lower extremity-predominant, 2, autosomaldominant",39,0,21,344,344,0,0.0016,0.01
2642,OMIM:274300,"Thyroid hormone resistance, generalized, autosomal recessive",18,0,8,32,32,0,0.0016,0.003
2643,OMIM:618395,"Spondyloepimetaphyseal dysplasia with joint laxity, type 3",24,0,17,201,201,0,0.0016,0.002
2644,OMIM:113500,Brachyolmia type 3,13,0,8,46,46,0,0.0016,0.002
2645,OMIM:126550,Calvarial doughnut lesions with bone fragility,12,0,7,22,22,0,0.0016,0.002
2646,OMIM:270750,Spastic paraplegia 23,17,0,11,50,50,0,0.0016,0.01
2647,OMIM:616583,"Spondyloepiphyseal dysplasia, Stanescu type",14,0,9,55,55,0,0.0016,0.002
2648,OMIM:132450,"Epiphyseal dysplasia, multiple, with myopia and conductive deafness",13,0,8,15,15,0,0.0016,0.002
2649,OMIM:308990,"Proteinuria, low molecular weight, with hypercalciuric nephrocalcinosis",14,0,7,73,73,0,0.0016,0.006
2650,OMIM:253000,Mucopolysaccharidosis IVA,47,0,27,421,421,0,0.0016,0.013
2651,OMIM:612447,"Skeletal defects, genital hypoplasia, and impaired intellectual development",16,0,12,41,41,0,0.0016,0.008
2652,OMIM:612335,"Spastic paraplegia 38, autosomal dominant",14,0,8,60,60,0,0.0016,0.01
2653,OMIM:166200,"Osteogenesis imperfecta, type I",19,0,11,60,60,0,0.0016,0.008
2654,OMIM:604369,Salla disease,17,0,16,43,43,0,0.0016,0.005
2655,OMIM:108720,"Atelosteogenesis, type I",49,0,24,627,627,0,0.0016,0.009
2656,OMIM:619648,Zaki syndrome,49,0,31,303,303,0,0.0016,0.02
2657,OMIM:166210,"Osteogenesis imperfecta, type II",25,0,12,111,111,0,0.0016,0.003
2658,OMIM:166600,"Osteopetrosis, autosomal dominant 2",13,0,5,45,45,0,0.0016,0.002
2659,OMIM:300266,"Spastic paraplegia 16, X-linked",21,0,14,79,79,0,0.0016,0.007
2660,OMIM:200500,Acheiropody,15,2,8,105,105,0,0.0016,0.002
2661,OMIM:606812,Fumarase deficiency,44,0,25,155,155,0,0.0016,0.024
2662,OMIM:118650,"Chondrodysplasia punctata, autosomal dominantchondrodysplasia punctata due to vitamin K deficiency, included",13,0,6,20,20,0,0.0016,0.002
2663,OMIM:616368,CHOPS syndrome,42,0,22,117,117,0,0.0016,0.028
2664,OMIM:605274,"Mesomelic dysplasia, Savarirayan type",18,0,10,99,99,0,0.0016,0.002
2665,OMIM:602080,"Paget disease of bone 2, early-onset",22,0,13,74,74,0,0.0016,0.008
2666,OMIM:313420,"Spondylometaphyseal dysplasia, X-linked",26,0,15,83,83,0,0.0016,0.003
2667,OMIM:253010,Mucopolysaccharidosis type IVB (Morquio),47,0,26,366,366,0,0.0016,0.003
2668,OMIM:147750,IVIC syndrome,32,0,21,218,218,0,0.0016,0.003
2669,OMIM:271700,Spondyloperipheral dysplasia,39,0,18,530,530,0,0.0016,0.002
2670,OMIM:615703,Morbid obesity and spermatogenic failure,16,0,11,30,30,0,0.0016,0.002
2671,OMIM:618233,"Mitochondrial complex I deficiency, nuclear type 10",22,0,17,77,77,0,0.0016,0.028
2672,OMIM:187760,Thoracolaryngopelvic dysplasia,12,0,5,45,45,0,0.0016,0.002
2673,OMIM:611377,"Brachydactyly, type B2",17,0,15,91,91,0,0.0016,0.002
2674,OMIM:619717,"Intellectual developmental disorder, autosomal recessive 73",35,0,18,121,121,0,0.0016,0.056
2675,OMIM:200700,Acromesomelic dysplasia 2A,22,1,13,188,188,0,0.0016,0.002
2676,OMIM:609060,Combined oxidative phosphorylation deficiency 1,27,0,17,105,105,0,0.0016,0.026
2677,OMIM:618811,Mitochondrial DNA depletion syndrome 18,17,0,11,33,33,0,0.0016,0.01
2678,OMIM:618150,Saul-Wilson syndrome,40,0,29,197,197,0,0.0016,0.002
2679,OMIM:608800,Sudden infant death with dysgenesis of the testes syndrome,21,0,10,28,28,0,0.0016,0.024
2680,OMIM:610915,"Osteogenesis imperfecta, type VIII",27,0,16,258,258,0,0.0016,0.009
2681,OMIM:187601,"Thanatophoric dysplasia, type II",22,0,12,98,98,0,0.0016,0.002
2682,OMIM:184095,"Spondyloepiphyseal dysplasia, Maroteaux type",17,0,11,69,69,0,0.0016,0.002
2683,OMIM:618725,Intellectual developmental disorder with behavioral abnormalities and craniofacial dysmorphism with or without seizures,15,0,13,38,38,0,0.0016,0.005
2684,OMIM:615349,"Ehlers-Danlos syndrome, spondylodysplastic type, 2",50,0,34,498,498,0,0.0016,0.003
2685,OMIM:618889,Liberfarb syndrome,12,0,11,15,15,0,0.0016,0.004
2686,OMIM:619598,"Rhizomelic dysplasia, Ain-Naz type",38,0,14,390,390,0,0.0016,0.002
2687,OMIM:602152,Rhyns syndrome,24,0,15,56,56,0,0.0016,0.003
2688,OMIM:610967,"Osteogenesis imperfecta, type V",18,0,10,96,96,0,0.0016,0.002
2689,OMIM:112250,Diaphyseal medullary stenosis with malignant fibrous histiocytoma,22,0,10,114,114,0,0.0016,0.003
2690,OMIM:301069,Chromosome Xq13 duplication syndrome,41,1,20,169,169,0,0.0016,0.033
2691,OMIM:621199,Neurodevelopmental disorder with ataxia and brain abnormalities,58,0,40,447,447,0,0.0016,0.02
2692,OMIM:614134,"Stickler syndrome, type IV",27,0,15,109,109,0,0.0016,0.002
2693,OMIM:602540,"Ichthyosis, hystrix-like, with deafness",15,0,10,69,69,0,0.0016,0.033
2694,OMIM:608643,Aromatic L-amino acid decarboxylase deficiency,37,0,21,197,197,0,0.0016,0.025
2695,OMIM:620483,"Variegate porphyria, childhood-onset",20,0,15,39,39,0,0.0016,0.004
2696,OMIM:612961,Multiple synostoses syndrome 3,12,0,8,46,46,0,0.0016,0.002
2697,OMIM:309620,Christianson syndrome,12,0,7,17,17,0,0.0016,0.002
2698,OMIM:614653,"Neuropathy, hereditary sensory and autonomic, type VI",38,0,24,60,60,0,0.0016,0.024
2699,OMIM:278750,"Xeroderma pigmentosum, variant type",15,0,12,39,39,0,0.0016,0.008
2700,OMIM:617821,"Ehlers-Danlos syndrome, arthrochalasia type, 2",20,0,17,72,72,0,0.0016,0.002
2701,OMIM:227650,Fanconi anemia,34,1,22,74,74,0,0.0016,0.016
2702,OMIM:169550,Pelvis-Shoulder dysplasia,14,0,10,34,34,0,0.0016,0.002
2703,OMIM:301127,"Arthrogryposis multiplex congenita 7, X-linked",24,1,6,87,87,0,0.0016,0.006
2704,OMIM:165800,"Short stature and advanced bone age, with or without early-onset osteoarthritis and/or osteochondritis dissecans",15,0,6,60,60,0,0.0016,0.002
2705,OMIM:130020,"Ehlers-danlos syndrome, Hypermobility type",12,0,10,18,18,0,0.0016,0.002
2706,OMIM:218700,"Hypothyroidism, congenital, nongoitrous, 2",25,0,15,47,47,0,0.0016,0.01
2707,OMIM:228600,Hyaline fibromatosis syndrome,17,0,11,17,17,0,0.0016,0.006
2708,OMIM:201910,"Adrenal hyperplasia, congenital, due to 21-hydroxylase deficiency",12,0,8,10,10,0,0.0016,0.003
2709,OMIM:618250,"Mitochondrial complex I deficiency, nuclear type 29",22,0,13,37,37,0,0.0016,0.004
2710,OMIM:131300,Camurati-Engelmann disease,28,0,16,113,113,0,0.0016,0.003
2711,OMIM:224400,"Dyssegmental dysplasia, Rolland-Desbuquois type",30,1,16,193,193,0,0.0016,0.002
2712,OMIM:148210,Keratitis-ichthyosis-deafness syndrome,26,0,15,112,112,0,0.0016,0.038
2713,OMIM:600972,"Achondrogenesis, type IB",16,0,9,35,35,0,0.0016,0.005
2714,OMIM:215150,Otospondylomegaepiphyseal dysplasia,31,0,17,189,189,0,0.0016,0.002
2715,OMIM:605822,Spondyloocular syndrome,35,0,23,102,102,0,0.0016,0.009
2716,OMIM:612350,"Ehlers-Danlos syndrome, spondylodysplastic type, 3",38,0,19,231,231,0,0.0016,0.003
2717,OMIM:180870,Ruvalcaba syndrome,23,0,14,90,90,0,0.0016,0.002
2718,OMIM:617994,"Tumoral calcinosis, hyperphosphatemic, familial, 3",15,0,4,21,21,0,0.0016,0.003
2719,OMIM:620080,"Neuronopathy, distal hereditary motor, type X",19,0,9,46,46,0,0.0016,0.01
2720,ORPHA:2715,Severe oculo-renal-cerebellar syndrome,29,0,19,81,81,0,0.0016,0.007
2721,ORPHA:101085,Charcot-Marie-Tooth disease type 1F,50,0,34,536,536,0,0.0016,0.02
2722,ORPHA:90650,Otopalatodigital syndrome type 1,27,0,14,171,171,0,0.0016,0.003
2723,ORPHA:376,Gordon syndrome,14,0,13,27,27,0,0.0016,0.002
2724,ORPHA:90695,Non-acquired panhypopituitarism,27,0,15,70,70,0,0.0016,0.003
2725,ORPHA:79435,Oculocutaneous albinism type 4,15,0,9,49,49,0,0.0016,0.004
2726,ORPHA:101011,Autosomal dominant spastic paraplegia type 31,17,0,12,78,78,0,0.0016,0.011
2727,ORPHA:73246,Visceral neuropathy-brain anomalies-facial dysmorphism-developmental delay syndrome,25,0,13,56,56,0,0.0016,0.023
2728,ORPHA:15,Achondroplasia,39,0,21,330,330,0,0.0016,0.002
2729,ORPHA:11,Pentasomy X syndrome,22,0,16,58,58,0,0.0016,0.004
2730,ORPHA:3198,Stiff person spectrum disorder,30,0,16,82,82,0,0.0016,0.026
2731,ORPHA:317,Erythrokeratodermia variabilis,29,0,24,117,117,0,0.0016,0.003
2732,ORPHA:3186,Holoprosencephaly-radial heart renal anomalies syndrome,27,0,20,66,66,0,0.0016,0.003
2733,ORPHA:85288,"X-linked intellectual disability, Stocco Dos Santos type",17,0,11,15,15,0,0.0016,0.004
2734,ORPHA:3269,Isolated radio-ulnar synostosis,13,0,12,66,66,0,0.0016,0.003
2735,ORPHA:3250,Proximal symphalangism,15,0,13,78,78,0,0.0016,0.002
2736,ORPHA:3258,Cenani-Lenz syndrome,41,0,29,247,247,0,0.0016,0.003
2737,ORPHA:3214,"Deaf blind hypopigmentation syndrome, Yemenite type",22,0,14,52,52,0,0.0016,0.009
2738,ORPHA:3206,Stüve-Wiedemann syndrome,44,0,35,252,252,0,0.0016,0.003
2739,ORPHA:56,Alkaptonuria,50,0,31,234,234,0,0.0016,0.012
2740,ORPHA:54,X-linked recessive ocular albinism,14,0,10,58,58,0,0.0016,0.008
2741,ORPHA:2790,"Endosteal hyperostosis, Worth type",13,0,7,48,48,0,0.0016,0.009
2742,ORPHA:177910,Prader-Willi syndrome due to imprinting mutation,18,0,13,15,15,0,0.0016,0.002
2743,ORPHA:1441,Ring chromosome 17 syndrome,18,0,17,39,39,0,0.0016,0.005
2744,ORPHA:1449,Ring chromosome 7 syndrome,58,0,31,443,443,1,0.0016,0.267
2745,ORPHA:1422,Chondrodysplasia-difference of sex development syndrome,22,0,18,55,55,0,0.0016,0.003
2746,ORPHA:1425,Desbuquois syndrome,29,0,19,147,147,0,0.0016,0.003
2747,ORPHA:210122,Congenital alveolar capillary dysplasia,23,0,11,105,105,0,0.0016,0.007
2748,ORPHA:296,Ollier disease,26,0,19,121,121,0,0.0016,0.003
2749,ORPHA:2833,Stiff skin syndrome,24,0,22,27,27,0,0.0016,0.003
2750,ORPHA:2839,Pelvis-shoulder dysplasia,41,0,22,266,266,0,0.0016,0.004
2751,ORPHA:254525,Temple syndrome due to paternal 14q32.2 microdeletion,22,0,14,42,42,0,0.0016,0.005
2752,ORPHA:178345,Aromatase excess syndrome,18,0,1,38,38,0,0.0016,0.003
2753,ORPHA:314918,Mild Canavan disease,16,0,11,51,51,0,0.0016,0.007
2754,ORPHA:209959,Phacoanaphylactic uveitis,30,0,14,435,435,0,0.0016,0.026
2755,ORPHA:209956,Idiopathic uveal effusion syndrome,13,0,7,66,66,0,0.0016,0.002
2756,ORPHA:200,Isolated corpus callosum agenesis,13,0,8,66,66,0,0.0016,0.005
2757,ORPHA:65759,Carpenter syndrome,40,0,29,315,315,0,0.0016,0.003
2758,ORPHA:486815,Congenital muscular dystrophy-respiratory failure-skin abnormalities-joint hyperlaxity syndrome,30,1,16,101,101,0,0.0016,0.024
2759,ORPHA:2050,Cole-Carpenter syndrome,26,0,19,141,141,0,0.0016,0.003
2760,ORPHA:238459,SLC35A1-CDG,13,1,10,43,43,0,0.0016,0.029
2761,ORPHA:225147,Sporadic infantile bilateral striatal necrosis,38,0,22,347,347,0,0.0016,0.024
2762,ORPHA:3375,Trisomy X syndrome,31,0,23,74,74,0,0.0016,0.005
2763,ORPHA:2036,Scalp-ear-nipple syndrome,25,1,18,43,43,0,0.0016,0.014
2764,ORPHA:2028,Juvenile hyaline fibromatosis,15,0,12,31,31,0,0.0016,0.006
2765,ORPHA:2004,Laryngotracheoesophageal cleft,13,0,7,30,30,0,0.0016,0.005
2766,ORPHA:99953,Charcot-Marie-Tooth disease type 4G,27,1,19,151,151,0,0.0016,0.016
2767,ORPHA:99949,Charcot-Marie-Tooth disease type 4C,51,1,31,306,306,0,0.0016,0.056
2768,ORPHA:99947,Autosomal dominant Charcot-Marie-Tooth disease type 2A2,45,0,25,384,384,0,0.0016,0.012
2769,ORPHA:1597,Distal deletion 17q syndrome,31,1,23,93,93,0,0.0016,0.003
2770,ORPHA:71505,Cancer-associated retinopathy,36,0,19,250,250,0,0.0016,0.035
2771,ORPHA:2885,Piebald trait-neurologic defects syndrome,14,0,14,39,39,0,0.0016,0.009
2772,ORPHA:324442,Autosomal recessive axonal neuropathy with neuromyotonia,47,0,23,514,514,0,0.0016,0.012
2773,ORPHA:174,"Metaphyseal chondrodysplasia, Schmid type",33,0,19,407,407,0,0.0016,0.007
2774,ORPHA:98795,Angelman syndrome due to paternal uniparental disomy of chromosome 15,28,0,16,157,157,0,0.0016,0.028
2775,ORPHA:96190,Paternal uniparental disomy of chromosome 5 syndrome,13,0,6,22,22,0,0.0016,0.002
2776,ORPHA:171617,Autosomal dominant spastic paraplegia type 38,19,0,8,102,102,0,0.0016,0.01
2777,ORPHA:977,Adrenomyodystrophy,16,0,12,14,14,0,0.0016,0.004
2778,ORPHA:3010,Qazi-Markouizos syndrome,23,0,14,45,45,0,0.0016,0.006
2779,ORPHA:226307,Hypothyroidism due to deficient transcription factors involved in pituitary development or function,49,0,24,274,274,0,0.0016,0.004
2780,ORPHA:2524,Pontocerebellar hypoplasia type 2,39,0,17,332,332,0,0.0016,0.024
2781,ORPHA:2511,Microbrachycephaly-ptosis-cleft lip syndrome,36,0,23,277,277,0,0.0016,0.004
2782,ORPHA:2502,Metaphyseal dysostosis-intellectual disability-conductive deafness syndrome,26,1,14,180,180,0,0.0016,0.002
2783,ORPHA:139399,Adrenomyeloneuropathy,49,2,30,348,348,1,0.0016,0.177
2784,ORPHA:449285,Snakebite envenomation,34,0,22,130,130,0,0.0016,0.025
2785,ORPHA:217377,Microduplication Xp11.22p11.23 syndrome,12,0,8,14,14,0,0.0016,0.005
2786,ORPHA:231625,Adrenocortical carcinoma with pure aldosterone hypersecretion,18,0,13,20,20,0,0.0016,0.003
2787,ORPHA:950,Acrodysostosis,53,1,40,516,516,0,0.0016,0.003
2788,ORPHA:3144,Schneckenbecken dysplasia,26,0,18,176,176,0,0.0016,0.003
2789,ORPHA:943,Malonic aciduria,19,0,16,35,35,0,0.0016,0.003
2790,ORPHA:3129,Sarcosinemia,22,0,11,72,72,0,0.0016,0.004
2791,ORPHA:959,Acro-renal-ocular syndrome,44,0,33,246,246,0,0.0016,0.008
2792,ORPHA:96201,X small rings syndrome,40,1,23,134,134,0,0.0016,0.053
2793,ORPHA:95716,Familial thyroid dyshormonogenesis,29,0,16,74,74,0,0.0016,0.01
2794,ORPHA:95717,Idiopathic congenital hypothyroidism,20,0,12,41,41,0,0.0016,0.004
2795,ORPHA:95702,X-linked adrenal hypoplasia congenita,24,0,11,47,47,0,0.0016,0.003
2796,ORPHA:2634,"Mesomelic dwarfism, Reinhardt-Pfeiffer type",13,0,12,37,37,0,0.0016,0.002
2797,ORPHA:1305,Feingold syndrome,21,0,15,51,51,0,0.0016,0.006
2798,ORPHA:53271,Muenke syndrome,21,0,15,59,59,0,0.0016,0.008
2799,ORPHA:1860,Thanatophoric dysplasia type 1,40,0,26,221,221,0,0.0016,0.002
2800,ORPHA:1839,Hereditary mucoepithelial dysplasia,18,0,14,23,23,0,0.0016,0.011
2801,ORPHA:1822,Dysplasia epiphysealis hemimelica,16,0,14,97,97,0,0.0016,0.003
2802,ORPHA:1801,Kyphomelic dysplasia,18,0,10,110,110,0,0.0016,0.003
2803,ORPHA:785,Estrogen resistance syndrome,21,0,12,24,24,0,0.0016,0.003
2804,ORPHA:827,Stargardt disease,16,0,13,120,120,0,0.0016,0.007
2805,ORPHA:820,Sneddon syndrome,54,0,30,528,528,0,0.0016,0.032
2806,ORPHA:93267,Cloverleaf skull-multiple congenital anomalies syndrome,27,0,15,163,163,0,0.0016,0.004
2807,ORPHA:832,Succinyl-CoA:3-oxoacid CoA transferase deficiency,14,0,10,13,13,0,0.0016,0.002
2808,ORPHA:64753,Spinocerebellar ataxia with axonal neuropathy type 2,22,0,14,103,103,0,0.0016,0.012
2809,ORPHA:2347,Lethal Kniest-like dysplasia,27,0,15,148,148,0,0.0016,0.002
2810,ORPHA:2330,Kasabach-Merritt phenomenon,23,0,13,94,94,0,0.0016,0.033
2811,ORPHA:48652,Phelan-McDermid syndrome,51,2,34,219,219,0,0.0016,0.037
2812,ORPHA:2311,Autosomal recessive spondylocostal dysostosis,38,0,27,202,202,0,0.0016,0.024
2813,ORPHA:2319,Juberg-Hayward syndrome,26,0,18,110,110,0,0.0016,0.003
2814,ORPHA:50945,Blomstrand lethal chondrodysplasia,37,0,18,230,230,0,0.0016,0.003
2815,ORPHA:2307,IVIC syndrome,18,0,12,38,38,0,0.0016,0.002
2816,ORPHA:69723,Tyrosinemia type 3,18,0,8,57,57,0,0.0016,0.005
2817,ORPHA:210548,Macrocephaly-intellectual disability-autism syndrome,24,0,13,49,49,0,0.0016,0.005
2818,ORPHA:52056,Ulnar/fibula ray defect-brachydactyly syndrome,12,0,9,29,29,0,0.0016,0.002
2819,ORPHA:453533,Polyendocrine-polyneuropathy syndrome,23,0,13,60,60,0,0.0016,0.003
2820,ORPHA:251061,7q31 microdeletion syndrome,50,0,26,205,205,0,0.0016,0.033
2821,ORPHA:659,Mutilating palmoplantar keratoderma with periorificial keratotic plaques,23,0,17,74,74,0,0.0016,0.005
2822,ORPHA:614,Thomsen and Becker disease,15,0,10,39,39,0,0.0016,0.027
2823,ORPHA:93397,Brachydactyly type A7,17,0,7,136,136,0,0.0016,0.002
2824,ORPHA:93399,Juvenile sialidosis type 2,38,1,26,135,135,0,0.0016,0.004
2825,ORPHA:1171,Cerebellar ataxia-areflexia-pes cavus-optic atrophy-sensorineural hearing loss syndrome,13,0,12,29,29,0,0.0016,0.002
2826,ORPHA:2484,Melnick-Needles syndrome,35,0,27,243,243,0,0.0016,0.005
2827,ORPHA:1147,Sheldon-Hall syndrome,20,0,10,87,87,0,0.0016,0.002
2828,ORPHA:100986,Autosomal recessive spastic paraplegia type 5A,24,0,18,126,126,0,0.0016,0.011
2829,ORPHA:93311,Multiple epiphyseal dysplasia type 5,22,0,14,190,190,0,0.0016,0.003
2830,ORPHA:67042,Late-onset retinal degeneration,22,1,10,231,231,0,0.0016,0.007
2831,ORPHA:1106,Microphthalmia with limb anomalies,56,0,41,562,562,0,0.0016,0.003
2832,ORPHA:163681,CNTNAP2-related developmental and epileptic encephalopathy,49,0,32,709,709,0,0.0016,0.019
2833,ORPHA:476126,Micrognathia-recurrent infections-behavioral abnormalities-mild intellectual disability syndrome,55,0,33,360,360,0,0.0016,0.019
2834,ORPHA:2976,"Pseudoleprechaunism syndrome, Patterson type",28,0,15,107,107,0,0.0016,0.003
2835,ORPHA:314621,Duplication of the pituitary gland,34,1,24,165,165,0,0.0016,0.053
2836,ORPHA:582,Mucopolysaccharidosis type 4,34,0,28,262,262,0,0.0016,0.006
2837,ORPHA:314662,Segmental progressive overgrowth syndrome with fibroadipose hyperplasia,14,0,11,22,22,0,0.0016,0.002
2838,ORPHA:646136,"Dysplastic cortical hyperostosis, Al-Gazali type",31,0,17,178,178,0,0.0016,0.008
2839,ORPHA:364028,X-linked intellectual disability due to GRIA3 mutations,57,0,35,478,478,0,0.0016,0.019
2840,ORPHA:391646,Feingold syndrome type 2,15,0,13,31,31,0,0.0016,0.005
2841,ORPHA:5,Long chain 3-hydroxyacyl-CoA dehydrogenase deficiency,25,0,22,72,72,0,0.0016,0.009
2842,ORPHA:230839,Classical-like Ehlers-Danlos syndrome type 1,46,0,31,230,230,0,0.0016,0.012
2843,ORPHA:295047,Macrodactyly of toes,17,0,13,65,65,0,0.0016,0.004
2844,ORPHA:536516,Myopathic Ehlers-Danlos syndrome,53,0,28,583,583,1,0.0016,0.178
2845,ORPHA:95232,Lissencephaly due to LIS1 mutation,44,0,23,613,613,0,0.0016,0.022
2846,ORPHA:589905,PHIP-related behavioral problems-intellectual disability-obesity-dysmorphic features syndrome,38,0,22,104,104,0,0.0016,0.024
2847,ORPHA:79145,Dowling-Degos disease,25,0,12,156,156,0,0.0016,0.027
2848,ORPHA:93473,Hurler syndrome,59,0,44,350,350,0,0.0016,0.037
2849,ORPHA:431361,Progressive encephalopathy with leukodystrophy due to DECR deficiency,28,0,20,118,118,0,0.0016,0.016
2850,ORPHA:79155,Hydroxykynureninuria,16,0,14,19,19,0,0.0016,0.004
2851,ORPHA:314795,SHOX-related short stature,16,0,10,69,69,0,0.0016,0.002
2852,ORPHA:94083,Partington syndrome,13,0,10,45,45,0,0.0016,0.005
2853,ORPHA:416,Primary hyperoxaluria,33,1,20,83,83,0,0.0016,0.006
2854,ORPHA:412,Dysbetalipoproteinemia,26,0,9,57,57,0,0.0016,0.018
2855,ORPHA:414,Gyrate atrophy of choroid and retina,15,0,12,46,46,0,0.0016,0.004
2856,ORPHA:436,Hypophosphatasia,44,0,26,206,206,0,0.0016,0.003
2857,ORPHA:284454,Acute zonal occult outer retinopathy,24,0,18,276,276,0,0.0016,0.006
2858,ORPHA:251623,Pituicytoma,20,0,10,96,96,0,0.0016,0.003
2859,ORPHA:2235,Hypogonadotropic hypogonadism-retinitis pigmentosa syndrome,20,0,14,37,37,0,0.0016,0.003
2860,ORPHA:319675,"Microcephalic primordial dwarfism, Dauber type",22,0,12,49,49,0,0.0016,0.004
2861,ORPHA:280921,Idiopathic panuveitis,19,2,12,154,154,0,0.0016,0.023
2862,ORPHA:488333,Autosomal dominant Charcot-Marie-Tooth disease type 2W,20,0,10,88,88,0,0.0016,0.011
2863,ORPHA:79233,Hypoxanthine guanine phosphoribosyltransferase partial deficiency,17,0,10,47,47,0,0.0016,0.011
2864,ORPHA:93598,Primary hyperoxaluria type 1,19,1,14,47,47,0,0.0016,0.004
2865,ORPHA:79283,"Methylmalonic acidemia with homocystinuria, type cblD",12,0,10,21,21,0,0.0016,0.004
2866,ORPHA:556030,Early-onset familial hypoaldosteronism,15,0,9,15,15,0,0.0016,0.003
2867,OMIM:263800,Gitelman syndrome,37,0,25,79,79,0,0.0015,0.006
2868,OMIM:617635,"Intellectual developmental disorder, autosomal dominant 47",25,0,15,53,53,0,0.0015,0.024
2869,OMIM:272460,Spondylocarpotarsal synostosis syndrome,44,0,22,459,459,0,0.0015,0.003
2870,OMIM:618857,"Diabetes mellitus, permanent neonatal 3, with or without neurologic features",12,0,8,15,15,0,0.0015,0.002
2871,OMIM:250400,"Metaphyseal chondrodysplasia, Spahr type",14,0,9,47,47,0,0.0015,0.002
2872,OMIM:309549,"Intellectual developmental disorder, X-linked 9",16,0,9,51,51,0,0.0015,0.005
2873,OMIM:600002,Eiken syndrome,37,0,21,233,233,0,0.0015,0.005
2874,OMIM:186570,Tarsal-Carpal coalition syndrome,14,0,10,66,66,0,0.0015,0.002
2875,OMIM:608099,"Muscular dystrophy, limb-girdle, type 2D",19,0,9,94,94,0,0.0015,0.011
2876,OMIM:208050,Arterial tortuosity syndrome,47,0,24,236,236,0,0.0015,0.024
2877,OMIM:617350,"Epileptic encephalopathy, early infantile, 52",13,0,10,67,67,0,0.0015,0.004
2878,OMIM:239500,"Hyperprolinemia, type I",18,0,13,73,73,0,0.0015,0.005
2879,OMIM:227270,"Faciocardiomelic dysplasia, lethal",14,0,11,44,44,0,0.0015,0.002
2880,OMIM:278760,"Xeroderma pigmentosum, complementation group F",28,0,22,81,81,0,0.0015,0.008
2881,OMIM:621435,"Xeroderma pigmentosum, complementation group J",22,0,12,58,58,0,0.0015,0.004
2882,OMIM:615633,Short-Rib thoracic dysplasia 11 with or without polydactyly,16,0,10,30,30,0,0.0015,0.005
2883,OMIM:620461,"Encephalopathy, acute, infection-induced, susceptibility to, 12",15,0,10,25,25,0,0.0015,0.003
2884,OMIM:618868,"Neurodegeneration, childhood-onset, with ataxia, tremor, optic atrophy, and cognitive decline",19,0,14,85,85,0,0.0015,0.025
2885,OMIM:616688,"Charcot-Marie-Tooth disease, axonal, type 2Z",36,0,24,280,280,0,0.0015,0.009
2886,OMIM:180300,Rheumatoid arthritis,16,0,7,29,29,0,0.0015,0.002
2887,OMIM:604273,"Mitochondrial complex V (ATP synthase) deficiency, nuclear type 1",22,1,11,53,53,0,0.0015,0.003
2888,OMIM:241080,Woodhouse-Sakati syndrome,40,0,20,166,166,0,0.0015,0.004
2889,OMIM:612015,"Congenital disorder of glycosylation, type In",25,1,19,54,54,0,0.0015,0.006
2890,OMIM:612001,Chromosome 15q13.3 microdeletion syndrome,16,0,11,22,22,0,0.0015,0.004
2891,OMIM:158810,Bethlem myopathy 1A,48,1,31,447,447,0,0.0015,0.038
2892,OMIM:613848,"Osteogenesis imperfecta, type X",42,0,21,425,425,0,0.0015,0.009
2893,OMIM:614841,Hypogonadotropic hypogonadism 12 with or without anosmia,13,0,5,31,31,0,0.0015,0.003
2894,OMIM:613135,"Parkinsonism-Dystonia, infantile, 1",24,0,14,118,118,0,0.0015,0.024
2895,OMIM:605021,"Myoclonic epilepsy, familial infantile",13,0,11,78,78,0,0.0015,0.004
2896,OMIM:618702,Short stature and microcephaly with genital anomalies,22,0,11,36,36,0,0.0015,0.024
2897,OMIM:604317,"Microcephaly 2, primary, autosomal recessive, with or without cortical malformations",40,0,29,434,434,0,0.0015,0.013
2898,OMIM:608908,Myopia 6,15,0,12,15,15,0,0.0015,0.005
2899,OMIM:619959,ACCES syndrome,23,0,15,29,29,0,0.0015,0.005
2900,OMIM:620114,Neurodevelopmental disorder with speech impairment and with or without seizures,20,0,10,62,62,0,0.0015,0.024
2901,OMIM:269250,Schneckenbecken dysplasia,30,0,14,252,252,0,0.0015,0.003
2902,OMIM:101800,"Acrodysostosis 1, with or without hormone resistance",52,1,28,284,284,0,0.0015,0.004
2903,OMIM:121050,"Contractural arachnodactyly, congenital",49,0,30,609,609,0,0.0015,0.003
2904,OMIM:619970,Developmental and epileptic encephalopathy 104,18,0,13,120,120,0,0.0015,0.005
2905,OMIM:251255,Jawad syndrome,15,0,8,47,47,0,0.0015,0.004
2906,OMIM:213700,Cerebrotendinous xanthomatosis,37,0,25,221,221,0,0.0015,0.041
2907,OMIM:615145,"Microphthalmia, isolated, with coloboma 9",20,0,12,83,83,0,0.0015,0.005
2908,OMIM:252600,Mucolipidosis III alpha/beta,54,0,32,395,395,0,0.0015,0.004
2909,OMIM:309610,Prieto syndrome,25,0,18,77,77,0,0.0015,0.002
2910,OMIM:614688,Pontine tegmental cap dysplasia,29,0,21,128,128,0,0.0015,0.028
2911,OMIM:300352,Cerebral creatine deficiency syndrome 1,47,0,30,267,267,0,0.0015,0.026
2912,OMIM:302960,"Chondrodysplasia punctata 2, X-linked dominant",46,0,28,246,246,0,0.0015,0.008
2913,OMIM:226960,Lowry-Wood syndrome,25,0,14,84,84,0,0.0015,0.004
2914,OMIM:620076,Bent bone dysplasia syndrome 2,31,0,11,205,205,0,0.0015,0.002
2915,OMIM:602200,Ventriculomegaly with defects of the radius and kidney,12,1,9,15,15,0,0.0015,0.008
2916,OMIM:620512,"Spastic paraplegia 18A, autosomal dominant",14,0,11,51,51,0,0.0015,0.002
2917,OMIM:275900,"Spastic paraplegia 20, autosomal recessive",39,0,24,311,311,0,0.0015,0.024
2918,OMIM:617396,Anauxetic dysplasia 2,27,0,13,203,203,0,0.0015,0.002
2919,OMIM:212780,Cenani-Lenz syndactyly syndrome,23,0,17,87,87,0,0.0015,0.002
2920,OMIM:607684,"Charcot-Marie-Tooth disease, axonal, type 2E",29,0,19,171,171,0,0.0015,0.011
2921,OMIM:614820,Alternating hemiplegia of childhood 2,14,0,13,67,67,0,0.0015,0.004
2922,OMIM:607323,Duane-Radial ray syndrome,53,1,35,289,289,0,0.0015,0.008
2923,OMIM:605285,"Neuropathy, hereditary motor and sensory, Russe type",19,0,13,63,63,0,0.0015,0.01
2924,OMIM:270200,Sjogren-Larsson syndrome,24,0,20,82,82,0,0.0015,0.007
2925,OMIM:618363,"Short stature, amelogenesis imperfecta, and skeletal dysplasia with scoliosis",37,0,26,333,333,0,0.0015,0.003
2926,OMIM:210250,Sitosterolemia 1,23,0,9,52,52,0,0.0015,0.009
2927,OMIM:130070,"Ehlers-Danlos syndrome, spondylodysplastic type, 1",52,0,32,478,478,0,0.0015,0.003
2928,OMIM:149000,Klippel-Trenaunay-Weber syndrome,14,0,13,14,14,0,0.0015,0.002
2929,OMIM:300337,Hypomelanosis of Ito,22,0,17,59,59,0,0.0015,0.008
2930,OMIM:617866,Short-Rib thoracic dysplasia 18 with polydactyly,27,0,19,143,143,0,0.0015,0.002
2931,OMIM:300653,Phosphoglycerate kinase 1 deficiency,19,0,16,32,32,0,0.0015,0.005
2932,OMIM:300928,"Intellectual developmental disorder, X-linked 101",12,0,8,14,14,0,0.0015,0.004
2933,OMIM:112600,"Brachydactyly, type A2",15,0,7,105,105,0,0.0015,0.002
2934,OMIM:601427,"Anterior chamber cleavage disorder, cerebellar hypoplasia, hypothyroidism, and tracheal stenosis",16,0,11,17,17,0,0.0015,0.003
2935,OMIM:259450,Bruck syndrome 1,20,0,15,111,111,0,0.0015,0.002
2936,OMIM:618188,"Hyperparathyroidism, transient neonatal",41,0,18,191,191,0,0.0015,0.024
2937,OMIM:161200,Nail-Patella syndrome,44,0,24,294,294,0,0.0015,0.005
2938,OMIM:259900,"Hyperoxaluria, primary, type I",28,1,15,69,69,0,0.0015,0.004
2939,OMIM:617668,"Encephalopathy, neonatal severe, with lactic acidosis and brain abnormalities",27,0,15,156,156,0,0.0015,0.041
2940,OMIM:271520,Spondylocostal dysostosis with anal atresia and urogenital anomalies,23,0,11,80,80,0,0.0015,0.009
2941,OMIM:266510,Peroxisome biogenesis disorder 3B,30,0,20,61,61,0,0.0015,0.006
2942,OMIM:616200,Ruijs-Aalfs syndrome,24,0,16,74,74,0,0.0015,0.003
2943,OMIM:263520,Short-Rib thoracic dysplasia 6 with or without polydactyly,40,0,23,156,156,0,0.0015,0.008
2944,OMIM:186500,Multiple synostoses syndrome 1,53,0,23,546,546,0,0.0015,0.002
2945,OMIM:621080,"Heterotaxy, visceral, 14",56,0,26,497,497,0,0.0015,0.031
2946,OMIM:500009,"Mitochondrial myopathy, infantile, transient",23,0,18,92,92,0,0.0015,0.035
2947,OMIM:309510,Partington syndrome,13,0,11,48,48,0,0.0015,0.005
2948,OMIM:259440,"Osteogenesis imperfecta, type IX",31,0,17,288,288,0,0.0015,0.009
2949,OMIM:603585,"Congenital disorder of glycosylation, type IIf",28,0,18,78,78,0,0.0015,0.021
2950,OMIM:228520,Fibrochondrogenesis 1,47,0,20,532,532,0,0.0015,0.008
2951,OMIM:225400,"Ehlers-Danlos syndrome, kyphoscoliotic type, 1",52,0,28,189,189,0,0.0015,0.004
2952,OMIM:183900,Spondyloepiphyseal dysplasia congenita,37,0,20,277,277,0,0.0015,0.002
2953,OMIM:619468,Nephronophthisis-like nephropathy 2,12,0,5,17,17,0,0.0015,0.006
2954,OMIM:616954,You-Hoover-Fong syndrome,24,0,18,82,82,0,0.0015,0.004
2955,OMIM:620570,"Ciliary dyskinesia, primary, 52",18,0,8,83,83,0,0.0015,0.024
2956,OMIM:619656,Loeys-Dietz syndrome 6,49,0,25,232,232,0,0.0015,0.057
2957,OMIM:130060,"Ehlers-Danlos syndrome, arthrochalasia type, 1",26,0,13,153,153,0,0.0015,0.003
2958,OMIM:149400,Hyperekplexia 1,12,0,6,21,21,0,0.0015,0.002
2959,OMIM:615871,"Epileptic encephalopathy, early infantile, 24",13,0,10,78,78,0,0.0015,0.004
2960,OMIM:617519,"Neurodevelopmental disorder with hypotonia, neuropathy, and deafness",42,0,26,260,260,0,0.0015,0.028
2961,OMIM:613970,"Intellectual developmental disorder, autosomal dominant 6, with or without seizures",19,0,18,84,84,0,0.0015,0.004
2962,OMIM:300244,Terminal osseous dysplasia,29,0,18,134,134,0,0.0015,0.003
2963,OMIM:103050,Adenylosuccinase deficiency,41,0,25,336,336,0,0.0015,0.013
2964,OMIM:619910,"Intellectual developmental disorder, autosomal dominant 66",20,0,14,57,57,0,0.0015,0.004
2965,OMIM:602471,"Short stature, auditory canal atresia, mandibular hypoplasia, andskeletal abnormalities",30,0,18,136,136,0,0.0015,0.004
2966,OMIM:621280,Retinitis pigmentosa 100,17,0,10,105,105,0,0.0015,0.003
2967,OMIM:620968,Microphthalmia/coloboma 13,18,0,15,136,136,0,0.0015,0.003
2968,OMIM:613805,Meier-Gorlin syndrome 5,28,0,16,91,91,0,0.0015,0.024
2969,OMIM:618011,Hyperekplexia 4,20,0,14,57,57,0,0.0015,0.003
2970,OMIM:184705,Steinfeld syndrome,21,0,15,32,32,0,0.0015,0.006
2971,OMIM:613161,Beta-ureidopropionase deficiency,27,0,14,136,136,0,0.0015,0.012
2972,OMIM:614815,Joubert syndrome 18,22,0,14,52,52,0,0.0015,0.002
2973,OMIM:224300,Dysosteosclerosis,45,0,26,471,471,0,0.0015,0.018
2974,OMIM:222765,"Rhizomelic chondrodysplasia punctata, type 2",37,0,23,229,229,0,0.0015,0.003
2975,OMIM:211350,Kyphomelic dysplasia,28,0,14,217,217,0,0.0015,0.002
2976,OMIM:217085,"Congenital heart defects, hamartomas of tongue, and polysyndactyly",13,0,7,15,15,0,0.0015,0.004
2977,OMIM:157800,Cardiospondylocarpofacial syndrome,53,0,26,230,230,0,0.0015,0.024
2978,OMIM:619934,"Intellectual developmental disorder, autosomal dominant 68",39,0,22,106,106,0,0.0015,0.024
2979,OMIM:618425,Neurodevelopmental disorder with impaired speech and hyperkinetic movements,14,0,11,69,69,0,0.0015,0.005
2980,OMIM:604187,"Spastic paraplegia 10, autosomal dominant",18,0,11,74,74,0,0.0015,0.01
2981,OMIM:617662,"Joint laxity, short stature, and myopia",16,0,10,31,31,0,0.0015,0.002
2982,OMIM:620964,Congenital myopathy 25,50,0,34,391,391,0,0.0015,0.028
2983,OMIM:619115,Combined osteogenesis imperfecta and Ehlers-Danlos syndrome 1,15,0,9,30,30,0,0.0015,0.002
2984,OMIM:614814,Adams-Oliver syndrome 3,12,0,6,26,26,0,0.0015,0.004
2985,OMIM:613835,Leber congenital amaurosis 8,13,0,6,66,66,0,0.0015,0.002
2986,OMIM:617306,"Coloboma, osteopetrosis, microphthalmia, macrocephaly, albinism, and deafness",21,0,11,59,59,0,0.0015,0.002
2987,OMIM:271510,"Spondyloepimetaphyseal dysplasia, sponastrime type",44,0,24,405,405,0,0.0015,0.004
2988,OMIM:621488,"Charcot-Marie-Tooth disease, axonal, type 2MM",32,0,12,243,243,0,0.0015,0.011
2989,OMIM:300869,Chromosome xq27.3-q28 duplication syndrome,20,0,8,24,24,0,0.0015,0.004
2990,OMIM:234500,Hartnup disorder,17,0,9,56,56,0,0.0015,0.005
2991,OMIM:617106,"Epileptic encephalopathy, early infantile, 42",20,0,19,97,97,0,0.0015,0.004
2992,OMIM:615705,"Spinocerebellar ataxia, autosomal recessive 15",17,0,15,106,106,0,0.0015,0.005
2993,OMIM:610682,"Osteogenesis imperfecta, type VII",32,0,16,226,226,0,0.0015,0.002
2994,OMIM:606631,"Camurati-engelmann disease, type 2",16,0,10,32,32,0,0.0015,0.003
2995,OMIM:266130,Glutathione synthetase deficiency,13,0,7,25,25,0,0.0015,0.002
2996,OMIM:621067,"Neurodevelopmental disorder with poor growth, absent speech, progressive ataxia, and dysmorphic facies",39,0,24,219,219,0,0.0015,0.04
2997,OMIM:177735,"Pseudohypoaldosteronism, type I, autosomal dominant",13,0,8,15,15,0,0.0015,0.003
2998,OMIM:610913,"Surfactant metabolism dysfunction, pulmonary, 2",28,0,18,276,276,0,0.0015,0.006
2999,OMIM:112350,Weismann-Netter syndrome,12,0,4,38,38,0,0.0015,0.002
3000,OMIM:300934,"Congenital disorder of glycosylation, type Iy",22,0,19,37,37,0,0.0015,0.004
3001,OMIM:608553,Leber congenital amaurosis 9,22,0,12,211,211,0,0.0015,0.003
3002,OMIM:614813,"Short stature, onychodysplasia, facial dysmorphism, and hypotrichosis",47,0,24,252,252,0,0.0015,0.018
3003,OMIM:617665,"Epileptic encephalopathy, early infantile, 56",19,0,15,123,123,0,0.0015,0.004
3004,OMIM:300850,"Intellectual developmental disorder, X-linked 90",14,0,9,24,24,0,0.0015,0.005
3005,OMIM:618218,Baker-Gordon syndrome,30,0,20,127,127,0,0.0015,0.024
3006,OMIM:618436,"Arthrogryposis, distal, type 2B3",12,0,6,20,20,0,0.0015,0.002
3007,OMIM:118651,"Chondrodysplasia punctata, Tibia-Metacarpal type",13,0,6,58,58,0,0.0015,0.002
3008,OMIM:215045,"Chondrodysplasia, Blomstrand type",19,0,8,86,86,0,0.0015,0.003
3009,OMIM:146300,"Hypophosphatasia, adult",13,0,7,25,25,0,0.0015,0.002
3010,OMIM:609128,"Arthrogryposis, distal, type 4",24,1,14,109,109,0,0.0015,0.002
3011,OMIM:618958,Combined oxidative phosphorylation deficiency 47,24,0,18,43,43,0,0.0015,0.004
3012,OMIM:612291,Joubert syndrome 8,18,0,12,41,41,0,0.0015,0.009
3013,OMIM:620545,"Arthrogryposis, distal, type 12",27,0,18,93,93,0,0.0015,0.003
3014,OMIM:612285,Joubert syndrome 9,17,0,12,38,38,0,0.0015,0.005
3015,OMIM:617882,"Charcot-Marie-Tooth disease, dominant intermediate G",24,0,16,102,102,0,0.0015,0.008
3016,OMIM:616544,Retinitis pigmentosa 73,17,0,9,136,136,0,0.0015,0.003
3017,OMIM:608154,"Lipodystrophy, generalized, with impaired intellectual development, deafness, short stature, and slender bones",26,0,13,95,95,0,0.0015,0.002
3018,OMIM:187600,"Thanatophoric dysplasia, type I",40,0,20,276,276,0,0.0015,0.004
3019,OMIM:600092,Nivelon-Nivelon-Mabille syndrome,23,0,16,72,72,0,0.0015,0.002
3020,OMIM:614742,"Pulmonary fibrosis and/or bone marrow failure, telomere-related, 1",21,0,10,39,39,0,0.0015,0.027
3021,OMIM:614018,"Epilepsy, progressive myoclonic, 6",16,0,15,78,78,0,0.0015,0.002
3022,OMIM:609049,Pierson syndrome,36,0,23,162,162,0,0.0015,0.005
3023,OMIM:617713,Combined oxidative phosphorylation deficiency 33,26,0,17,42,42,0,0.0015,0.002
3024,OMIM:620746,Neurodevelopmental disorder with hypotonia and characteristic brain abnormalities,51,0,27,361,361,0,0.0015,0.018
3025,OMIM:609465,Al-Gazali syndrome,16,0,7,27,27,0,0.0015,0.002
3026,OMIM:616720,"Myasthenic syndrome, congenital, 19",27,0,15,143,143,0,0.0015,0.024
3027,OMIM:270685,Spastic paraplegia 17,19,0,9,101,101,0,0.0015,0.01
3028,OMIM:616330,"Myasthenic syndrome, congenital, 18",13,0,10,37,37,0,0.0015,0.002
3029,OMIM:618453,Intellectual developmental disorder with short stature and variable skeletal anomalies,14,0,11,31,31,0,0.0015,0.004
3030,OMIM:241510,"Hypophosphatasia, childhood",18,0,8,35,35,0,0.0015,0.002
3031,OMIM:309541,"Methylmalonic acidemia and homocysteinemia, Cblx type",18,1,11,55,55,0,0.0015,0.012
3032,OMIM:166300,Multicentric carpotarsal osteolysis syndrome,26,0,17,113,113,0,0.0015,0.005
3033,OMIM:617952,"Osteogenesis imperfecta, type XVIII",19,0,13,81,81,0,0.0015,0.008
3034,OMIM:617601,"Intellectual developmental disorder, autosomal dominant 46",14,0,10,55,55,0,0.0015,0.005
3035,OMIM:243500,Isovaleric acidemia,18,0,10,41,41,0,0.0015,0.002
3036,OMIM:605013,Microhydranencephaly,29,0,18,157,157,0,0.0015,0.009
3037,OMIM:619376,Faundes-Banka syndrome,39,0,21,152,152,0,0.0015,0.027
3038,OMIM:616723,"Spondyloepimetaphyseal dysplasia, Faden-Alkuraya type",38,0,23,285,285,0,0.0015,0.005
3039,OMIM:617171,"Dyskinesia, seizures, and intellectual developmental disorder",16,0,12,91,91,0,0.0015,0.005
3040,OMIM:614524,Fibrochondrogenesis 2,18,0,11,103,103,0,0.0015,0.002
3041,OMIM:236200,"Homocystinuria, B6-responsive and nonresponsive types",47,0,35,155,155,0,0.0015,0.012
3042,OMIM:621548,Retinitis pigmentosa 101,35,0,20,595,595,0,0.0015,0.004
3043,OMIM:615376,"Charcot-Marie-Tooth disease, recessive intermediate C",12,0,6,22,22,0,0.0015,0.003
3044,OMIM:617561,Cohen-Gibson syndrome,45,1,29,177,177,0,0.0015,0.005
3045,OMIM:600785,Vitamin D-dependent rickets type 2B with normal vitamin D receptor,19,0,12,108,108,0,0.0015,0.002
3046,OMIM:615363,Estrogen resistance,15,0,7,17,17,0,0.0015,0.003
3047,OMIM:182250,Singleton-Merten syndrome 1,48,0,29,367,367,0,0.0015,0.006
3048,OMIM:619217,"Endove syndrome, Limb-Only type",14,0,4,39,39,0,0.0015,0.002
3049,OMIM:614727,"Congenital disorder of glycosylation, type IIK",27,0,16,74,74,0,0.0015,0.002
3050,OMIM:200980,Acrorenal-Mandibular syndrome,42,0,21,294,294,0,0.0015,0.008
3051,OMIM:616326,"Myasthenic syndrome, congenital, 11, associated with acetylcholine receptor deficiency",23,0,12,36,36,0,0.0015,0.015
3052,OMIM:614257,Chromosome 20q11-q12 deletion syndrome,18,1,9,31,31,0,0.0015,0.004
3053,OMIM:608093,"Congenital disorder of glycosylation, type Ij",29,0,24,68,68,0,0.0015,0.004
3054,OMIM:617831,"Intellectual developmental disorder, autosomal dominant 55, with seizures",17,0,16,136,136,0,0.0015,0.005
3055,OMIM:200610,"Achondrogenesis, type II",25,0,12,123,123,0,0.0015,0.005
3056,OMIM:617164,"Short stature, rhizomelic, with microcephaly, micrognathia, and developmental delay",44,0,30,178,178,0,0.0015,0.024
3057,OMIM:271980,Succinic semialdehyde dehydrogenase deficiency,34,0,22,328,328,0,0.0015,0.033
3058,OMIM:617404,"Muscular dystrophy, congenital, with cataracts and intellectual disability",22,0,19,83,83,0,0.0015,0.005
3059,OMIM:615777,Desbuquois dysplasia 2,54,0,32,560,560,0,0.0015,0.007
3060,OMIM:258480,Opsismodysplasia,52,0,22,488,488,0,0.0015,0.01
3061,OMIM:201250,"Acromesomelic dysplasia, Hunter-Thompson type",17,0,9,120,120,0,0.0015,0.002
3062,OMIM:605376,"Heterotaxy, visceral, 2, autosomal",14,0,8,52,52,0,0.0015,0.011
3063,OMIM:263210,Gillessen-Kaesbach-Nishimura syndrome,35,0,15,159,159,0,0.0015,0.024
3064,OMIM:615159,"Mitochondrial complex III deficiency, nuclear type 4",14,0,9,47,47,0,0.0015,0.004
3065,OMIM:605809,"Myasthenic syndrome, congenital, 4A, slow-channel",21,0,11,66,66,0,0.0015,0.027
3066,OMIM:615398,Multiple congenital anomalies-hypotonia-seizures syndrome 3,54,0,36,300,300,0,0.0015,0.018
3067,OMIM:608323,"Charcot-Marie-Tooth disease, dominant intermediate C",13,0,10,33,33,0,0.0015,0.011
3068,OMIM:614078,"Chondrodysplasia with joint dislocations, Gpapp type",29,0,19,217,217,0,0.0015,0.002
3069,OMIM:259600,"Multicentric osteolysis, nodulosis, and arthropathy",54,0,34,661,661,0,0.0015,0.002
3070,OMIM:618291,"Spinal muscular atrophy, lower extremity-predominant, 2B, autosomal dominant",38,0,24,208,208,0,0.0015,0.002
3071,OMIM:616531,"Polymicrogyria, perisylvian, with cerebellar hypoplasia and arthrogryposis",16,0,9,37,37,0,0.0015,0.002
3072,OMIM:618252,"Mitochondrial complex I deficiency, nuclear type 32",15,0,9,18,18,0,0.0015,0.002
3073,OMIM:608257,"Mandibulofacial dysostosis with ptosis, autosomal dominant",13,0,8,23,23,0,0.0015,0.014
3074,OMIM:613661,"Congenital disorder of glycosylation, type Ip",18,0,11,27,27,0,0.0015,0.006
3075,OMIM:162200,"Neurofibromatosis, type 1",56,0,31,396,396,0,0.0015,0.026
3076,OMIM:614867,Peroxisome biogenesis disorder 5B,23,0,18,58,58,0,0.0015,0.006
3077,OMIM:133701,"Exostoses, multiple, type II",13,0,4,46,46,0,0.0015,0.002
3078,OMIM:618522,Intellectual developmental disorder 59,27,0,10,77,77,0,0.0015,0.01
3079,OMIM:309800,"Microphthalmia, syndromic 1",58,0,41,274,274,0,0.0015,0.013
3080,OMIM:615984,Bardet-Biedl syndrome 7,13,0,7,16,16,0,0.0015,0.002
3081,OMIM:214110,Peroxisome biogenesis disorder 2A (Zellweger),44,0,31,133,133,0,0.0015,0.009
3082,OMIM:617836,Developmental delay and seizures with or without movement abnormalities,16,0,12,79,79,0,0.0015,0.005
3083,OMIM:618324,Congenital disorder of glycosylation with defective fucosylation 2,23,0,16,60,60,0,0.0015,0.024
3084,OMIM:616863,Chromosome 16p13.2 deletion syndrome,24,0,15,80,80,0,0.0015,0.005
3085,OMIM:610023,"Brachydactyly, coloboma, and anterior segment dysgenesis",12,0,9,18,18,0,0.0015,0.002
3086,OMIM:211900,"Tumoral calcinosis, hyperphosphatemic, familial, 1",17,0,7,25,25,0,0.0015,0.002
3087,OMIM:617604,"Microcephaly, short stature, and limb abnormalities",20,0,12,76,76,0,0.0015,0.004
3088,OMIM:133700,"Exostoses, multiple, type I",13,0,4,46,46,0,0.0015,0.002
3089,OMIM:230500,"GM1-gangliosidosis, type I",35,1,21,115,115,0,0.0015,0.027
3090,OMIM:603467,"Fanconi anemia, complementation group F",34,1,22,51,51,0,0.0015,0.025
3091,ORPHA:392,Holt-Oram syndrome,29,0,22,208,208,0,0.0015,0.003
3092,ORPHA:382,Guanidinoacetate methyltransferase deficiency,22,0,17,210,210,0,0.0015,0.003
3093,ORPHA:199306,Cleft lip/palate,21,0,11,77,77,0,0.0015,0.024
3094,ORPHA:623626,Paraneoplastic cerebellar degeneration,24,0,12,67,67,0,0.0015,0.027
3095,ORPHA:141127,Congenital tracheal stenosis,36,0,20,142,142,0,0.0015,0.01
3096,ORPHA:79457,Maculopapular cutaneous mastocytosis,21,0,13,47,47,0,0.0015,0.003
3097,ORPHA:375,Anti-glomerular basement membrane disease,19,0,16,19,19,0,0.0015,0.005
3098,ORPHA:97230,Solar urticaria,16,0,13,18,18,0,0.0015,0.006
3099,ORPHA:494344,RERE-related neurodevelopmental syndrome,52,0,42,234,234,0,0.0015,0.028
3100,ORPHA:101000,Autosomal recessive spastic paraplegia type 20,52,0,37,459,459,0,0.0015,0.026
3101,ORPHA:171866,"Spondyloepimetaphyseal dysplasia, aggrecan type",16,0,8,52,52,0,0.0015,0.002
3102,ORPHA:85279,KDM5C-related syndromic X-linked intellectual disability,25,0,16,69,69,0,0.0015,0.008
3103,ORPHA:370930,XYLT1-CDG,29,0,22,114,114,0,0.0015,0.007
3104,ORPHA:65681,Vaginal atresia,12,0,3,39,39,0,0.0015,0.009
3105,ORPHA:99803,Haddad syndrome,18,0,12,27,27,0,0.0015,0.011
3106,ORPHA:83461,Congenital primary aphakia,13,0,5,78,78,0,0.0015,0.002
3107,ORPHA:95430,Congenital tracheomalacia,45,1,34,396,396,0,0.0015,0.048
3108,ORPHA:85212,Fetal Gaucher disease,28,0,15,40,40,0,0.0015,0.021
3109,ORPHA:70,Proximal spinal muscular atrophy,50,0,28,451,451,0,0.0015,0.044
3110,ORPHA:40,"Acromesomelic dysplasia, Maroteaux type",18,0,13,110,110,0,0.0015,0.002
3111,ORPHA:505652,CDKL5-deficiency disorder,52,0,28,355,355,0,0.0015,0.024
3112,ORPHA:2788,Osteoporosis-pseudoglioma syndrome,34,0,17,145,145,0,0.0015,0.003
3113,ORPHA:79351,"3-phosphoglycerate dehydrogenase deficiency, infantile/juvenile form",45,0,29,322,322,0,0.0015,0.04
3114,ORPHA:1458,CODAS syndrome,33,0,26,111,111,0,0.0015,0.003
3115,ORPHA:1445,Ring chromosome 21 syndrome,30,0,24,109,109,0,0.0015,0.005
3116,ORPHA:2772,Congenital osteogenesis imperfecta-microcephaly-cataracts syndrome,21,0,16,31,31,0,0.0015,0.002
3117,ORPHA:2762,Progressive osseous heteroplasia,12,0,10,21,21,0,0.0015,0.002
3118,ORPHA:2764,Osteochondritis dissecans,18,0,13,120,120,0,0.0015,0.006
3119,ORPHA:79399,"Autosomal dominant generalized epidermolysis bullosa simplex, intermediate form",17,0,11,121,121,0,0.0015,0.008
3120,ORPHA:90791,Congenital adrenal hyperplasia due to 3-beta-hydroxysteroid dehydrogenase deficiency,36,0,14,145,145,0,0.0015,0.003
3121,ORPHA:1512,Crane-Heise syndrome,20,0,15,50,50,0,0.0015,0.002
3122,ORPHA:2831,"Rhizomelic dysplasia, Patterson-Lowry type",17,0,9,76,76,0,0.0015,0.002
3123,ORPHA:289,Ellis-Van Creveld syndrome,51,0,42,175,175,0,0.0015,0.007
3124,ORPHA:399096,Distal anoctaminopathy,12,0,7,37,37,0,0.0015,0.01
3125,ORPHA:399081,KLHL9-related early-onset distal myopathy,17,0,7,67,67,0,0.0015,0.01
3126,ORPHA:207,Crouzon syndrome,33,1,23,128,128,0,0.0015,0.091
3127,ORPHA:238446,15q11q13 microduplication syndrome,19,0,15,52,52,0,0.0015,0.005
3128,ORPHA:3376,Triploidy syndrome,34,0,25,94,94,0,0.0015,0.011
3129,ORPHA:35069,"PLA2G6-related neurodegeneration, infantile-onset",52,0,33,672,672,0,0.0015,0.02
3130,ORPHA:2013,Cleft palate-large ears-small head syndrome,19,0,16,39,39,0,0.0015,0.002
3131,ORPHA:52427,Retinitis punctata albescens,19,0,10,153,153,0,0.0015,0.003
3132,ORPHA:85322,"X-linked intellectual disability, Pai type",18,0,11,29,29,0,0.0015,0.004
3133,ORPHA:99956,Charcot-Marie-Tooth disease type 4B2,40,0,29,200,200,0,0.0015,0.011
3134,ORPHA:3325,Classic heparin-induced thrombocytopenia,15,1,9,43,43,0,0.0015,0.034
3135,ORPHA:250984,Autosomal recessive Stickler syndrome,23,0,15,80,80,0,0.0015,0.003
3136,ORPHA:1590,Distal deletion 13q syndrome,22,0,18,40,40,0,0.0015,0.003
3137,ORPHA:1553,Curry-Jones syndrome,19,0,14,34,34,0,0.0015,0.002
3138,ORPHA:2876,PHAVER syndrome,26,0,19,85,85,0,0.0015,0.002
3139,ORPHA:2875,Phakomatosis pigmentovascularis,14,0,13,20,20,0,0.0015,0.008
3140,ORPHA:177,Rhizomelic chondrodysplasia punctata,20,0,16,46,46,0,0.0015,0.003
3141,ORPHA:564178,Primary hypomagnesemia-refractory seizures-intellectual disability syndrome,12,0,7,29,29,0,0.0015,0.006
3142,ORPHA:122,Birt-Hogg-Dubé syndrome,21,0,11,71,71,0,0.0015,0.007
3143,ORPHA:435387,Autosomal dominant Charcot-Marie-Tooth disease type 2Y,43,0,23,405,405,0,0.0015,0.01
3144,ORPHA:166277,Wormian bone-multiple fractures-dentinogenesis imperfecta-skeletal dysplasia,13,0,7,43,43,0,0.0015,0.002
3145,ORPHA:63259,Iniencephaly,31,1,18,123,123,0,0.0015,0.024
3146,ORPHA:999,Ermine phenotype,16,0,13,23,23,0,0.0015,0.009
3147,ORPHA:3003,Pyknoachondrogenesis,23,0,13,155,155,0,0.0015,0.006
3148,ORPHA:3005,Pyle disease,18,0,11,94,94,0,0.0015,0.002
3149,ORPHA:163976,"X-linked intellectual disability, Van Esch type",21,0,13,47,47,0,0.0015,0.003
3150,ORPHA:2596,Myopathy and diabetes mellitus,32,0,16,173,173,0,0.0015,0.015
3151,ORPHA:2557,Mietens syndrome,32,0,21,148,148,0,0.0015,0.004
3152,ORPHA:1227,Bangstad syndrome,21,0,15,38,38,0,0.0015,0.003
3153,ORPHA:488642,TELO2-related intellectual disability-neurodevelopmental disorder,52,1,25,312,312,0,0.0015,0.004
3154,ORPHA:180,Choroideremia,15,1,13,105,105,0,0.0015,0.005
3155,ORPHA:2500,Acrogeria,19,0,13,58,58,0,0.0015,0.003
3156,ORPHA:2619,"Brachydactylous dwarfism, Mseleni type",17,0,8,105,105,0,0.0015,0.002
3157,ORPHA:2611,Linear verrucous nevus syndrome,27,0,23,81,81,0,0.0015,0.003
3158,ORPHA:2604,Familial visceral myopathy,23,0,13,61,61,0,0.0015,0.004
3159,ORPHA:313892,Developmental and speech delay due to SOX5 deficiency,31,0,20,106,106,0,0.0015,0.024
3160,ORPHA:319195,Chondroectodermal dysplasia with night blindness,27,2,16,100,100,0,0.0015,0.002
3161,ORPHA:90117,"Hereditary motor and sensory neuropathy, Okinawa type",28,0,19,120,120,0,0.0015,0.024
3162,ORPHA:33574,Glutamate-cysteine ligase deficiency,15,0,11,38,38,0,0.0015,0.009
3163,ORPHA:3082,Intellectual disability-polydactyly-uncombable hair syndrome,34,0,25,155,155,0,0.0015,0.003
3164,ORPHA:3085,Retinitis pigmentosa-intellectual disability-deafness-hypogonadism syndrome,27,0,19,41,41,0,0.0015,0.003
3165,ORPHA:887,VACTERL/VATER association,41,0,29,146,146,0,0.0015,0.024
3166,ORPHA:261476,Xp21 deletion syndrome,32,0,23,78,78,0,0.0015,0.01
3167,ORPHA:945,Acalvaria,14,0,11,19,19,0,0.0015,0.002
3168,ORPHA:3121,Ruvalcaba syndrome,36,0,23,166,166,0,0.0015,0.004
3169,ORPHA:3101,Richieri Costa-da Silva syndrome,25,0,13,141,141,0,0.0015,0.01
3170,ORPHA:3103,Roberts syndrome,54,0,33,397,397,0,0.0015,0.004
3171,ORPHA:912,Zellweger syndrome,54,0,35,208,208,0,0.0015,0.026
3172,ORPHA:169189,Autosomal dominant centronuclear myopathy,29,0,17,75,75,0,0.0015,0.01
3173,ORPHA:1354,Heart defects-limb shortening syndrome,13,0,11,32,32,0,0.0015,0.003
3174,ORPHA:2658,Lenz-Majewski hyperostotic dysplasia,58,0,41,569,569,0,0.0015,0.004
3175,ORPHA:93110,Posterior urethral valve,27,1,17,194,194,0,0.0015,0.011
3176,ORPHA:1326,"Camptodactyly syndrome, Guadalajara type 2",13,0,9,43,43,0,0.0015,0.002
3177,ORPHA:2655,Thanatophoric dysplasia,41,0,27,179,179,0,0.0015,0.003
3178,ORPHA:1310,Caffey disease,14,0,9,18,18,0,0.0015,0.002
3179,ORPHA:93108,Renal dysplasia,28,1,16,237,237,0,0.0015,0.012
3180,ORPHA:2623,Geleophysic dysplasia,47,0,27,152,152,0,0.0015,0.033
3181,ORPHA:56304,Atelosteogenesis type II,53,1,23,643,643,0,0.0015,0.002
3182,ORPHA:1875,Congenital muscular dystrophy-infantile cataract-hypogonadism syndrome,14,0,10,16,16,0,0.0015,0.002
3183,ORPHA:791,Retinitis pigmentosa,31,0,20,379,379,0,0.0015,0.007
3184,ORPHA:824,Primary myelofibrosis,35,0,23,216,216,0,0.0015,0.028
3185,ORPHA:93274,Thanatophoric dysplasia type 2,35,0,26,145,145,0,0.0015,0.002
3186,ORPHA:813,Silver-Russell syndrome,53,0,34,177,177,0,0.0015,0.024
3187,ORPHA:1046,Lethal hemolytic anemia-genital anomalies syndrome,20,0,15,32,32,0,0.0015,0.01
3188,ORPHA:803,Amyotrophic lateral sclerosis,47,0,27,411,411,0,0.0015,0.056
3189,ORPHA:1028,Amelo-onycho-hypohidrotic syndrome,15,0,11,49,49,0,0.0015,0.003
3190,ORPHA:363417,Temtamy preaxial brachydactyly syndrome,48,0,29,353,353,0,0.0015,0.004
3191,ORPHA:363400,Progressive encephalopathy-severe neurodegeneration-lipodystrophy syndrome,37,0,27,253,253,0,0.0015,0.018
3192,ORPHA:90153,Mandibuloacral dysplasia with type A lipodystrophy,30,0,25,106,106,0,0.0015,0.003
3193,ORPHA:90154,Mandibuloacral dysplasia with type B lipodystrophy,28,0,20,99,99,0,0.0015,0.003
3194,ORPHA:1899,Arthrochalasia Ehlers-Danlos syndrome,46,0,27,329,329,0,0.0015,0.015
3195,ORPHA:210571,Dystonia 16,15,0,13,79,79,0,0.0015,0.005
3196,ORPHA:43116,Serotonin syndrome,34,0,28,147,147,0,0.0015,0.028
3197,ORPHA:1988,Femoral-facial syndrome,35,0,24,159,159,0,0.0015,0.003
3198,ORPHA:1972,Lethal faciocardiomelic dysplasia,15,0,9,48,48,0,0.0015,0.002
3199,ORPHA:90354,Brittle cornea syndrome,47,0,30,273,273,0,0.0015,0.007
3200,ORPHA:576283,SATB2-associated syndrome due to a pathogenic variant,48,0,31,241,241,0,0.0015,0.027
3201,ORPHA:169805,Moderate hemophilia A,26,0,13,143,143,0,0.0015,0.017
3202,ORPHA:1941,Juvenile absence epilepsy,13,0,12,55,55,0,0.0015,0.002
3203,ORPHA:168577,Hereditary cryohydrocytosis with reduced stomatin,32,0,19,116,116,0,0.0015,0.028
3204,ORPHA:261243,16p13.11 microduplication syndrome,19,0,15,48,48,0,0.0015,0.004
3205,ORPHA:641,Multifocal motor neuropathy,12,0,7,28,28,0,0.0015,0.011
3206,ORPHA:79098,Sympathetic ophthalmia,26,1,17,180,180,0,0.0015,0.003
3207,ORPHA:140927,Self-limited neonatal/infantile epilepsy,15,0,10,55,55,0,0.0015,0.002
3208,ORPHA:1177,Early-onset cerebellar ataxia with retained tendon reflexes,20,0,13,82,82,0,0.0015,0.01
3209,ORPHA:713,Glycogen storage disease due to phosphoglycerate kinase 1 deficiency,21,0,17,37,37,0,0.0015,0.005
3210,ORPHA:2496,Mesomelia-synostoses syndrome,41,0,28,342,342,0,0.0015,0.003
3211,ORPHA:2462,Shprintzen-Goldberg syndrome,53,0,35,408,408,0,0.0015,0.004
3212,ORPHA:100985,Autosomal dominant spastic paraplegia type 4,19,0,11,88,88,0,0.0015,0.01
3213,ORPHA:1125,"Ocular motor apraxia, Cogan type",15,0,10,61,61,0,0.0015,0.005
3214,ORPHA:100976,Bathing suit ichthyosis,17,0,13,68,68,0,0.0015,0.006
3215,ORPHA:93308,Multiple epiphyseal dysplasia type 1,20,0,14,123,123,0,0.0015,0.002
3216,ORPHA:77298,Anophthalmia/microphthalmia-esophageal atresia syndrome,22,0,18,28,28,0,0.0015,0.007
3217,ORPHA:163634,Maffucci syndrome,24,0,20,98,98,0,0.0015,0.003
3218,ORPHA:2410,Hypergonadotropic hypogonadism-cataract syndrome,13,0,9,20,20,0,0.0015,0.003
3219,ORPHA:2406,Locked-in syndrome,16,0,14,20,20,0,0.0015,0.005
3220,ORPHA:2970,Prune belly syndrome,34,1,26,117,117,0,0.0015,0.026
3221,ORPHA:496790,Ocular anomalies-axonal neuropathy-developmental delay syndrome,36,0,27,134,134,0,0.0015,0.008
3222,ORPHA:440354,Autosomal dominant myopia-midfacial retrusion-sensorineural hearing loss-rhizomelic dysplasia syndrome,19,0,13,65,65,0,0.0015,0.002
3223,ORPHA:314652,Variant ABeta2M amyloidosis,24,0,16,54,54,0,0.0015,0.011
3224,ORPHA:364055,Severe early-childhood-onset retinal dystrophy,33,0,21,416,416,0,0.0015,0.004
3225,ORPHA:559,Marinesco-Sjögren syndrome,45,0,41,331,331,0,0.0015,0.004
3226,ORPHA:556955,Pancreatic agenesis-holoprosencephaly syndrome,23,0,11,32,32,0,0.0015,0.009
3227,ORPHA:88919,Autosomal recessive Alport syndrome,15,0,9,43,43,0,0.0015,0.009
3228,ORPHA:88917,X-linked Alport syndrome,19,0,11,67,67,0,0.0015,0.009
3229,ORPHA:2167,Holzgreve syndrome,21,0,16,34,34,0,0.0015,0.003
3230,ORPHA:3464,Woodhouse-Sakati syndrome,35,0,19,98,98,0,0.0015,0.003
3231,ORPHA:3447,Weaver syndrome,42,0,27,180,180,0,0.0015,0.004
3232,ORPHA:3412,VACTERL with hydrocephalus,33,0,20,73,73,0,0.0015,0.003
3233,ORPHA:79107,Developmental malformations-deafness-dystonia syndrome,20,0,15,32,32,0,0.0015,0.004
3234,ORPHA:1766,Dysequilibrium syndrome,14,0,14,28,28,0,0.0015,0.003
3235,ORPHA:464,Incontinentia pigmenti,44,0,38,232,232,0,0.0015,0.028
3236,ORPHA:1708,Mosaic trisomy 16 syndrome,41,0,28,85,85,0,0.0015,0.01
3237,ORPHA:85184,"Craniometadiaphyseal dysplasia, wormian bone type",26,0,13,227,227,0,0.0015,0.003
3238,ORPHA:85165,Severe achondroplasia-developmental delay-acanthosis nigricans syndrome,14,0,8,42,42,0,0.0015,0.003
3239,ORPHA:2181,Hydrocephaly-tall stature-joint laxity syndrome,15,0,8,33,33,0,0.0015,0.002
3240,ORPHA:53583,Paroxysmal dystonic choreathetosis with episodic ataxia and spasticity,13,0,10,66,66,0,0.0015,0.002
3241,ORPHA:171881,Cap myopathy,30,1,15,160,160,0,0.0015,0.01
3242,ORPHA:2251,Thumb deformity-alopecia-pigmentation anomaly syndrome,23,0,16,62,62,0,0.0015,0.009
3243,ORPHA:69077,Rhabdoid tumor,24,0,20,43,43,0,0.0015,0.004
3244,ORPHA:457205,Infantile-onset axonal motor and sensory neuropathy-optic atrophy-neurodegenerative syndrome,26,0,16,103,103,0,0.0015,0.024
3245,ORPHA:33067,"Metaphyseal chondrodysplasia, Jansen type",24,0,14,59,59,0,0.0015,0.011
3246,OMIM:620502,Neurodevelopmental disorder with language delay and variable cognitive abnormalities,19,0,13,45,45,0,0.0014,0.005
3247,OMIM:107480,Townes-Brocks syndrome 1,56,0,29,273,273,0,0.0014,0.01
3248,OMIM:303110,Xq21 deletion syndrome,13,0,10,19,19,0,0.0014,0.004
3249,OMIM:600361,Hereditary motor and sensory neuropathy V,18,0,12,67,67,0,0.0014,0.003
3250,OMIM:620099,Cleidocranial dysplasia 2,22,0,13,114,114,0,0.0014,0.002
3251,OMIM:620072,Diamond-Blackfan anemia 21,37,0,13,149,149,0,0.0014,0.002
3252,OMIM:265120,"Surfactant metabolism dysfunction, pulmonary, 1",15,0,10,66,66,0,0.0014,0.006
3253,OMIM:615817,"Intellectual developmental disorder, autosomal recessive 43",19,0,9,58,58,0,0.0014,0.005
3254,OMIM:616113,Polyendocrine-polyneuropathy syndrome,19,0,12,49,49,0,0.0014,0.004
3255,OMIM:620489,Neurodevelopmental disorder with dysmorphic facies and behavioral abnormalities,29,0,23,78,78,0,0.0014,0.005
3256,OMIM:400044,46XY sex reversal 1,15,0,8,61,61,0,0.0014,0.003
3257,OMIM:248500,Alpha-mannosidosis,56,0,36,402,402,0,0.0014,0.045
3258,OMIM:614922,Combined oxidative phosphorylation deficiency 11,33,0,27,134,134,0,0.0014,0.028
3259,OMIM:618103,"Intellectual developmental disorder, autosomal recessive 64",12,0,10,47,47,0,0.0014,0.004
3260,OMIM:616489,Silver-Russell syndrome 3,26,1,15,63,63,0,0.0014,0.002
3261,OMIM:620073,Neurodevelopmental disorder with dysmorphic facies and skeletal and brain abnormalities,47,1,27,281,281,0,0.0014,0.002
3262,OMIM:619180,"Microcephaly 27, primary, autosomal dominant",18,0,7,52,52,0,0.0014,0.002
3263,OMIM:617146,"Arthrogryposis, distal, with impaired proprioception and touch",33,0,20,120,120,0,0.0014,0.024
3264,OMIM:613320,"Spondylometaphyseal dysplasia, Megarbane-Dagher-Melki type",40,0,18,271,271,0,0.0014,0.002
3265,OMIM:106210,Aniridia,24,0,18,194,194,0,0.0014,0.003
3266,OMIM:617393,"Neurodevelopmental disorder with epilepsy, cataracts, feeding difficulties, and delayed brain myelination",26,0,17,152,152,0,0.0014,0.024
3267,OMIM:620265,"Congenital myopathy 2B, severe infantile, autosomal recessive",15,0,8,31,31,0,0.0014,0.028
3268,OMIM:206900,"Microphthalmia, syndromic 3",37,0,26,151,151,0,0.0014,0.01
3269,OMIM:615553,"Arthrogryposis, impaired intellectual development, and seizures",14,0,11,51,51,0,0.0014,0.004
3270,OMIM:609152,"Hyperthyroidism, nonautoimmune",19,0,11,22,22,0,0.0014,0.005
3271,OMIM:613861,Retinitis pigmentosa 59,17,0,14,17,17,0,0.0014,0.004
3272,OMIM:213300,Joubert syndrome 1,53,0,28,353,353,0,0.0014,0.013
3273,OMIM:615035,"Spastic paraplegia 55, autosomal recessive",26,0,19,146,146,0,0.0014,0.016
3274,OMIM:615960,Poretti-Boltshauser syndrome,18,0,16,65,65,0,0.0014,0.006
3275,OMIM:620065,"Developmental delay, behavioral abnormalities, and neuropsychiatric disorders",16,0,11,58,58,0,0.0014,0.005
3276,OMIM:615155,Steel syndrome,18,0,10,47,47,0,0.0014,0.002
3277,OMIM:271630,"Brachyolmia type 1, Toledo type",16,0,8,78,78,0,0.0014,0.002
3278,OMIM:610978,"Choreoathetosis, hypothyroidism, and neonatal respiratory distress",38,0,26,237,237,0,0.0014,0.011
3279,OMIM:620139,Combined oxidative phosphorylation deficiency 56,20,0,11,38,38,0,0.0014,0.002
3280,OMIM:620448,"Megalencephalic leukoencephalopathy with subcortical cysts 4, remitting",15,0,12,81,81,0,0.0014,0.004
3281,OMIM:210740,Bangstad syndrome,13,0,7,10,10,0,0.0014,0.003
3282,OMIM:616139,Developmental and epileptic encephalopathy 27,22,0,14,162,162,0,0.0014,0.004
3283,OMIM:616111,"Mitochondrial complex III deficiency, nuclear type 9",15,0,11,28,28,0,0.0014,0.002
3284,OMIM:621226,"Spastic ataxia 11, autosomal dominant",38,0,28,323,323,0,0.0014,0.01
3285,OMIM:300989,Meester-Loeys syndrome,33,0,18,145,145,0,0.0014,0.004
3286,OMIM:130010,"Ehlers-Danlos syndrome, classic type, 2",18,0,10,66,66,0,0.0014,0.005
3287,OMIM:300194,AMME complex,21,0,9,38,38,0,0.0014,0.004
3288,OMIM:260660,Cousin syndrome,49,0,24,383,383,0,0.0014,0.002
3289,OMIM:616267,Ataxia-oculomotor apraxia 4,15,0,11,58,58,0,0.0014,0.009
3290,OMIM:617384,"Hyperphenylalaninemia, MILD, non-bh4-deficient",14,0,8,42,42,0,0.0014,0.004
3291,OMIM:261740,"Glycogen storage disease of heart, lethal congenital",34,0,20,140,140,0,0.0014,0.013
3292,OMIM:619352,"Ataxia, intention tremor, and hypotonia syndrome, childhood-onset",12,0,8,17,17,0,0.0014,0.002
3293,OMIM:621424,"Leukoencephalopathy without lacunae, adult-onset",30,0,19,264,264,0,0.0014,0.031
3294,OMIM:620712,Polydactyly-macrocephaly syndrome,18,0,13,23,23,0,0.0014,0.002
3295,OMIM:618460,Khan-Khan-Katsanis syndrome,51,0,33,203,203,0,0.0014,0.028
3296,OMIM:311300,"Otopalatodigital syndrome, type I",47,0,22,587,587,0,0.0014,0.002
3297,OMIM:616896,Mitochondrial DNA depletion syndrome 14 (encephalocardiomyopathic type),20,0,12,30,30,0,0.0014,0.002
3298,OMIM:615637,"Intellectual developmental disorder, autosomal recessive 41",29,0,21,134,134,0,0.0014,0.027
3299,OMIM:617829,"Epileptic encephalopathy, infantile or early childhood, 2",17,0,14,105,105,0,0.0014,0.004
3300,OMIM:617183,Harel-Yoon syndrome,35,0,24,139,139,0,0.0014,0.005
3301,OMIM:616276,"Coenzyme Q10 deficiency, primary, 7",58,0,42,378,378,0,0.0014,0.028
3302,OMIM:616921,"Dyskinesia, limb and orofacial, infantile-onset",14,0,8,46,46,0,0.0014,0.002
3303,OMIM:613640,"Neuropathy, hereditary sensory and autonomic, type IC",17,0,9,57,57,0,0.0014,0.01
3304,OMIM:613668,"Microcephaly, postnatal progressive, with seizures and brain atrophy",15,0,10,69,69,0,0.0014,0.028
3305,OMIM:300434,"Intellectual developmental disorder, X-linked, syndromic, Stocco dos Santos type",20,0,12,43,43,0,0.0014,0.004
3306,OMIM:618265,"Arthrogryposis, cleft palate, craniosynostosis, and impaired intellectual development",19,0,14,56,56,0,0.0014,0.004
3307,OMIM:616260,Tenorio syndrome,40,1,24,200,200,0,0.0014,0.033
3308,OMIM:619033,Vissers-Bodmer syndrome,17,0,16,38,38,0,0.0014,0.005
3309,OMIM:619966,"Spastic paraplegia 87, autosomal recessive",15,0,11,70,70,0,0.0014,0.004
3310,OMIM:608328,"Weill-Marchesani syndrome 2, dominant",53,0,33,339,339,0,0.0014,0.003
3311,OMIM:259420,"Osteogenesis imperfecta, type III",26,0,12,199,199,0,0.0014,0.002
3312,OMIM:614099,Cranioectodermal dysplasia 3,30,0,14,144,144,0,0.0014,0.004
3313,OMIM:617751,"Intellectual developmental disorder, autosomal dominant 48",44,0,29,229,229,0,0.0014,0.035
3314,OMIM:610758,Cerebrooculofacioskeletal syndrome 4,41,1,26,224,224,0,0.0014,0.003
3315,OMIM:302801,"Charcot-Marie-Tooth disease, X-linked recessive, 2",12,0,8,27,27,0,0.0014,0.003
3316,OMIM:225500,Ellis-Van creveld syndrome,29,0,18,106,106,0,0.0014,0.002
3317,OMIM:617180,Chitayat syndrome,35,0,19,120,120,0,0.0014,0.01
3318,OMIM:166250,Osteoglophonic dysplasia,57,0,33,660,660,0,0.0014,0.003
3319,OMIM:273395,"Tetraamelia, autosomal recessive",26,0,12,43,43,0,0.0014,0.005
3320,OMIM:614613,Acrodysostosis 2 with or without hormone resistance,30,0,15,77,77,0,0.0014,0.005
3321,OMIM:600882,"Charcot-Marie-Tooth disease, axonal, type 2B",27,0,13,156,156,0,0.0014,0.016
3322,OMIM:278700,"Xeroderma pigmentosum, complementation group A",24,0,19,65,65,0,0.0014,0.008
3323,OMIM:300863,"Chondrodysplasia with platyspondyly, distinctive brachydactyly, hydrocephaly, and microphthalmia",22,0,10,91,91,0,0.0014,0.002
3324,OMIM:619243,Global developmental delay with speech and behavioral abnormalities,24,0,15,74,74,0,0.0014,0.008
3325,OMIM:163950,Noonan syndrome 1,57,0,34,206,206,0,0.0014,0.014
3326,OMIM:169500,"Leukodystrophy, adult-onset, autosomal dominant",22,0,11,140,140,0,0.0014,0.024
3327,OMIM:618808,Intellectual developmental disorder with poor growth and with or without seizures or ataxia,14,0,8,46,46,0,0.0014,0.004
3328,OMIM:618606,"Pontocerebellar hypoplasia, type 13",39,0,25,166,166,0,0.0014,0.028
3329,OMIM:617938,Developmental and epileptic encephalopathy 62,16,0,10,69,69,0,0.0014,0.024
3330,OMIM:617904,"Epileptic encephalopathy, early infantile, 59",19,0,13,108,108,0,0.0014,0.004
3331,OMIM:229200,Brittle cornea syndrome,21,0,14,51,51,0,0.0014,0.003
3332,OMIM:612075,Mitochondrial DNA depletion syndrome 8A (encephalomyopathic type with renal tubulopathy),22,0,17,35,35,0,0.0014,0.006
3333,OMIM:300486,"Intellectual developmental disorder, X-linked syndromic, Billuart type",38,0,18,212,212,0,0.0014,0.015
3334,OMIM:614837,Hypogonadotropic hypogonadism 8 with or without anosmia,14,0,5,28,28,0,0.0014,0.003
3335,OMIM:608013,"Gaucher disease, perinatal lethal",48,0,28,161,161,0,0.0014,0.027
3336,OMIM:184460,Stapes ankylosis with broad thumb and toes,14,0,8,24,24,0,0.0014,0.002
3337,OMIM:300055,"Intellectual developmental disorder, X-linked syndromic 13",51,0,30,555,555,0,0.0014,0.005
3338,OMIM:620416,"Spastic paraplegia 90A, autosomal dominant",20,0,14,67,67,0,0.0014,0.005
3339,OMIM:620417,"Spastic paraplegia 90B, autosomal recessive",18,0,12,45,45,0,0.0014,0.004
3340,OMIM:300915,"Microphthalmia, syndromic 13",14,0,11,26,26,0,0.0014,0.004
3341,OMIM:617873,Combined oxidative phosphorylation deficiency 35,20,0,14,84,84,0,0.0014,0.005
3342,OMIM:619123,Cardiofacioneurodevelopmental syndrome,23,0,17,38,38,0,0.0014,0.007
3343,OMIM:607876,"Epilepsy, familial adult myoclonic, 2",14,0,9,91,91,0,0.0014,0.002
3344,OMIM:114300,"Arthrogryposis, distal, type 3",35,0,23,226,226,0,0.0014,0.004
3345,OMIM:610329,Aicardi-Goutieres syndrome 3,18,0,14,63,63,0,0.0014,0.025
3346,OMIM:615279,Cardiofaciocutaneous syndrome 3,22,0,16,29,29,0,0.0014,0.004
3347,OMIM:607682,"Epilepsy, idiopathic generalized, susceptibility to, 9",18,0,10,120,120,0,0.0014,0.002
3348,OMIM:609308,"Muscular dystrophy-dystroglycanopathy (limb-girdle), type C, 1",17,0,10,69,69,0,0.0014,0.01
3349,OMIM:619721,Bryant-Li-Bhoj neurodevelopmental syndrome 2,39,0,21,232,232,0,0.0014,0.021
3350,OMIM:201170,Acrofacial dysostosis syndrome of rodriguez,24,0,10,82,82,0,0.0014,0.002
3351,OMIM:300534,"Intellectual developmental disorder, X-linked syndromic, Claes-Jensen type",60,0,38,426,426,0,0.0014,0.012
3352,OMIM:607906,"Congenital disorder of glycosylation, type Ii",42,0,23,159,159,0,0.0014,0.025
3353,OMIM:621056,TIMES syndrome,36,1,20,100,100,0,0.0014,0.011
3354,OMIM:617282,"Dystonia, childhood-onset, with optic atrophy and basal ganglia abnormalities",32,0,27,206,206,0,0.0014,0.028
3355,OMIM:164745,Omodysplasia 2,35,0,13,151,151,0,0.0014,0.024
3356,OMIM:601812,"Premature aging syndrome, Penttinen type",60,0,36,621,621,0,0.0014,0.003
3357,OMIM:620189,Mosaic variegated aneuploidy syndrome 7 with inflammation and tumor predisposition,19,0,7,38,38,0,0.0014,0.002
3358,OMIM:605282,Temtamy preaxial brachydactyly syndrome,22,0,14,76,76,0,0.0014,0.002
3359,OMIM:612073,Mitochondrial DNA depletion syndrome 5 (encephalomyopathic with or without methylmalonic aciduria),44,1,32,276,276,0,0.0014,0.024
3360,OMIM:621485,"Charcot-Marie-Tooth disease, axonal, type 2LL",36,0,19,354,354,0,0.0014,0.016
3361,OMIM:617137,Frontometaphyseal dysplasia 2,56,0,30,286,286,0,0.0014,0.046
3362,OMIM:618748,Intellectual developmental disorder with hypotonia and behavioral abnormalities,25,0,18,46,46,0,0.0014,0.005
3363,OMIM:618760,Neurodevelopmental disorder with hypotonia and autistic features with or without hyperkinetic movements,15,0,12,78,78,0,0.0014,0.004
3364,OMIM:618004,"Epileptic encephalopathy, early infantile, 64",41,0,25,350,350,0,0.0014,0.018
3365,OMIM:617121,Joubert syndrome 28,18,0,12,47,47,0,0.0014,0.005
3366,OMIM:618400,"Charcot-Marie-Tooth disease, axonal, type 2EE",17,0,8,42,42,0,0.0014,0.003
3367,OMIM:606170,Genitopatellar syndrome,52,0,30,238,238,0,0.0014,0.028
3368,OMIM:610921,"Surfactant metabolism dysfunction, pulmonary, 3",26,0,14,253,253,0,0.0014,0.006
3369,OMIM:268305,Robin sequence with cleft mandible and limb anomalies,41,0,21,325,325,0,0.0014,0.002
3370,OMIM:620029,"Neurodevelopmental disorder with hypotonia, language delay, and skeletal defects with or without seizures",49,1,27,269,269,0,0.0014,0.026
3371,OMIM:606777,"GLUT1 deficiency syndrome 1, infantile onset, severe",33,0,24,437,437,0,0.0014,0.005
3372,OMIM:607131,Al-Gazali-Bakalinova syndrome,28,0,16,142,142,0,0.0014,0.002
3373,OMIM:616028,Adams-Oliver syndrome 5,20,0,10,63,63,0,0.0014,0.01
3374,OMIM:228300,Hypogonadotropic hypogonadism 23 without anosmia,20,0,6,74,74,0,0.0014,0.003
3375,OMIM:616794,Combined oxidative phosphorylation deficiency 28,16,0,8,16,16,0,0.0014,0.002
3376,OMIM:620540,Developmental delay with or without epilepsy,28,0,23,266,266,0,0.0014,0.01
3377,OMIM:300659,"Intellectual developmental disorder, X-linked 93",12,0,7,12,12,0,0.0014,0.005
3378,OMIM:616421,Myoclonic-atonic epilepsy,14,0,10,67,67,0,0.0014,0.004
3379,OMIM:190351,"Trichorhinophalangeal syndrome, type III",29,0,13,133,133,0,0.0014,0.002
3380,OMIM:171420,Pheochromocytoma-Islet cell tumor syndrome,13,0,7,22,22,0,0.0014,0.008
3381,OMIM:601389,"Cervical ribs, sprengel anomaly, anal atresia, and urethral obstruction",13,1,5,20,20,0,0.0014,0.003
3382,OMIM:620145,Developmental and epileptic encephalopathy 109,28,0,21,216,216,0,0.0014,0.004
3383,OMIM:608636,Chromosome 15q11-q13 duplication syndrome,20,0,12,153,153,0,0.0014,0.005
3384,OMIM:190350,"Trichorhinophalangeal syndrome, type I",53,1,31,378,378,0,0.0014,0.03
3385,OMIM:619854,"Neurodevelopmental disorder with hypotonia, impaired speech, and behavioral abnormalities",24,0,12,94,94,0,0.0014,0.005
3386,OMIM:249700,Langer mesomelic dysplasia,18,0,8,107,107,0,0.0014,0.002
3387,OMIM:601216,Dental anomalies and short stature,15,0,12,48,48,0,0.0014,0.002
3388,OMIM:619467,"Usmani-Riazuddin syndrome, autosomal dominant",29,0,21,129,129,0,0.0014,0.005
3389,OMIM:601214,Naxos disease,31,0,16,212,212,0,0.0014,0.013
3390,OMIM:301020,"Mitochondrial complex I deficiency, nuclear type 12",26,0,20,132,132,0,0.0014,0.005
3391,OMIM:618221,"Intellectual developmental disorder, autosomal recessive 66",13,0,11,32,32,0,0.0014,0.005
3392,OMIM:601162,"Spastic paraplegia 9A, autosomal dominant",31,0,22,175,175,0,0.0014,0.024
3393,OMIM:251950,Mitochondrial myopathy with lactic acidosis,17,1,12,48,48,0,0.0014,0.002
3394,OMIM:617270,"Intellectual developmental disorder, autosomal recessive 58",14,0,10,58,58,0,0.0014,0.005
3395,OMIM:203780,"Alport syndrome 2, autosomal recessive",14,0,11,34,34,0,0.0014,0.005
3396,OMIM:610250,"Spastic paraplegia 31, autosomal dominant",14,0,10,53,53,0,0.0014,0.004
3397,OMIM:617926,Orofaciodigital syndrome XVII,23,0,13,54,54,0,0.0014,0.002
3398,OMIM:617675,"Myopathy, mitochondrial, and ataxia",41,0,28,193,193,0,0.0014,0.004
3399,OMIM:617113,"Epileptic encephalopathy, early infantile, 43",16,0,10,105,105,0,0.0014,0.004
3400,OMIM:192430,Velocardiofacial syndrome,38,0,23,105,105,0,0.0014,0.046
3401,OMIM:618793,Intellectual developmental disorder 62,12,0,7,12,12,0,0.0014,0.002
3402,OMIM:616033,"Microcephaly, short stature, and impaired glucose metabolism 1",21,0,12,57,57,0,0.0014,0.005
3403,OMIM:619338,"Cataracts, spastic paraparesis, and speech delay",13,0,10,39,39,0,0.0014,0.002
3404,OMIM:619489,"Short stature, Dauber-Argente type",15,0,8,30,30,0,0.0014,0.002
3405,OMIM:613826,Leber congenital amaurosis 6,43,0,25,786,786,0,0.0014,0.009
3406,OMIM:300844,"Intellectual developmental disorder, X-linked 19",14,0,6,19,19,0,0.0014,0.005
3407,OMIM:145350,Hypotaurinemic retinal degeneration and cardiomyopathy,13,0,7,42,42,0,0.0014,0.002
3408,OMIM:617895,Short-Rib thoracic dysplasia 19 with or without polydactyly,27,0,14,141,141,0,0.0014,0.002
3409,OMIM:618378,Combined oxidative phosphorylation deficiency 38,21,0,9,34,34,0,0.0014,0.002
3410,OMIM:618393,Fetal akinesia deformation sequence 4,20,1,9,59,59,0,0.0014,0.003
3411,OMIM:615476,Developmental and epileptic encephalopathy 18,21,0,10,71,71,0,0.0014,0.01
3412,OMIM:204000,"Leber congenital amaurosis, type I",19,0,10,70,70,0,0.0014,0.002
3413,OMIM:231050,Geleophysic dysplasia 1,45,0,22,230,230,0,0.0014,0.004
3414,OMIM:120330,Papillorenal syndrome,42,0,30,198,198,0,0.0014,0.005
3415,OMIM:614557,"Ehlers-Danlos syndrome, kyphoscoliotic type, 2",44,0,23,152,152,0,0.0014,0.004
3416,OMIM:620194,"Neurodevelopmental disorder with poor growth, large ears, and dysmorphic facies",28,0,18,89,89,0,0.0014,0.004
3417,OMIM:300886,"Intellectual developmental disorder, X-linked, syndromic 32",12,0,8,19,19,0,0.0014,0.004
3418,OMIM:619649,Chromosome 16q12 duplication syndrome,12,0,5,66,66,0,0.0014,0.002
3419,OMIM:184900,Stiff skin syndrome,13,0,9,16,16,0,0.0014,0.003
3420,OMIM:134780,Femoral-facial syndrome,57,0,33,446,446,0,0.0014,0.008
3421,OMIM:620237,"Intellectual developmental disorder, autosomal recessive 78",21,0,16,60,60,0,0.0014,0.002
3422,OMIM:618541,"Hypopigmentation, organomegaly, and delayed myelination and development",21,0,15,19,19,0,0.0014,0.009
3423,OMIM:620747,Neurodevelopmental disorder with early-onset parkinsonism and behavioral abnormalities,30,0,18,306,306,0,0.0014,0.011
3424,OMIM:619273,Cimdag syndrome,33,0,25,194,194,0,0.0014,0.016
3425,OMIM:219090,"Pituitary adenoma 4, ACTH-secreting, somatic",28,0,18,61,61,0,0.0014,0.008
3426,OMIM:602849,Muenke syndrome,35,0,23,200,200,0,0.0014,0.004
3427,OMIM:606408,"Ehlers-Danlos syndrome, classic-like",20,0,11,52,52,0,0.0014,0.003
3428,OMIM:619879,Meckel syndrome 14,32,0,17,88,88,0,0.0014,0.006
3429,OMIM:211750,C syndrome,43,0,30,263,263,0,0.0014,0.003
3430,OMIM:113100,"Brachydactyly, type C",34,0,11,526,526,0,0.0014,0.002
3431,OMIM:192350,"Vater associationvacterl association, included",37,1,29,133,133,0,0.0014,0.003
3432,OMIM:255310,"Myopathy, congenital, with fiber-type disproportion",25,0,16,79,79,0,0.0014,0.028
3433,OMIM:615528,"Parkinson disease 19a, juvenile-onset",19,0,14,111,111,0,0.0014,0.002
3434,OMIM:158600,"Spinal muscular atrophy, lower extremity-predominant, 1, autosomal dominant",12,0,7,30,30,0,0.0014,0.01
3435,OMIM:613328,Roifman-Chitayat syndrome,21,1,12,49,49,0,0.0014,0.006
3436,OMIM:619611,Interstitial lung disease 1,13,0,7,66,66,0,0.0014,0.006
3437,OMIM:600383,Mesomelia-Synostoses syndrome,32,0,15,162,162,0,0.0014,0.002
3438,OMIM:263000,"Interstitial pneumonitis, desquamative, familial",12,0,7,21,21,0,0.0014,0.006
3439,OMIM:129600,"Ectopia lentis, familial",18,0,12,33,33,0,0.0014,0.002
3440,OMIM:618687,Intellectual developmental disorder with short stature and behavioral abnormalities,14,0,10,56,56,0,0.0014,0.004
3441,OMIM:162370,"Neuropathy, congenital, with arthrogryposis multiplex",13,1,7,44,44,0,0.0014,0.003
3442,OMIM:606693,Kufor-Rakeb syndrome,38,0,27,481,481,0,0.0014,0.002
3443,OMIM:618240,"Mitochondrial complex I deficiency, nuclear type 18",16,0,10,22,22,0,0.0014,0.002
3444,OMIM:277470,"Pontocerebellar hypoplasia, type 2A",23,0,17,129,129,0,0.0014,0.027
3445,OMIM:618724,Heyn-Sproul-Jackson syndrome,15,0,12,24,24,0,0.0014,0.002
3446,OMIM:301900,Borjeson-Forssman-Lehmann syndrome,32,0,19,110,110,0,0.0014,0.002
3447,OMIM:310600,Norrie disease,20,0,15,93,93,0,0.0014,0.003
3448,OMIM:601707,Curry-Jones syndrome,32,0,18,113,113,0,0.0014,0.021
3449,OMIM:605373,Paragangliomas 3,17,0,7,47,47,0,0.0014,0.004
3450,OMIM:613855,"Episodic ataxia, type 5",14,0,10,66,66,0,0.0014,0.002
3451,OMIM:300406,FG syndrome 3,18,0,11,23,23,0,0.0014,0.004
3452,OMIM:618914,"Neurodevelopmental, jaw, eye, and digital syndrome",34,0,21,147,147,0,0.0014,0.005
3453,OMIM:611717,Spondyloepiphyseal dysplasia-brachydactyly and distinctive speech,45,0,19,422,422,0,0.0014,0.002
3454,OMIM:619405,"Spinocerebellar ataxia, autosomal recessive 30",17,0,12,84,84,0,0.0014,0.01
3455,OMIM:610357,"Spastic paraplegia 30, autosomal recessive",13,0,10,54,54,0,0.0014,0.007
3456,OMIM:616040,"Myasthenic syndrome, congenital, 7, presynaptic",17,0,10,54,54,0,0.0014,0.003
3457,OMIM:619373,Neurodevelopmental disorder with infantile epileptic spasms,12,0,9,23,23,0,0.0014,0.005
3458,OMIM:616083,"Intellectual developmental disorder, autosomal dominant 30",16,0,10,29,29,0,0.0014,0.004
3459,OMIM:617389,"Epileptic encephalopathy, early infantile, 53",19,0,15,93,93,0,0.0014,0.004
3460,OMIM:200600,"Achondrogenesis, type IA",41,0,19,407,407,0,0.0014,0.006
3461,OMIM:300953,"Trichothiodystrophy 5, nonphotosensitive",32,0,15,120,120,0,0.0014,0.065
3462,OMIM:115470,Cat eye syndrome,38,1,22,102,102,0,0.0014,0.004
3463,OMIM:615824,"Mitochondrial complex III deficiency, nuclear type 7",30,0,18,78,78,0,0.0014,0.002
3464,OMIM:620135,"Mitochondrial complex I deficiency, nuclear type 39",15,0,7,12,12,0,0.0014,0.002
3465,OMIM:619561,Developmental and epileptic encephalopathy 97,18,0,10,106,106,0,0.0014,0.005
3466,OMIM:309585,Wilson-Turner syndrome,15,0,7,30,30,0,0.0014,0.005
3467,OMIM:312600,"Retinitis pigmentosa 2, X-linked",13,0,7,78,78,0,0.0014,0.002
3468,OMIM:618870,"Skeletal dysplasia, mild, with joint laxity and advanced bone age",47,0,25,359,359,0,0.0014,0.002
3469,OMIM:619574,"Charcot-Marie-Tooth disease, axonal, type 2HH",27,0,15,137,137,0,0.0014,0.009
3470,OMIM:619548,"Usmani-Riazuddin syndrome, autosomal recessive",18,0,15,39,39,0,0.0014,0.005
3471,OMIM:618124,"Peripheral neuropathy, autosomal recessive, with or without impaired intellectual development",29,0,20,129,129,0,0.0014,0.005
3472,OMIM:617798,"Intellectual developmental disorder, autosomal dominant 53",43,0,27,198,198,0,0.0014,0.012
3473,OMIM:178110,"Contractures, pterygia, and spondylocarpostarsal fusion syndrome 1A",33,0,18,274,274,0,0.0014,0.003
3474,OMIM:620083,Neurodevelopmental disorder with craniofacial dysmorphism and skeletal defects,58,1,33,436,436,0,0.0014,0.03
3475,OMIM:615986,Bardet-Biedl syndrome 9,23,0,18,48,48,0,0.0014,0.005
3476,OMIM:151623,Li-Fraumeni syndrome,12,0,5,66,66,0,0.0014,0.002
3477,OMIM:614898,"Spastic paraplegia 53, autosomal recessive",15,0,13,51,51,0,0.0014,0.002
3478,OMIM:615006,Developmental and epileptic encephalopathy 15,15,0,9,91,91,0,0.0014,0.003
3479,OMIM:612379,"Congenital disorder of glycosylation, type IQ",31,0,24,69,69,0,0.0014,0.005
3480,OMIM:227646,"Fanconi anemia, complementation group D2",50,1,28,134,134,0,0.0014,0.016
3481,OMIM:619761,"Cerebellar dysfunction, impaired intellectual development, and hypogonadotropic hypogonadism",26,0,19,72,72,0,0.0014,0.005
3482,OMIM:620731,Microphthalmia/coloboma 11,15,0,9,105,105,0,0.0014,0.002
3483,OMIM:620094,Neurodevelopmental disorder with eye movement abnormalities and ataxia,22,0,19,86,86,0,0.0014,0.005
3484,OMIM:204100,"Leber congenital amaurosis, type II",16,0,9,84,84,0,0.0014,0.003
3485,OMIM:620269,"Leukodystrophy, hypomyelinating, 26, with chondrodysplasia",29,0,20,124,124,0,0.0014,0.002
3486,OMIM:616056,Developmental and epileptic encephalopathy 26,12,0,6,55,55,0,0.0014,0.002
3487,ORPHA:99013,Spastic paraplegia type 7,30,0,22,150,150,0,0.0014,0.01
3488,ORPHA:240085,Progressive supranuclear palsy-predominant parkinsonism syndrome,19,0,10,82,82,0,0.0014,0.002
3489,ORPHA:101097,Autosomal recessive Charcot-Marie-Tooth disease with hoarseness,36,0,22,282,282,0,0.0014,0.011
3490,ORPHA:90652,Otopalatodigital syndrome type 2,55,0,32,472,472,0,0.0014,0.004
3491,ORPHA:349,Fucosidosis,31,0,22,74,74,0,0.0014,0.011
3492,ORPHA:79445,Pseudopseudohypoparathyroidism,15,0,9,32,32,0,0.0014,0.005
3493,ORPHA:79433,Oculocutaneous albinism type 3,13,0,7,38,38,0,0.0014,0.009
3494,ORPHA:306,Self-limited infantile epilepsy,32,0,25,406,406,0,0.0014,0.002
3495,ORPHA:13,6-pyruvoyl-tetrahydropterin synthase deficiency,31,0,21,286,286,0,0.0014,0.005
3496,ORPHA:97279,Insulinoma,34,0,23,179,179,0,0.0014,0.005
3497,ORPHA:280195,Septopreoptic holoprosencephaly,24,0,19,135,135,0,0.0014,0.024
3498,ORPHA:36258,Buerger disease,17,0,9,29,29,0,0.0014,0.004
3499,ORPHA:3268,Radioulnar synostosis-microcephaly-scoliosis syndrome,19,0,17,56,56,0,0.0014,0.004
3500,ORPHA:83452,Complex regional pain syndrome,12,0,7,14,14,0,0.0014,0.006
3501,ORPHA:83451,Florid cemento-osseous dysplasia,23,0,15,136,136,0,0.0014,0.032
3502,ORPHA:91,Aromatase deficiency,25,0,12,65,65,0,0.0014,0.003
3503,ORPHA:95494,"Combined pituitary hormone deficiencies, genetic forms",39,0,22,170,170,0,0.0014,0.003
3504,ORPHA:3218,Deafness-epiphyseal dysplasia-short stature syndrome,19,0,11,49,49,0,0.0014,0.004
3505,ORPHA:43,X-linked adrenoleukodystrophy,36,0,26,229,229,0,0.0014,0.004
3506,ORPHA:1473,Uveal coloboma-cleft lip and palate-intellectual disability,16,0,14,78,78,0,0.0014,0.003
3507,ORPHA:1439,Ring chromosome 12 syndrome,27,0,17,41,41,0,0.0014,0.002
3508,ORPHA:37553,Andersen-Tawil syndrome,51,0,25,289,289,0,0.0014,0.022
3509,ORPHA:261,Emery-Dreifuss muscular dystrophy,43,0,25,354,354,0,0.0014,0.01
3510,ORPHA:90796,"46,XY difference of sex development due to isolated 17,20-lyase deficiency",36,0,16,207,207,0,0.0014,0.003
3511,ORPHA:289483,Intellectual disability-alacrima-achalasia syndrome,15,0,9,33,33,0,0.0014,0.005
3512,ORPHA:1515,Cranioectodermal dysplasia,30,0,22,185,185,0,0.0014,0.003
3513,ORPHA:90794,Classic congenital adrenal hyperplasia due to 21-hydroxylase deficiency,55,0,22,324,324,0,0.0014,0.003
3514,ORPHA:2824,Paraplegia-intellectual disability-hyperkeratosis syndrome,21,0,14,70,70,0,0.0014,0.002
3515,ORPHA:2828,Young-onset Parkinson disease,34,0,21,290,290,0,0.0014,0.025
3516,ORPHA:99104,"Atrial septal defect, coronary sinus type",26,1,14,185,185,1,0.0014,0.106
3517,ORPHA:2815,Spastic paraparesis-deafness syndrome,13,0,13,24,24,0,0.0014,0.002
3518,ORPHA:300373,X-linked acrogigantism,36,0,23,172,172,0,0.0014,0.003
3519,ORPHA:254531,Temple syndrome due to paternal 14q32.2 hypomethylation,28,0,17,69,69,0,0.0014,0.005
3520,ORPHA:97362,"Renal hypoplasia, bilateral",31,0,21,88,88,0,0.0014,0.005
3521,ORPHA:263479,Fuchs heterochromic iridocyclitis,23,1,11,253,253,0,0.0014,0.003
3522,ORPHA:79501,Punctate palmoplantar keratoderma type 1,25,0,15,159,159,0,0.0014,0.003
3523,ORPHA:3275,Spondylocarpotarsal synostosis,17,0,14,76,76,0,0.0014,0.002
3524,ORPHA:2020,Congenital fiber-type disproportion myopathy,59,0,38,486,486,0,0.0014,0.061
3525,ORPHA:41751,Bietti crystalline dystrophy,19,0,10,171,171,0,0.0014,0.002
3526,ORPHA:250994,1q21.1 microduplication syndrome,25,0,18,57,57,0,0.0014,0.004
3527,ORPHA:71528,Obesity due to prohormone convertase I deficiency,18,0,11,37,37,0,0.0014,0.003
3528,ORPHA:71526,Obesity due to pro-opiomelanocortin deficiency,18,0,11,37,37,0,0.0014,0.003
3529,ORPHA:91131,DK1-CDG,32,0,18,141,141,0,0.0014,0.005
3530,ORPHA:37612,Episodic ataxia type 1,27,0,19,89,89,0,0.0014,0.005
3531,ORPHA:79476,Griscelli syndrome type 1,16,0,13,27,27,0,0.0014,0.004
3532,ORPHA:220295,Xeroderma pigmentosum-Cockayne syndrome complex,29,0,23,91,91,0,0.0014,0.004
3533,ORPHA:140,Campomelic dysplasia,38,0,25,173,173,0,0.0014,0.002
3534,ORPHA:280333,Alpha-dystroglycan-related limb-girdle muscular dystrophy R16,15,0,3,43,43,0,0.0014,0.009
3535,ORPHA:324416,Muscular hypertrophy-hepatomegaly-polyhydramnios syndrome,14,0,9,25,25,0,0.0014,0.002
3536,ORPHA:280365,Autosomal semi-dominant severe lipodystrophic laminopathy,49,0,30,229,229,0,0.0014,0.018
3537,ORPHA:127,Borjeson-Forssman-Lehmann syndrome,34,0,26,84,84,0,0.0014,0.008
3538,ORPHA:115,Congenital contractural arachnodactyly,21,0,13,44,44,0,0.0014,0.003
3539,ORPHA:98794,Angelman syndrome due to maternal 15q11q13 deletion,50,0,32,504,504,0,0.0014,0.028
3540,ORPHA:991,PAGOD syndrome,30,0,21,92,92,0,0.0014,0.024
3541,ORPHA:96177,Ring chromosome 15 syndrome,34,0,25,102,102,0,0.0014,0.005
3542,ORPHA:96175,Ring chromosome 11 syndrome,21,0,18,28,28,0,0.0014,0.008
3543,ORPHA:329336,Adult-onset chronic progressive external ophthalmoplegia with mitochondrial myopathy,32,0,23,119,119,0,0.0014,0.028
3544,ORPHA:163934,Atopic keratoconjunctivitis,15,0,8,71,71,0,0.0014,0.008
3545,ORPHA:1296,Lambert syndrome,16,0,10,18,18,0,0.0014,0.004
3546,ORPHA:163966,"X-linked dominant chondrodysplasia, Chassaing-Lacombe type",23,0,10,75,75,0,0.0014,0.002
3547,ORPHA:98768,Spinocerebellar ataxia type 13,32,0,21,205,205,0,0.0014,0.004
3548,ORPHA:98761,Spinocerebellar ataxia type 10,30,0,21,304,304,0,0.0014,0.002
3549,ORPHA:98757,Spinocerebellar ataxia type 3,16,0,12,42,42,0,0.0014,0.002
3550,ORPHA:261519,Maternal uniparental disomy of chromosome X syndrome,26,1,16,52,52,0,0.0014,0.004
3551,ORPHA:2570,Lethal intrauterine growth restriction-cortical malformation-congenital contractures syndrome,24,0,17,57,57,0,0.0014,0.003
3552,ORPHA:139431,Epilepsy with eyelid myoclonia,23,0,17,231,231,0,0.0014,0.004
3553,ORPHA:488650,"Distal myopathy, Tateyama type",16,0,4,50,50,0,0.0014,0.01
3554,ORPHA:500159,Microcephaly-corpus callosum and cerebellar vermis hypoplasia-facial dysmorphism-intellectual disability syndrome,50,0,35,239,239,0,0.0014,0.035
3555,ORPHA:2616,3M syndrome,42,1,24,412,412,0,0.0014,0.003
3556,ORPHA:899,Walker-Warburg syndrome,50,0,39,303,303,0,0.0014,0.008
3557,ORPHA:898,Wagner disease,13,0,10,78,78,0,0.0014,0.002
3558,ORPHA:166100,Autosomal dominant otospondylomegaepiphyseal dysplasia,12,0,9,30,30,0,0.0014,0.002
3559,ORPHA:98895,Becker muscular dystrophy,16,0,13,19,19,0,0.0014,0.002
3560,ORPHA:98896,Duchenne muscular dystrophy,15,0,13,30,30,0,0.0014,0.005
3561,ORPHA:3068,Intellectual disability-myopathy-short stature-endocrine defect syndrome,30,0,21,95,95,0,0.0014,0.003
3562,ORPHA:99330,"49,XYYYY syndrome",43,0,25,180,180,0,0.0014,0.005
3563,ORPHA:178145,Moderate multiminicore disease with hand involvement,14,0,7,67,67,0,0.0014,0.009
3564,ORPHA:356996,ANK3-related intellectual disability-sleep disturbance syndrome,13,0,9,48,48,0,0.0014,0.004
3565,ORPHA:261483,Xq27.3q28 duplication syndrome,19,0,10,19,19,0,0.0014,0.004
3566,ORPHA:137605,Legius syndrome,37,0,26,136,136,0,0.0014,0.007
3567,ORPHA:98811,Paroxysmal exertion-induced dyskinesia,17,0,12,136,136,0,0.0014,0.004
3568,ORPHA:958,Acro-renal-mandibular syndrome,37,0,20,258,258,0,0.0014,0.004
3569,ORPHA:3115,Roussy-Lévy syndrome,27,0,16,140,140,0,0.0014,0.01
3570,ORPHA:98892,Periventricular nodular heterotopia,16,0,12,20,20,0,0.0014,0.01
3571,ORPHA:902,Werner syndrome,58,1,45,319,319,0,0.0014,0.007
3572,ORPHA:1390,Night blindness-skeletal anomalies-dysmorphism syndrome,23,0,17,76,76,0,0.0014,0.007
3573,ORPHA:397590,Silver-Russell syndrome due to a point mutation,36,0,23,78,78,0,0.0014,0.004
3574,ORPHA:329478,Adult-onset distal myopathy due to VCP mutation,28,0,16,142,142,0,0.0014,0.011
3575,ORPHA:1388,Pierre-Robin sequence-Manzke dysostosis-clinodactyly of the index finger syndrome,25,0,15,80,80,0,0.0014,0.003
3576,ORPHA:329475,Spastic paraplegia-Paget disease of bone syndrome,15,0,9,50,50,0,0.0014,0.003
3577,ORPHA:98863,X-linked Emery-Dreifuss muscular dystrophy,43,0,25,375,375,0,0.0014,0.01
3578,ORPHA:423461,Mucolipidosis type III alpha/beta,36,0,22,95,95,0,0.0014,0.018
3579,ORPHA:98855,Autosomal recessive Emery-Dreifuss muscular dystrophy,39,0,21,328,328,0,0.0014,0.01
3580,ORPHA:98853,Autosomal dominant Emery-Dreifuss muscular dystrophy,43,0,25,354,354,0,0.0014,0.01
3581,ORPHA:1352,Atrioventricular defect-blepharophimosis-radial and anal defect syndrome,22,1,15,38,38,0,0.0014,0.008
3582,ORPHA:1345,Cardiomyopathy-cataract-hip spine disease syndrome,14,0,13,30,30,0,0.0014,0.003
3583,ORPHA:95719,Thyroid hemiagenesis,27,0,14,87,87,0,0.0014,0.004
3584,ORPHA:91349,Non-functioning pituitary adenoma,58,0,32,488,488,0,0.0014,0.003
3585,ORPHA:91348,Functioning gonadotropic adenoma,34,0,20,146,146,0,0.0014,0.003
3586,ORPHA:500055,Hao-Fountain syndrome due to 16p13.2 microdeletion,53,0,37,345,345,0,0.0014,0.024
3587,ORPHA:1307,Distal limb deficiencies-micrognathia syndrome,30,0,23,110,110,0,0.0014,0.005
3588,ORPHA:314389,Xq12-q13.3 duplication syndrome,37,0,24,157,157,0,0.0014,0.037
3589,ORPHA:1848,"Renal agenesis, bilateral",18,0,9,12,12,0,0.0014,0.01
3590,ORPHA:157973,Congenital muscular dystrophy due to LMNA mutation,21,0,16,68,68,0,0.0014,0.003
3591,ORPHA:772,Infantile Refsum disease,27,0,25,50,50,0,0.0014,0.002
3592,ORPHA:206559,POMT2-related limb-girdle muscular dystrophy R14,20,0,11,67,67,0,0.0014,0.009
3593,ORPHA:206546,Symptomatic form of muscular dystrophy of Duchenne and Becker in female carriers,18,0,11,69,69,0,0.0014,0.011
3594,ORPHA:261330,Distal 22q11.2 microdeletion syndrome,60,1,38,319,319,0,0.0014,0.043
3595,ORPHA:812,Sialidosis type 1,42,1,34,171,171,0,0.0014,0.003
3596,ORPHA:93258,Pfeiffer syndrome type 1,21,0,10,77,77,0,0.0014,0.002
3597,ORPHA:163721,Rolandic epilepsy-speech dyspraxia syndrome,18,0,12,120,120,0,0.0014,0.005
3598,ORPHA:64754,Nevus comedonicus syndrome,16,0,16,30,30,0,0.0014,0.002
3599,ORPHA:64755,Becker nevus syndrome,19,0,15,54,54,0,0.0014,0.002
3600,ORPHA:411590,Wolfram-like syndrome,22,0,14,41,41,0,0.0014,0.003
3601,ORPHA:2349,Muscular pseudohypertrophy-hypothyroidism syndrome,15,0,14,20,20,0,0.0014,0.004
3602,ORPHA:91495,Persistent hyperplastic primary vitreous,24,0,12,253,253,0,0.0014,0.002
3603,ORPHA:411511,Angelman syndrome due to a point mutation,34,0,19,198,198,0,0.0014,0.028
3604,ORPHA:714652,PCDH19 clustering epilepsy,29,0,20,406,406,0,0.0014,0.005
3605,ORPHA:79100,Atrophoderma vermiculata,17,0,14,57,57,0,0.0014,0.003
3606,ORPHA:1949,Self-limited neonatal epilepsy,17,0,8,66,66,0,0.0014,0.002
3607,ORPHA:169802,Severe hemophilia A,27,0,9,163,163,0,0.0014,0.014
3608,ORPHA:1945,Self-limited epilepsy with centrotemporal spikes,21,0,11,171,171,0,0.0014,0.004
3609,ORPHA:261279,17q23.1q23.2 microdeletion syndrome,46,0,26,230,230,0,0.0014,0.034
3610,ORPHA:261222,Distal 16p11.2 microdeletion syndrome,26,0,17,58,58,0,0.0014,0.006
3611,ORPHA:1184,Ataxia-photosensitivity-short stature syndrome,16,0,13,21,21,0,0.0014,0.002
3612,ORPHA:140944,CLOVES syndrome,43,0,31,180,180,0,0.0014,0.002
3613,ORPHA:1173,Cerebellar ataxia-hypogonadism syndrome,20,0,16,30,30,0,0.0014,0.003
3614,ORPHA:718,Isolated Pierre Robin sequence,21,0,16,54,54,0,0.0014,0.027
3615,ORPHA:716,Phenylketonuria,25,0,18,124,124,0,0.0014,0.004
3616,ORPHA:1154,Arthrogryposis-oculomotor limitation-electroretinal anomalies syndrome,17,0,9,38,38,0,0.0014,0.003
3617,ORPHA:2475,White forelock with malformations,19,0,13,33,33,0,0.0014,0.002
3618,ORPHA:100999,Autosomal dominant spastic paraplegia type 19,21,0,14,107,107,0,0.0014,0.007
3619,ORPHA:100988,Autosomal dominant spastic paraplegia type 6,13,0,11,38,38,0,0.0014,0.002
3620,ORPHA:2457,Mandibuloacral dysplasia,34,0,20,150,150,0,0.0014,0.006
3621,ORPHA:1120,Lung agenesis-heart defect-thumb anomalies syndrome,26,0,21,86,86,0,0.0014,0.007
3622,ORPHA:163649,Spondyloepiphyseal dysplasia-craniosynostosis-cleft palate-cataracts-intellectual disability syndrome,41,0,24,399,399,0,0.0014,0.003
3623,ORPHA:67048,3-methylglutaconic aciduria type 4,17,0,15,21,21,0,0.0014,0.004
3624,ORPHA:2437,Czeizel-Losonci syndrome,34,0,12,104,104,0,0.0014,0.002
3625,ORPHA:466794,Acute infantile liver failure-cerebellar ataxia-peripheral sensory motor neuropathy syndrome,24,0,16,91,91,0,0.0014,0.017
3626,ORPHA:93333,Pelviscapular dysplasia,24,0,13,102,102,0,0.0014,0.002
3627,ORPHA:93329,Autosomal recessive omodysplasia,24,0,15,105,105,0,0.0014,0.003
3628,ORPHA:2942,Postpoliomyelitis syndrome,17,0,16,32,32,0,0.0014,0.004
3629,ORPHA:1617,Developmental delay-language impairment-dopa responsive dystonia-parkinsonism syndrome due to 2q24 microdeletion,28,0,18,62,62,0,0.0014,0.004
3630,ORPHA:2920,Oliver syndrome,25,0,12,94,94,0,0.0014,0.003
3631,ORPHA:261197,Proximal 16p11.2 microdeletion syndrome,52,0,35,382,382,0,0.0014,0.024
3632,ORPHA:2901,Neuralgic amyotrophy,24,0,15,59,59,0,0.0014,0.011
3633,ORPHA:157798,Serrated polyposis syndrome,14,0,8,83,83,0,0.0014,0.011
3634,ORPHA:501,Lafora disease,35,0,24,466,466,0,0.0014,0.024
3635,ORPHA:2074,Gemignani syndrome,13,0,13,13,13,0,0.0014,0.002
3636,ORPHA:295000,Amniotic band syndrome,28,0,20,61,61,0,0.0014,0.006
3637,ORPHA:2163,Holoprosencephaly-craniosynostosis syndrome,21,0,18,83,83,0,0.0014,0.002
3638,ORPHA:2165,Holoprosencephaly-caudal dysgenesis syndrome,16,0,13,19,19,0,0.0014,0.003
3639,ORPHA:2158,Histidinuria-renal tubular defect syndrome,14,0,9,10,10,0,0.0014,0.004
3640,ORPHA:2134,Atypical hemolytic uremic syndrome,13,0,8,20,20,0,0.0014,0.004
3641,ORPHA:2123,Multifocal infantile hemangioma with extracutenous involvement,19,0,16,19,19,0,0.0014,0.01
3642,ORPHA:3440,Waardenburg syndrome,32,0,21,90,90,0,0.0014,0.011
3643,ORPHA:71277,Classic glucose transporter type 1 deficiency syndrome,33,0,27,331,331,0,0.0014,0.005
3644,ORPHA:52901,Isolated follicle stimulating hormone deficiency,21,0,5,102,102,0,0.0014,0.003
3645,ORPHA:1692,Mosaic trisomy 1 syndrome,60,1,30,448,448,0,0.0014,0.024
3646,ORPHA:93476,Hurler-Scheie syndrome,18,0,17,19,19,0,0.0014,0.005
3647,ORPHA:2988,Pterygium colli-intellectual disability-digital anomalies syndrome,16,0,7,37,37,0,0.0014,0.002
3648,ORPHA:79153,Idiopathic trachyonychia,16,1,9,92,92,0,0.0014,0.032
3649,ORPHA:64280,Childhood absence epilepsy,21,0,10,136,136,0,0.0014,0.004
3650,ORPHA:1762,Proximal Xq28 duplication syndrome,18,0,14,23,23,0,0.0014,0.004
3651,ORPHA:35710,Glucose-galactose malabsorption,15,0,10,29,29,0,0.0014,0.006
3652,ORPHA:1724,Mosaic trisomy 20 syndrome,38,0,25,145,145,0,0.0014,0.007
3653,ORPHA:461,Recessive X-linked ichthyosis,12,0,8,20,20,0,0.0014,0.005
3654,ORPHA:54057,Thrombotic thrombocytopenic purpura,22,0,16,37,37,0,0.0014,0.005
3655,ORPHA:79321,ALG3-CDG,45,0,38,155,155,0,0.0014,0.028
3656,ORPHA:79322,DPM1-CDG,59,0,33,327,327,0,0.0014,0.018
3657,ORPHA:79325,ALG8-CDG,48,0,38,110,110,0,0.0014,0.005
3658,ORPHA:481,Kennedy disease,13,0,11,11,11,0,0.0014,0.003
3659,ORPHA:505216,3-methylglutaconic aciduria type 9,25,0,18,128,128,0,0.0014,0.004
3660,ORPHA:240103,Progressive supranuclear palsy-corticobasal syndrome,29,0,18,219,219,0,0.0014,0.002
3661,ORPHA:2289,Neuronal intranuclear inclusion disease,18,0,18,54,54,0,0.0014,0.002
3662,ORPHA:2234,Male hypergonadotropic hypogonadism-intellectual disability-skeletal anomalies syndrome,19,0,13,27,27,0,0.0014,0.003
3663,ORPHA:2232,Primary hypergonadotropic hypogonadism-partial alopecia syndrome,41,0,19,181,181,0,0.0014,0.003
3664,ORPHA:69087,Naegeli-Franceschetti-Jadassohn syndrome,30,0,14,204,204,0,0.0014,0.009
3665,ORPHA:69085,Limb-mammary syndrome,32,0,13,120,120,0,0.0014,0.034
3666,ORPHA:300179,Kyphoscoliotic Ehlers-Danlos syndrome due to FKBP22 deficiency,24,0,14,66,66,0,0.0014,0.005
3667,ORPHA:1798,Craniofacial dysostosis-diaphyseal hyperplasia syndrome,36,0,26,403,403,0,0.0014,0.003
3668,ORPHA:370010,Intellectual disability-facial dysmorphism-hand anomalies syndrome,34,0,16,175,175,0,0.0014,0.005
3669,OMIM:615220,"Osteogenesis imperfecta, type XV",12,0,9,21,21,0,0.0013,0.002
3670,OMIM:214450,"Griscelli syndrome, type 1",12,0,6,24,24,0,0.0013,0.008
3671,OMIM:620270,Neurodevelopmental disorder with absent speech and movement and behavioral abnormalities,23,0,19,83,83,0,0.0013,0.004
3672,OMIM:300425,"Autism susceptibility, X-linked 1",12,0,6,55,55,0,0.0013,0.005
3673,OMIM:207410,Antley-Bixler syndrome without genital anomalies or disordered steroidogenesis,31,1,16,153,153,0,0.0013,0.002
3674,OMIM:621152,Neurodevelopmental disorder with white matter abnormalities and gait disturbance,42,0,28,311,311,0,0.0013,0.005
3675,OMIM:616503,Lethal congenital contracture syndrome 9,32,1,13,160,160,0,0.0013,0.003
3676,OMIM:610628,Hypogonadotropic hypogonadism 4 with or without anosmia,14,0,8,23,23,0,0.0013,0.003
3677,OMIM:621393,Neurodevelopmental disorder with structural brain abnormalities and craniofacial abnormalities,39,0,24,240,240,0,0.0013,0.006
3678,OMIM:610006,2-Methylbutyryl-Coa dehydrogenase deficiency,12,0,10,16,16,0,0.0013,0.002
3679,OMIM:158580,"Neuronopathy, distal hereditary motor, type VIIA",12,0,9,27,27,0,0.0013,0.003
3680,OMIM:615181,"Muscular dystrophy-dystroglycanopathy (congenital with brain and eye anomalies, type A, 11)",20,0,17,82,82,0,0.0013,0.004
3681,OMIM:535000,Leber optic atrophy,12,0,8,22,22,0,0.0013,0.002
3682,OMIM:609033,"Ataxia, posterior column, with retinitis pigmentosa",31,1,20,127,127,0,0.0013,0.004
3683,OMIM:147891,Ischiocoxopodopatellar syndrome with or without pulmonary arterial hypertension,17,0,8,80,80,0,0.0013,0.002
3684,OMIM:616852,"Myopathy, scapulohumeroperoneal",18,0,10,111,111,0,0.0013,0.01
3685,OMIM:300578,Chromosome xp11.3 deletion syndrome,23,0,18,101,101,0,0.0013,0.004
3686,OMIM:231000,"Gaucher disease, type III",19,0,16,42,42,0,0.0013,0.002
3687,OMIM:606895,"Symphalangism, distal, with microdontia, dental pulp stones, and narrowedzygomatic arch",14,0,11,47,47,0,0.0013,0.002
3688,OMIM:614249,"Intellectual developmental disorder, autosomal recessive 18, with or without epilepsy",22,0,18,156,156,0,0.0013,0.005
3689,OMIM:601042,Dystonia 9,14,0,12,78,78,0,0.0013,0.002
3690,OMIM:621386,Valence-Farazi cerebellar ataxia syndrome,22,1,14,90,90,0,0.0013,0.004
3691,OMIM:618249,"Mitochondrial complex I deficiency, nuclear type 28",23,0,16,67,67,0,0.0013,0.002
3692,OMIM:612016,"Coenzyme Q10 deficiency, primary, 4",24,0,16,91,91,0,0.0013,0.004
3693,OMIM:618049,"Parkinsonism-dystonia, infantile, 2",29,0,15,148,148,0,0.0013,0.004
3694,OMIM:607155,"Muscular dystrophy-dystroglycanopathy (limb-girdle), type C, 5",26,0,14,113,113,0,0.0013,0.01
3695,OMIM:617352,Mulchandani-Bhoj-Conlin syndrome,18,0,13,30,30,0,0.0013,0.002
3696,OMIM:300354,"Intellectual developmental disorder, X-linked syndromic, Cabezas type",48,0,28,258,258,0,0.0013,0.01
3697,OMIM:616266,"Congenital contractures of the limbs and face, hypotonia, and developmental delay",39,1,19,210,210,0,0.0013,0.023
3698,OMIM:600376,"Telangiectasia, hereditary hemorrhagic, type 2",38,0,16,418,418,0,0.0013,0.037
3699,OMIM:617622,Joubert syndrome 30,30,0,22,123,123,0,0.0013,0.005
3700,OMIM:230650,"GM1-gangliosidosis, type III",27,1,20,83,83,0,0.0013,0.004
3701,OMIM:620688,"Intellectual developmental disorder, autosomal dominant 74",31,0,13,182,182,0,0.0013,0.004
3702,OMIM:614707,Brown-Vialetto-Van laere syndrome 2,25,0,20,102,102,0,0.0013,0.002
3703,OMIM:611131,Retinitis pigmentosa 37,12,0,8,66,66,0,0.0013,0.002
3704,OMIM:615418,Mitochondrial DNA depletion syndrome 12 (cardiomyopathic type),26,0,15,61,61,0,0.0013,0.01
3705,OMIM:609541,"Spastic paraplegia, optic atrophy, and neuropathy",20,0,13,74,74,0,0.0013,0.003
3706,OMIM:617810,Glycosylphosphatidylinositol biosynthesis defect 15,27,0,23,165,165,0,0.0013,0.005
3707,OMIM:154780,Marshall syndrome,45,0,16,355,355,0,0.0013,0.002
3708,OMIM:609192,Loeys-Dietz syndrome 1,59,0,36,306,306,0,0.0013,0.004
3709,OMIM:615236,Woods syndrome,17,0,9,27,27,0,0.0013,0.004
3710,OMIM:260300,Parkinson disease 15,19,0,11,110,110,0,0.0013,0.002
3711,OMIM:615597,"Congenital disorder of glycosylation, type Ix",16,0,14,15,15,0,0.0013,0.004
3712,OMIM:618266,"Pontocerebellar hypoplasia, type 12",13,1,6,29,29,0,0.0013,0.002
3713,OMIM:100100,Prune belly syndrome,15,0,7,16,16,0,0.0013,0.003
3714,OMIM:608049,"Autism, susceptibility to, 3",13,0,7,55,55,0,0.0013,0.005
3715,OMIM:617182,Language delay and attention deficit-hyperactivity disorder/cognitive impairment with or without cardiac arrhythmia,16,0,10,49,49,0,0.0013,0.005
3716,OMIM:135150,Birt-Hogg-Dube syndrome,13,0,7,43,43,0,0.0013,0.006
3717,OMIM:273750,3-M syndrome 1,49,0,27,465,465,0,0.0013,0.008
3718,OMIM:261630,"Hyperphenylalaninemia, bh4-deficient, C",18,0,15,75,75,0,0.0013,0.004
3719,OMIM:616897,"Osteochondrodysplasia, complex lethal, Symoens-Barnes-Gistelinck type",48,0,22,282,282,0,0.0013,0.012
3720,OMIM:600987,"Cleft palate, cardiac defects, and impaired intellectual development",36,0,18,122,122,0,0.0013,0.024
3721,OMIM:604841,"Stickler syndrome, type II",34,0,18,189,189,0,0.0013,0.003
3722,OMIM:616538,"Muscular dystrophy-dystroglycanopathy (congenital with brain and eye anomalies), type A, 9",25,0,18,91,91,0,0.0013,0.005
3723,OMIM:621394,Brain small vessel disease 6 with leukoencephalopathy,28,1,18,199,199,0,0.0013,0.032
3724,OMIM:615225,"Palmoplantar carcinoma, multiple self-healing",18,0,10,38,38,0,0.0013,0.002
3725,OMIM:136300,Flynn-Aird syndrome,20,0,16,35,35,0,0.0013,0.002
3726,OMIM:251280,"Microcephaly, seizures, spasticity, and brain calcifications",17,0,10,81,81,0,0.0013,0.004
3727,OMIM:605432,Radioulnar synostosis with amegakaryocytic thrombocytopenia,15,0,5,43,43,0,0.0013,0.002
3728,OMIM:207950,Chiari malformation type II,20,0,14,85,85,0,0.0013,0.028
3729,OMIM:258501,"3-methylglutaconic aciduria, type III",13,0,10,32,32,0,0.0013,0.002
3730,OMIM:612199,Cerebroretinal microangiopathy with calcifications and cysts 1,44,0,34,198,198,0,0.0013,0.002
3731,OMIM:611490,"Osteopetrosis, autosomal recessive 4",15,0,11,21,21,0,0.0013,0.002
3732,OMIM:619557,SIMHA syndrome,25,0,11,54,54,0,0.0013,0.004
3733,OMIM:616116,"Intellectual developmental disorder, autosomal recessive 46",25,0,18,89,89,0,0.0013,0.005
3734,OMIM:108600,"Spastic ataxia 1, autosomal dominant",14,0,11,36,36,0,0.0013,0.002
3735,OMIM:617976,"Epileptic encephalopathy, early infantile, 63",32,0,18,145,145,0,0.0013,0.004
3736,OMIM:620062,"Developmental delay with short stature, dysmorphic facial features, and sparse hair 2",16,0,11,30,30,0,0.0013,0.008
3737,OMIM:617194,Lethal congenital contracture syndrome 11,12,0,7,24,24,0,0.0013,0.002
3738,OMIM:620923,"Parkinson disease 26, autosomal dominant, susceptibility to",41,0,23,445,445,0,0.0013,0.026
3739,OMIM:609180,"Congenital disorder of glycosylation, type IF",25,0,19,55,55,0,0.0013,0.006
3740,OMIM:311510,Waisman syndrome,19,0,11,111,111,0,0.0013,0.004
3741,OMIM:245800,Laurence-Moon syndrome,13,0,11,13,13,0,0.0013,0.002
3742,OMIM:614377,Nephronophthisis 13,14,0,5,48,48,0,0.0013,0.008
3743,OMIM:619135,Ritscher-Schinzel syndrome 3,28,0,12,94,94,0,0.0013,0.004
3744,OMIM:160120,"Episodic ataxia, type 1",15,0,13,46,46,0,0.0013,0.002
3745,OMIM:244600,Keratoconus posticus circumscriptus,15,1,8,20,20,0,0.0013,0.002
3746,OMIM:308350,Developmental and epileptic encephalopathy 1,32,0,19,290,290,0,0.0013,0.004
3747,OMIM:313200,"Spinal and bulbar muscular atrophy, X-linked 1",16,0,12,35,35,0,0.0013,0.011
3748,OMIM:615493,"Intellectual developmental disorder, autosomal recessive 37",13,0,11,60,60,0,0.0013,0.005
3749,OMIM:618821,Rhizomelic limb shortening with dysmorphic features,27,0,13,107,107,0,0.0013,0.002
3750,OMIM:141500,"Migraine, familial hemiplegic, 1",21,0,14,154,154,0,0.0013,0.002
3751,OMIM:276300,Mismatch repair cancer syndrome 1,22,0,13,162,162,0,0.0013,0.008
3752,OMIM:251230,Microcephaly-micromelia syndrome,28,1,15,130,130,0,0.0013,0.008
3753,OMIM:619083,Delpire-Mcneill syndrome,15,0,11,43,43,0,0.0013,0.011
3754,OMIM:123150,Jackson-Weiss syndrome,15,0,5,73,73,0,0.0013,0.002
3755,OMIM:618438,"Spastic ataxia 9, autosomal recessive",23,0,15,77,77,0,0.0013,0.003
3756,OMIM:620819,"Rothmund-Thomson syndrome, type 4",39,0,28,116,116,0,0.0013,0.003
3757,OMIM:259730,"Osteopetrosis, autosomal recessive 3",17,0,10,25,25,0,0.0013,0.002
3758,OMIM:614438,"Cutis laxa, autosomal recessive, type IIIB",35,0,18,85,85,0,0.0013,0.005
3759,OMIM:260600,"Leukodystrophy, hypomyelinating, 3",25,0,17,103,103,0,0.0013,0.01
3760,OMIM:621130,Fischer-Zirnsak progeroid syndrome,29,0,15,51,51,0,0.0013,0.011
3761,OMIM:615530,"Parkinson disease 20, early-onset",21,0,13,107,107,0,0.0013,0.002
3762,OMIM:183086,Spinocerebellar ataxia 6,21,0,16,96,96,0,0.0013,0.027
3763,OMIM:241800,Pallister-Hall-like syndrome,29,0,20,130,130,0,0.0013,0.008
3764,OMIM:209850,Autism susceptibility 1,12,0,6,55,55,0,0.0013,0.005
3765,OMIM:615917,Combined oxidative phosphorylation deficiency 20,21,0,13,42,42,0,0.0013,0.006
3766,OMIM:621456,"Neurodevelopmental disorder with speech delay, movement abnormalities, and seizures",57,0,38,1002,1002,0,0.0013,0.005
3767,OMIM:619042,"Spinal muscular atrophy, infantile, James type",17,0,12,51,51,0,0.0013,0.003
3768,OMIM:619718,Hypogonadotropic hypogonadism 26 with or without anosmia,21,0,15,58,58,0,0.0013,0.004
3769,OMIM:278850,"46,XX sex reversal 2",16,0,4,69,69,0,0.0013,0.002
3770,OMIM:230800,"Gaucher disease, type I",24,0,16,44,44,0,0.0013,0.01
3771,OMIM:604563,"Charcot-Marie-Tooth disease, type 4B2",20,0,12,63,63,0,0.0013,0.003
3772,OMIM:300257,Danon disease,31,0,22,138,138,0,0.0013,0.009
3773,OMIM:300243,"Intellectual developmental disorder, X-linked syndromic, Christianson type",39,0,24,221,221,0,0.0013,0.025
3774,OMIM:601382,"Charcot-Marie-Tooth disease, type 4B1",12,0,9,31,31,0,0.0013,0.003
3775,OMIM:215100,"Rhizomelic chondrodysplasia punctata, type 1",28,0,16,106,106,0,0.0013,0.002
3776,OMIM:184850,Stiff-Person syndrome,21,0,12,45,45,0,0.0013,0.002
3777,OMIM:617244,"Fanconi anemia, complementation group R",18,0,9,23,23,0,0.0013,0.004
3778,OMIM:603543,Limb-Mammary syndrome,13,0,6,22,22,0,0.0013,0.002
3779,OMIM:619255,Baralle-Macken syndrome,24,0,15,74,74,0,0.0013,0.004
3780,OMIM:265800,Pycnodysostosis,23,0,10,154,154,0,0.0013,0.014
3781,OMIM:143880,"Hypercalcemia, infantile, 1",13,0,8,17,17,0,0.0013,0.004
3782,OMIM:620007,Intellectual developmental disorder with muscle tone abnormalities and distal skeletal defects,20,0,13,79,79,0,0.0013,0.004
3783,OMIM:611225,"Spastic paraplegia 18, autosomal recessive",22,0,15,123,123,0,0.0013,0.004
3784,OMIM:617132,Developmental and epileptic encephalopathy 44,22,0,12,125,125,0,0.0013,0.024
3785,OMIM:619651,Neurodevelopmental disorder with hyperkinetic movements and dyskinesia,20,0,10,121,121,0,0.0013,0.004
3786,OMIM:613803,Meier-Gorlin syndrome 3,46,0,24,179,179,0,0.0013,0.024
3787,OMIM:616943,"Trichothiodystrophy 6, nonphotosensitive",26,0,15,48,48,0,0.0013,0.004
3788,OMIM:614198,"Myasthenic syndrome, congenital, 16",13,0,10,18,18,0,0.0013,0.002
3789,OMIM:217100,"Constricting bands, congenital",15,0,12,30,30,0,0.0013,0.002
3790,OMIM:236680,Hydrolethalus syndrome 1,39,0,22,117,117,0,0.0013,0.003
3791,OMIM:611962,Hunter-Macdonald syndrome,41,0,23,243,243,0,0.0013,0.003
3792,OMIM:601152,Hereditary motor and sensory neuropathy VIA,26,0,16,93,93,0,0.0013,0.003
3793,OMIM:619735,"Spastic paraplegia 86, autosomal recessive",16,0,12,70,70,0,0.0013,0.004
3794,OMIM:604229,"Anterior segment dysgenesis 5, multiple subtypes",14,0,6,91,91,0,0.0013,0.002
3795,OMIM:619913,Developmental and epileptic encephalopathy 103,32,0,16,341,341,0,0.0013,0.004
3796,OMIM:602499,"Macrophthalmia, colobomatous, with microcornea",13,0,6,78,78,0,0.0013,0.002
3797,OMIM:618402,"Intellectual developmental disorder, autosomal recessive 70",16,0,11,53,53,0,0.0013,0.005
3798,OMIM:612067,Dystonia 16,21,0,17,157,157,0,0.0013,0.002
3799,OMIM:614199,"Nephrotic syndrome, type 5, with or without ocular abnormalities",23,0,16,111,111,0,0.0013,0.005
3800,OMIM:300496,"Autism susceptibility, X-linked 3",13,0,7,55,55,0,0.0013,0.005
3801,OMIM:617337,"Ectodermal dysplasia 12, Hypohidrotic/hair/tooth/nail type",17,0,5,92,92,0,0.0013,0.041
3802,OMIM:611961,Stevenson-Carey syndrome,28,1,15,64,64,0,0.0013,0.023
3803,OMIM:613804,Meier-Gorlin syndrome 4,21,0,14,43,43,0,0.0013,0.002
3804,OMIM:254210,"Myasthenic syndrome, congenital, 6, presynaptic",18,0,7,38,38,0,0.0013,0.024
3805,OMIM:608149,Kagami-Ogata syndrome,37,0,22,202,202,0,0.0013,0.003
3806,OMIM:619911,Intellectual developmental disorder with language impairment and early-onset DOPA-responsive dystonia-parkinsonism,19,0,12,121,121,0,0.0013,0.004
3807,OMIM:203200,"Albinism, oculocutaneous, type II",14,0,9,46,46,0,0.0013,0.008
3808,OMIM:618603,Neurodevelopmental disorder with hypotonia and variable intellectual and behavioral abnormalities,33,0,24,130,130,0,0.0013,0.024
3809,OMIM:617915,"Hypotonia, ataxia, developmental delay, and tooth enamel defect syndrome",17,0,13,49,49,0,0.0013,0.005
3810,OMIM:619092,"Neurodevelopmental disorder with microcephaly, impaired language, epilepsy, and gait abnormalities, autosomal dominant",36,0,26,241,241,0,0.0013,0.005
3811,OMIM:617929,"Epileptic encephalopathy, early infantile, 60",14,0,7,91,91,0,0.0013,0.004
3812,OMIM:226730,"Epidermolysis bullosa, junctional, with pyloric atresia",20,0,10,77,77,0,0.0013,0.003
3813,OMIM:608799,"Congenital disorder of glycosylation, type IE",45,0,27,150,150,0,0.0013,0.004
3814,OMIM:616202,Cerebellofaciodental syndrome,37,0,24,144,144,0,0.0013,0.005
3815,OMIM:617120,Joubert syndrome 27,15,0,9,27,27,0,0.0013,0.004
3816,OMIM:301006,"Galloway-Mowat syndrome 2, X-linked",26,0,20,76,76,0,0.0013,0.005
3817,OMIM:300495,"Autism, susceptibility to, X-linked 2",13,0,7,55,55,0,0.0013,0.004
3818,OMIM:605726,"Spinal muscular atrophy, distal, autosomal recessive, 2",12,0,3,32,32,0,0.0013,0.003
3819,OMIM:611560,Joubert syndrome 7,24,0,15,66,66,0,0.0013,0.004
3820,OMIM:300842,Mcleod syndrome,29,0,18,116,116,0,0.0013,0.009
3821,OMIM:618236,"Mitochondrial complex I deficiency, nuclear type 14",15,0,13,18,18,0,0.0013,0.002
3822,OMIM:618587,Intellectual developmental disorder 60 with seizures,19,0,13,122,122,0,0.0013,0.002
3823,OMIM:618418,"Spastic paraplegia 80, autosomal dominant",17,0,11,69,69,0,0.0013,0.002
3824,OMIM:616353,"Dyskeratosis congenita, autosomal recessive 6",16,0,12,19,19,0,0.0013,0.004
3825,OMIM:617065,"Epileptic encephalopathy, early infantile, 40",19,0,9,72,72,0,0.0013,0.003
3826,OMIM:618356,Neurodevelopmental disorder with central and peripheral motor dysfunction,35,0,24,181,181,0,0.0013,0.005
3827,OMIM:616409,Developmental and epileptic encephalopathy 33,17,0,14,108,108,0,0.0013,0.002
3828,OMIM:193300,von Hippel-Lindau syndrome,18,0,9,58,58,0,0.0013,0.009
3829,OMIM:301142,"Neurodegenerative disorder, X-linked, female-restricted, with parkinsonism and cognitive impairement",21,0,14,153,153,0,0.0013,0.002
3830,OMIM:238700,"Hyperlysinemia, type I",23,0,10,121,121,0,0.0013,0.004
3831,OMIM:617925,Short-Rib thoracic dysplasia 20 with polydactyly,42,0,17,256,256,0,0.0013,0.003
3832,OMIM:615673,Myopathy with extrapyramidal signs,53,0,33,392,392,0,0.0013,0.027
3833,OMIM:226700,"Epidermolysis bullosa, junctional, Herlitz type",12,0,8,25,25,0,0.0013,0.003
3834,OMIM:620025,"Diaphragmatic hernia 4, with cardiovascular defects",28,0,12,73,73,0,0.0013,0.005
3835,OMIM:263300,Polycythemia vera,14,0,8,65,65,0,0.0013,0.027
3836,OMIM:615277,"Cataract 19, multiple types",21,0,13,210,210,0,0.0013,0.003
3837,OMIM:619317,"Developmental and epileptic encephalopathy 6B, non-Dravet",35,0,21,307,307,0,0.0013,0.004
3838,OMIM:119600,Cleidocranial dysplasia,56,0,24,934,934,0,0.0013,0.003
3839,OMIM:616230,"Epilepsy, progressive myoclonic, 8",18,0,14,136,136,0,0.0013,0.005
3840,OMIM:300699,"Intellectual developmental disorder, X-linked syndromic, Wu type",23,0,18,114,114,0,0.0013,0.002
3841,OMIM:614369,"Peripheral neuropathy, myopathy, hoarseness, and hearing loss",12,0,8,15,15,0,0.0013,0.003
3842,OMIM:620027,"Neurodevelopmental disorder with microcephaly, short stature, and speech delay",14,0,7,49,49,0,0.0013,0.004
3843,OMIM:275400,Oliver-McFarlane syndrome,39,0,27,151,151,0,0.0013,0.004
3844,OMIM:610090,Pyridoxamine 5-prime-phosphate oxidase deficiency,17,0,13,30,30,0,0.0013,0.002
3845,OMIM:225753,"Pontocerebellar hypoplasia, type 4",17,0,11,72,72,0,0.0013,0.028
3846,OMIM:128230,"Dystonia, DOPA-responsive, with or without hyperphenylalaninemia",22,0,12,126,126,0,0.0013,0.002
3847,OMIM:168600,"Parkinson disease, late-onset",24,0,12,172,172,0,0.0013,0.026
3848,OMIM:620393,"Intellectual developmental disorder, autosomal recessive 79",23,0,12,48,48,0,0.0013,0.004
3849,OMIM:612651,Endocrine-cerebroosteodysplasia,50,0,24,236,236,0,0.0013,0.002
3850,OMIM:617661,"Vertebral, cardiac, renal, and limb defects syndrome 2",19,0,10,37,37,0,0.0013,0.009
3851,OMIM:615512,Triosephosphate isomerase deficiency,33,1,26,91,91,0,0.0013,0.009
3852,OMIM:306955,"Heterotaxy, visceral, 1, X-linked",53,0,26,387,387,0,0.0013,0.011
3853,OMIM:610442,"Spondyloepimetaphyseal dysplasia, Camera-Genevieve type",48,0,28,368,368,0,0.0013,0.005
3854,OMIM:617301,Glycine encephalopathy with normal serum glycine,33,0,19,154,154,0,0.0013,0.002
3855,OMIM:277170,Orofaciodigital syndrome VI,52,0,32,294,294,0,0.0013,0.004
3856,OMIM:614378,Cranioectodermal dysplasia 4,31,1,18,94,94,0,0.0013,0.002
3857,OMIM:600325,Aminopterin syndrome sine aminopterin,34,0,21,196,196,0,0.0013,0.008
3858,OMIM:248800,Marinesco-Sjogren syndrome,31,0,24,157,157,0,0.0013,0.004
3859,OMIM:619927,"Intellectual developmental disorder, autosomal dominant 67",23,0,15,123,123,0,0.0013,0.005
3860,OMIM:201810,"Adrenal hyperplasia, congenital, due to 3-beta-hydroxysteroid dehydrogenase 2 deficiency",20,0,6,77,77,0,0.0013,0.003
3861,OMIM:168605,Perry syndrome,27,0,17,159,159,0,0.0013,0.002
3862,OMIM:607932,"Microphthalmia, syndromic 6",60,0,42,352,352,0,0.0013,0.005
3863,OMIM:620427,"Dystonia 37, early-onset, with striatal lesions",14,0,11,79,79,0,0.0013,0.005
3864,OMIM:618184,"Neuropathy, congenital hypomyelinating, 2",23,0,16,114,114,0,0.0013,0.004
3865,OMIM:607259,"Spastic paraplegia 7, autosomal recessive",43,0,30,413,413,0,0.0013,0.01
3866,OMIM:211960,"Camptodactyly with muscular hypoplasia, skeletal dysplasia, and abnormalpalmar creases",15,0,9,29,29,0,0.0013,0.003
3867,OMIM:610651,"Xeroderma pigmentosum, complementation group B",25,0,21,66,66,0,0.0013,0.002
3868,OMIM:617102,Short-Rib thoracic dysplasia 16 with or without polydactyly,32,0,18,140,140,0,0.0013,0.002
3869,OMIM:608022,Diaphanospondylodysostosis,46,0,21,264,264,0,0.0013,0.009
3870,OMIM:177650,Exfoliation syndrome,13,0,8,66,66,0,0.0013,0.006
3871,OMIM:618972,Mitochondrial DNA depletion syndrome 19,16,0,14,35,35,0,0.0013,0.002
3872,OMIM:254780,Myoclonic epilepsy of Lafora,16,0,14,78,78,0,0.0013,0.002
3873,OMIM:159550,Ataxia-Pancytopenia syndrome,19,0,15,81,81,0,0.0013,0.013
3874,OMIM:301032,Basilicata-Akhtar syndrome,42,0,22,182,182,0,0.0013,0.024
3875,OMIM:621101,Perrault syndrome 7,18,0,11,29,29,0,0.0013,0.004
3876,OMIM:168000,Paragangliomas 1,21,0,8,84,84,0,0.0013,0.004
3877,OMIM:278730,"Xeroderma pigmentosum, complementation group D",23,0,20,66,66,0,0.0013,0.008
3878,OMIM:620784,Neurodevelopmental disorder plus optic atrophy,19,0,15,109,109,0,0.0013,0.026
3879,OMIM:226670,Epidermolysis bullosa simplex with muscular dystrophy,20,0,13,45,45,0,0.0013,0.003
3880,OMIM:618569,"Neurodevelopmental disorder with ataxia, hypotonia, and microcephaly",32,0,14,157,157,0,0.0013,0.005
3881,OMIM:264480,Pseudotrisomy 13 syndrome,38,0,25,109,109,0,0.0013,0.003
3882,OMIM:621277,Oculovertebral syndrome,27,0,19,111,111,0,0.0013,0.002
3883,OMIM:243605,Stromme syndrome,30,0,14,94,94,0,0.0013,0.004
3884,OMIM:617935,"Epilepsy, familial focal, with variable foci 4",13,0,10,57,57,0,0.0013,0.004
3885,OMIM:616140,"Leukodystrophy, hypomyelinating, 9",25,0,17,165,165,0,0.0013,0.024
3886,OMIM:613038,"Pituitary hormone deficiency, combined, 1",31,0,11,105,105,0,0.0013,0.004
3887,OMIM:151050,Lenz-Majewski hyperostotic dwarfism,58,0,35,522,522,0,0.0013,0.007
3888,OMIM:613951,"Fanconi anemia, complementation group P",20,0,14,27,27,0,0.0013,0.008
3889,OMIM:621262,Diamond-Blackfan anemia 22,52,1,30,233,233,0,0.0013,0.03
3890,OMIM:617698,"3-methylglutaconic aciduria, type IX",34,0,23,188,188,0,0.0013,0.004
3891,OMIM:608747,Insulin-Like growth factor I deficiency,17,0,14,32,32,0,0.0013,0.005
3892,OMIM:608545,Larsen-Like syndrome,26,0,15,132,132,0,0.0013,0.002
3893,OMIM:277600,Weill-Marchesani syndrome 1,35,0,24,156,156,0,0.0013,0.003
3894,OMIM:109400,Basal cell nevus syndrome,51,0,28,417,417,0,0.0013,0.009
3895,OMIM:620292,"Neurodevelopmental disorder with language delay and behavioral abnormalities, with or without seizures",35,0,20,217,217,0,0.0013,0.024
3896,OMIM:258860,Orofaciodigital syndrome IV,22,0,15,74,74,0,0.0013,0.002
3897,OMIM:304110,Craniofrontonasal syndrome,51,0,28,379,379,0,0.0013,0.024
3898,OMIM:302950,"Chondrodysplasia punctata 1, X-linked recessive",14,0,11,18,18,0,0.0013,0.003
3899,OMIM:608091,Joubert syndrome 2,47,0,27,248,248,0,0.0013,0.005
3900,OMIM:300982,"Intellectual developmental disorder, X-linked 103",14,0,6,32,32,0,0.0013,0.005
3901,OMIM:258900,Orotic aciduria,14,0,7,26,26,0,0.0013,0.003
3902,OMIM:616640,"Epilepsy, progressive myoclonic, 10",18,0,12,136,136,0,0.0013,0.002
3903,OMIM:610543,Chromosome 16p13.3 deletion syndrome,30,0,24,85,85,0,0.0013,0.028
3904,OMIM:604536,Ectodermal dysplasia/skin fragility syndrome,13,0,9,78,78,0,0.0013,0.005
3905,OMIM:259410,"Osteogenesis imperfecta congenita, microcephaly, and cataracts",12,0,5,29,29,0,0.0013,0.002
3906,OMIM:224410,"Dyssegmental dysplasia, Silverman-Handmaker type",24,0,12,79,79,0,0.0013,0.002
3907,OMIM:614877,Peroxisome biogenesis disorder 8B,42,0,32,392,392,0,0.0013,0.027
3908,OMIM:618917,Neurodevelopmental disorder with language impairment and behavioral abnormalities,24,0,21,231,231,0,0.0013,0.005
3909,OMIM:616721,"Congenital disorder of glycosylation, type IIN",22,0,16,68,68,0,0.0013,0.004
3910,OMIM:600627,Hypertryptophanemia,21,0,10,44,44,0,0.0013,0.004
3911,OMIM:269300,Craniometadiaphyseal dysplasia,29,0,16,206,206,0,0.0013,0.002
3912,OMIM:620285,"Amyotrophic lateral sclerosis 27, juvenile",26,0,14,138,138,0,0.0013,0.01
3913,OMIM:151800,"Lipomatosis, multiple symmetric, with or without peripheral neuropathy",14,0,13,27,27,0,0.0013,0.002
3914,OMIM:614450,"Hypothyroidism, congenital, nongoitrous, 6",20,0,9,26,26,0,0.0013,0.004
3915,OMIM:225320,"Ehlers-Danlos syndrome, autosomal recessive, cardiac valvular form",14,1,7,33,33,0,0.0013,0.003
3916,OMIM:620911,"Spastic paraplegia 92, autosomal recessive",33,0,22,315,315,0,0.0013,0.002
3917,OMIM:617830,Developmental and epileptic encephalopathy 58,18,0,13,83,83,0,0.0013,0.004
3918,OMIM:619000,Intellectual developmental disorder with seizures and language delay,19,0,6,82,82,0,0.0013,0.004
3919,OMIM:610756,Cerebrooculofacioskeletal syndrome 2,20,1,12,27,27,0,0.0013,0.002
3920,OMIM:619028,"Coenzyme Q10 deficiency, primary, 9",18,0,13,95,95,0,0.0013,0.002
3921,OMIM:610965,XFE progeroid syndrome,35,0,20,68,68,0,0.0013,0.005
3922,OMIM:617207,"Encephalopathy, progressive, with amyotrophy and optic atrophy",19,0,16,86,86,0,0.0013,0.004
3923,OMIM:620326,Congenital myopathy 21 with early respiratory failure,15,0,10,18,18,0,0.0013,0.005
3924,OMIM:616680,"Spastic paraplegia 75, autosomal recessive",28,0,25,201,201,0,0.0013,0.011
3925,OMIM:164500,Spinocerebellar ataxia 7,20,0,15,99,99,0,0.0013,0.003
3926,OMIM:305620,Frontometaphyseal dysplasia,53,0,30,572,572,0,0.0013,0.003
3927,OMIM:613464,Retinitis pigmentosa 51,15,0,11,46,46,0,0.0013,0.002
3928,OMIM:620086,Intellectual developmental disorder with ocular anomalies and distinctive facial features,14,0,9,26,26,0,0.0013,0.004
3929,OMIM:264180,Pseudodiastrophic dysplasia,24,0,11,123,123,0,0.0013,0.002
3930,OMIM:613672,"Spastic ataxia 4, autosomal recessive",15,0,6,61,61,0,0.0013,0.002
3931,OMIM:613886,"Obesity, hyperphagia, and developmental delay",12,0,9,36,36,0,0.0013,0.004
3932,OMIM:614643,"Muscular dystrophy-dystroglycanopathy (congenital with brain and eye anomalies), type A, 7",37,0,25,225,225,0,0.0013,0.003
3933,OMIM:620243,"Leukodystrophy, hypomyelinating, 25",17,0,10,80,80,0,0.0013,0.004
3934,OMIM:607373,"Autism, susceptibility to, 8",12,0,6,55,55,0,0.0013,0.005
3935,OMIM:618247,"Mitochondrial complex I deficiency, nuclear type 26",19,0,15,47,47,0,0.0013,0.002
3936,OMIM:618284,"Microcephaly, cataracts, impaired intellectual development, and dystonia with abnormal striatum",16,0,12,45,45,0,0.0013,0.005
3937,OMIM:245348,Pyruvate dehydrogenase E2 deficiency,26,0,16,135,135,0,0.0013,0.004
3938,OMIM:620727,Ullrich congenital muscular dystrophy 1B,36,1,23,342,342,0,0.0013,0.005
3939,OMIM:615830,"Pigmented nodular adrenocortical disease, primary, 4",18,0,11,29,29,0,0.0013,0.003
3940,OMIM:108145,"Arthrogryposis, distal, type 5",40,0,24,171,171,0,0.0013,0.002
3941,OMIM:620323,"Spastic paraplegia 70, autosomal recessive",21,0,16,76,76,0,0.0013,0.002
3942,OMIM:606483,"Charcot-Marie-Tooth disease, axonal, type 2GG",19,0,11,79,79,0,0.0013,0.009
3943,OMIM:618440,Oculoskeletodental syndrome,32,0,21,74,74,0,0.0013,0.012
3944,OMIM:245349,Pyruvate dehydrogenase e3-binding protein deficiency,26,0,16,108,108,0,0.0013,0.012
3945,OMIM:617820,"Neurodevelopmental disorder with or without hyperkinetic movements and seizures, autosomal recessive",23,0,16,157,157,0,0.0013,0.004
3946,OMIM:614859,Peroxisome biogenesis disorder 3A (Zellweger),17,0,9,20,20,0,0.0013,0.004
3947,OMIM:178500,"Pulmonary fibrosis, idiopathic",12,0,6,36,36,0,0.0013,0.006
3948,OMIM:206700,Gillespie syndrome,55,0,38,590,590,0,0.0013,0.005
3949,OMIM:618087,"Spinocerebellar ataxia 42, early-onset, severe, with neurodevelopmental deficits",34,0,22,200,200,0,0.0013,0.005
3950,OMIM:618093,Spinocerebellar ataxia 48,20,0,16,153,153,0,0.0013,0.002
3951,OMIM:619428,Focal segmental glomerulosclerosis and neurodevelopmental syndrome,43,0,24,355,355,0,0.0013,0.005
3952,OMIM:208920,"Ataxia, early-onset, with oculomotor apraxia and hypoalbuminemia",32,0,24,243,243,0,0.0013,0.01
3953,OMIM:618244,"Mitochondrial complex I deficiency, nuclear type 23",12,0,9,15,15,0,0.0013,0.002
3954,OMIM:104350,"Amastia, bilateral, with ureteral triplication and dysmorphism",21,0,11,34,34,0,0.0013,0.002
3955,OMIM:617188,"Intellectual developmental disorder, autosomal recessive 57",17,0,14,97,97,0,0.0013,0.004
3956,OMIM:617822,Alkuraya-Kucinskas syndrome,50,0,29,277,277,0,0.0013,0.024
3957,OMIM:605361,Spinocerebellar ataxia 14,15,0,10,91,91,0,0.0013,0.002
3958,OMIM:616321,"Myasthenic syndrome, congenital, 3A, slow-channel",12,0,5,25,25,0,0.0013,0.002
3959,OMIM:619012,Combined oxidative phosphorylation deficiency 48,15,0,12,24,24,0,0.0013,0.002
3960,OMIM:614091,Short-Rib thoracic dysplasia 7 with or without polydactyly,37,0,27,173,173,0,0.0013,0.004
3961,OMIM:620447,Megalencephalic leukoencephalopathy with subcortical cysts 3,18,0,11,127,127,0,0.0013,0.002
3962,OMIM:617599,"Epileptic encephalopathy, early infantile, 55",22,0,14,99,99,0,0.0013,0.004
3963,OMIM:190685,Down syndrome,47,0,25,205,205,0,0.0013,0.003
3964,OMIM:619239,Neurodevelopmental disorder with or without autism or seizures,22,0,11,110,110,0,0.0013,0.004
3965,OMIM:129200,Basan syndrome,14,0,7,62,62,0,0.0013,0.002
3966,OMIM:607371,"Dystonia, juvenile-onset",20,0,10,53,53,0,0.0013,0.004
3967,OMIM:614872,Peroxisome biogenesis disorder 7A (zellweger),22,1,10,40,40,0,0.0013,0.009
3968,OMIM:301050,"Alport syndrome, X-linked",20,0,13,39,39,0,0.0013,0.005
3969,OMIM:609638,"Epidermolysis bullosa, lethal acantholytic",15,0,8,43,43,0,0.0013,0.002
3970,ORPHA:199318,15q13.3 microdeletion syndrome,21,1,13,51,51,0,0.0013,0.008
3971,ORPHA:240094,Progressive supranuclear palsy-pure akinesia with gait freezing syndrome,19,0,7,108,108,0,0.0013,0.002
3972,ORPHA:79405,Junctional epidermolysis bullosa inversa,12,0,8,40,40,0,0.0013,0.003
3973,ORPHA:99014,X-linked Charcot-Marie-Tooth disease type 5,19,0,18,72,72,0,0.0013,0.002
3974,ORPHA:99015,Spastic paraplegia type 2,17,0,15,43,43,0,0.0013,0.004
3975,ORPHA:240071,Classic progressive supranuclear palsy syndrome,28,0,14,220,220,0,0.0013,0.002
3976,ORPHA:2714,Oculo-palato-cerebral syndrome,24,0,17,50,50,0,0.0013,0.004
3977,ORPHA:97292,Cardiogenic shock,30,0,19,124,124,0,0.0013,0.003
3978,ORPHA:356,Gerstmann-Straussler-Scheinker syndrome,18,0,16,136,136,0,0.0013,0.002
3979,ORPHA:101078,X-linked Charcot-Marie-Tooth disease type 4,16,0,14,51,51,0,0.0013,0.002
3980,ORPHA:199343,EAST syndrome,26,0,17,117,117,0,0.0013,0.006
3981,ORPHA:368,Glycogen storage disease due to muscle glycogen phosphorylase deficiency,24,0,12,62,62,0,0.0013,0.004
3982,ORPHA:101046,Epilepsy with auditory features,17,0,13,136,136,0,0.0013,0.002
3983,ORPHA:26,Methylmalonic acidemia with homocystinuria,18,0,16,38,38,0,0.0013,0.004
3984,ORPHA:97244,Rigid spine syndrome,20,1,14,84,84,0,0.0013,0.004
3985,ORPHA:99886,Transient neonatal diabetes mellitus,21,0,15,27,27,0,0.0013,0.003
3986,ORPHA:101005,Autosomal recessive spastic paraplegia type 25,13,0,8,28,28,0,0.0013,0.002
3987,ORPHA:444051,20q11.2 microdeletion syndrome,19,0,11,31,31,0,0.0013,0.002
3988,ORPHA:101008,Autosomal recessive spastic paraplegia type 28,13,0,8,46,46,0,0.0013,0.002
3989,ORPHA:85293,"X-linked intellectual disability, Cabezas type",49,0,26,296,296,0,0.0013,0.008
3990,ORPHA:370924,STT3B-CDG,17,0,15,18,18,0,0.0013,0.004
3991,ORPHA:3166,Sialuria,36,0,17,89,89,0,0.0013,0.01
3992,ORPHA:94125,Recessive mitochondrial ataxia syndrome,22,0,18,136,136,0,0.0013,0.002
3993,ORPHA:75840,Ullrich congenital muscular dystrophy,31,1,17,310,310,0,0.0013,0.002
3994,ORPHA:137867,Madras motor neuron disease,17,0,11,45,45,0,0.0013,0.003
3995,ORPHA:95,Friedreich ataxia,53,0,33,474,474,0,0.0013,0.035
3996,ORPHA:65,Leber congenital amaurosis,25,0,19,134,134,0,0.0013,0.005
3997,ORPHA:85201,Genitopatellar syndrome,38,0,21,114,114,0,0.0013,0.024
3998,ORPHA:3201,Ventricular extrasystoles with syncopal episodes-perodactyly-Robin sequence syndrome,19,0,11,74,74,0,0.0013,0.002
3999,ORPHA:447997,Spastic tetraplegia-thin corpus callosum-progressive postnatal microcephaly syndrome,34,0,19,220,220,0,0.0013,0.024
4000,ORPHA:3205,Sturge-Weber syndrome,51,1,40,397,397,0,0.0013,0.007
4001,ORPHA:59,Allan-Herndon-Dudley syndrome,54,1,34,343,343,0,0.0013,0.007
4002,ORPHA:52,Alagille syndrome,43,0,28,137,137,0,0.0013,0.011
4003,ORPHA:2793,Otoonychoperoneal syndrome,13,0,9,22,22,0,0.0013,0.002
4004,ORPHA:1440,Ring chromosome 14 syndrome,21,0,20,55,55,0,0.0013,0.005
4005,ORPHA:435938,X-linked microcephaly-growth retardation-prognathism-cryptorchidism syndrome,25,0,13,62,62,0,0.0013,0.003
4006,ORPHA:69125,Anonychia with flexural pigmentation,13,0,8,48,48,0,0.0013,0.002
4007,ORPHA:324290,PRDM8-related progressive myoclonus epilepsy,12,0,9,66,66,0,0.0013,0.002
4008,ORPHA:1520,Craniofrontonasal dysplasia,42,0,28,333,333,0,0.0013,0.003
4009,ORPHA:2850,Alopecia-intellectual disability syndrome,26,0,21,71,71,0,0.0013,0.003
4010,ORPHA:90797,Partial androgen insensitivity syndrome,26,0,7,147,147,0,0.0013,0.002
4011,ORPHA:281,Monosomy 5p syndrome,27,0,13,96,96,0,0.0013,0.003
4012,ORPHA:276198,Spinocerebellar ataxia type 36,27,0,17,162,162,0,0.0013,0.025
4013,ORPHA:280219,"Pelizaeus-Merzbacher disease, classic form",27,0,18,262,262,0,0.0013,0.004
4014,ORPHA:223,Arginine vasopressin resistance,21,0,12,28,28,0,0.0013,0.004
4015,ORPHA:2802,X-linked sideroblastic anemia and spinocerebellar ataxia,32,0,20,177,177,0,0.0013,0.005
4016,ORPHA:218,Darier disease,25,0,11,145,145,0,0.0013,0.007
4017,ORPHA:243,"46,XX gonadal dysgenesis",24,0,15,44,44,0,0.0013,0.003
4018,ORPHA:263494,DPM3-CDG,15,0,7,22,22,0,0.0013,0.01
4019,ORPHA:254528,Kagami-Ogata syndrome due to maternal 14q32.2 microdeletion,38,0,20,219,219,0,0.0013,0.004
4020,ORPHA:97349,Postencephalitic parkinsonism,41,0,28,345,345,0,0.0013,0.027
4021,ORPHA:254516,Temple syndrome,28,0,16,54,54,0,0.0013,0.004
4022,ORPHA:99103,"Atrial septal defect, ostium secundum type",35,1,22,305,305,1,0.0013,0.106
4023,ORPHA:35909,Combined deficiency of factor V and factor VIII,18,0,5,109,109,0,0.0013,0.036
4024,ORPHA:3378,Trisomy 13 syndrome,59,0,43,248,248,0,0.0013,0.008
4025,ORPHA:209905,Brain-lung-thyroid syndrome,60,0,43,419,419,0,0.0013,0.014
4026,ORPHA:2021,Fibrochondrogenesis,29,0,17,155,155,0,0.0013,0.003
4027,ORPHA:3352,Tricho-dento-osseous syndrome,16,0,10,71,71,0,0.0013,0.003
4028,ORPHA:730396,Invasive meningococcal disease,34,0,18,125,125,0,0.0013,0.019
4029,ORPHA:99966,Atypical teratoid rhabdoid tumor,16,0,14,72,72,0,0.0013,0.002
4030,ORPHA:2008,Acrocardiofacial syndrome,36,0,28,91,91,0,0.0013,0.004
4031,ORPHA:250989,1q21.1 microdeletion syndrome,47,0,33,202,202,0,0.0013,0.004
4032,ORPHA:3318,Essential thrombocythemia,30,0,18,150,150,0,0.0013,0.03
4033,ORPHA:3301,Tetraamelia-multiple malformations syndrome,35,0,22,77,77,0,0.0013,0.003
4034,ORPHA:1587,Monosomy 13q14 syndrome,30,0,19,83,83,0,0.0013,0.002
4035,ORPHA:1581,Non-distal deletion 10q syndrome,15,0,9,28,28,0,0.0013,0.002
4036,ORPHA:1571,Knobloch syndrome,26,0,20,74,74,0,0.0013,0.003
4037,ORPHA:401815,Autosomal recessive spastic paraplegia type 66,14,0,11,63,63,0,0.0013,0.007
4038,ORPHA:250923,Isolated aniridia,27,0,18,351,351,0,0.0013,0.003
4039,ORPHA:289560,Mitochondrial membrane protein-associated neurodegeneration,26,0,19,165,165,0,0.0013,0.025
4040,ORPHA:1540,Jackson-Weiss syndrome,21,0,13,106,106,0,0.0013,0.002
4041,ORPHA:93952,"X-linked intellectual disability, Hedera type",31,1,22,249,249,0,0.0013,0.005
4042,ORPHA:135,CACH syndrome,55,0,35,576,576,0,0.0013,0.028
4043,ORPHA:399180,Secondary non-traumatic avascular necrosis,13,0,8,15,15,0,0.0013,0.002
4044,ORPHA:119,Beta-sarcoglycan-related limb-girdle muscular dystrophy R4,13,0,7,17,17,0,0.0013,0.01
4045,ORPHA:89838,Autosomal recessive generalized epidermolysis bullosa simplex,20,0,13,171,171,0,0.0013,0.01
4046,ORPHA:98784,Sleep-related hypermotor epilepsy,21,0,12,171,171,0,0.0013,0.002
4047,ORPHA:228116,Hughes-Stovin syndrome,18,0,13,31,31,0,0.0013,0.007
4048,ORPHA:494526,Infantile-onset generalized dyskinesia with orofacial involvement,12,0,6,23,23,0,0.0013,0.002
4049,ORPHA:96183,Maternal uniparental disomy of chromosome 9 syndrome,21,0,13,36,36,0,0.0013,0.002
4050,ORPHA:976,Adenine phosphoribosyltransferase deficiency,18,1,9,82,82,0,0.0013,0.005
4051,ORPHA:544503,RNF13-related severe early-onset epileptic encephalopathy,48,0,29,238,238,0,0.0013,0.006
4052,ORPHA:508093,MEPAN syndrome,31,0,23,207,207,0,0.0013,0.028
4053,ORPHA:306682,Manganese poisoning,30,0,19,280,280,0,0.0013,0.016
4054,ORPHA:306674,Kufor-Rakeb syndrome,44,0,30,410,410,0,0.0013,0.025
4055,ORPHA:98763,Spinocerebellar ataxia type 14,15,0,12,50,50,0,0.0013,0.002
4056,ORPHA:1278,Brachydactyly-preaxial hallux varus syndrome,13,0,8,44,44,0,0.0013,0.002
4057,ORPHA:261529,Ring chromosome Y syndrome,22,0,11,172,172,0,0.0013,0.002
4058,ORPHA:2590,Spinal muscular atrophy-progressive myoclonic epilepsy syndrome,29,0,20,185,185,0,0.0013,0.002
4059,ORPHA:2588,Myhre syndrome,47,0,34,235,235,0,0.0013,0.004
4060,ORPHA:401901,Huntington disease-like syndrome due to C9ORF72 expansions,14,0,11,78,78,0,0.0013,0.002
4061,ORPHA:2547,Microphthalmia-microtia-fetal akinesia syndrome,15,0,11,18,18,0,0.0013,0.003
4062,ORPHA:35125,Epidermal nevus syndrome,26,0,20,70,70,0,0.0013,0.01
4063,ORPHA:185,Scimitar syndrome,39,0,28,391,391,0,0.0013,0.014
4064,ORPHA:139444,Leukoencephalopathy with bilateral anterior temporal lobe cysts,14,0,11,50,50,0,0.0013,0.005
4065,ORPHA:276399,Familial multinodular goiter,13,0,5,67,67,0,0.0013,0.001
4066,ORPHA:319199,Autosomal recessive spastic paraplegia type 53,16,0,15,47,47,0,0.0013,0.006
4067,ORPHA:254343,Autosomal recessive spastic ataxia-optic atrophy-dysarthria syndrome,16,0,9,52,52,0,0.0013,0.002
4068,ORPHA:529665,Neurodevelopmental delay-seizures-ophthalmic anomalies-osteopenia-cerebellar atrophy syndrome,30,0,21,167,167,0,0.0013,0.004
4069,ORPHA:251282,Autosomal dominant spastic ataxia type 1,23,0,16,133,133,0,0.0013,0.002
4070,ORPHA:208441,Bilateral parasagittal parieto-occipital polymicrogyria,29,0,23,205,205,0,0.0013,0.008
4071,ORPHA:544469,PRUNE1-related neurological syndrome,33,0,24,180,180,0,0.0013,0.024
4072,ORPHA:251274,Familial hyperaldosteronism type III,16,0,12,16,16,0,0.0013,0.003
4073,ORPHA:3097,Meacham syndrome,25,0,19,108,108,0,0.0013,0.007
4074,ORPHA:439822,PDE4D haploinsufficiency syndrome,60,0,37,558,558,0,0.0013,0.002
4075,ORPHA:3077,X-linked intellectual disability-psychosis-macroorchidism syndrome,26,0,17,193,193,0,0.0013,0.002
4076,ORPHA:3055,X-linked intellectual disability-hypogonadism-ichthyosis-obesity-short stature syndrome,18,0,16,14,14,0,0.0013,0.004
4077,ORPHA:3041,Intellectual disability-balding-patella luxation-acromicria syndrome,54,0,25,337,337,0,0.0013,0.01
4078,ORPHA:3145,Arginine vasopressin resistance-intracranial calcification-short stature-facial dysmorphism syndrome,15,0,12,21,21,0,0.0013,0.004
4079,ORPHA:932,Achondrogenesis,23,0,10,108,108,0,0.0013,0.003
4080,ORPHA:969,Acromicric dysplasia,22,0,11,81,81,0,0.0013,0.003
4081,ORPHA:98820,Familial focal epilepsy with variable foci,26,0,18,254,254,0,0.0013,0.002
4082,ORPHA:98890,Early-onset X-linked optic atrophy,17,0,11,66,66,0,0.0013,0.002
4083,ORPHA:98889,Bilateral perisylvian polymicrogyria,49,0,33,557,557,0,0.0013,0.028
4084,ORPHA:3102,Richieri Costa-Pereira syndrome,29,0,20,122,122,0,0.0013,0.002
4085,ORPHA:216873,Atypical pantothenate kinase-associated neurodegeneration,30,0,19,282,282,0,0.0013,0.003
4086,ORPHA:216866,Classic pantothenate kinase-associated neurodegeneration,28,0,20,137,137,0,0.0013,0.003
4087,ORPHA:500095,Tall stature-intellectual disability-renal anomalies syndrome,47,0,28,147,147,0,0.0013,0.005
4088,ORPHA:352649,Brain dopamine-serotonin vesicular transport disease,31,0,22,174,174,0,0.0013,0.002
4089,ORPHA:95720,Thyroid hypoplasia,15,0,13,14,14,0,0.0013,0.004
4090,ORPHA:50811,Lipodystrophy-intellectual disability-deafness syndrome,13,0,6,17,17,0,0.0013,0.004
4091,ORPHA:2670,Pierson syndrome,17,0,12,34,34,0,0.0013,0.002
4092,ORPHA:2672,Neuhauser-Eichner-Opitz syndrome,14,0,14,51,51,0,0.0013,0.002
4093,ORPHA:2673,Neurofaciodigitorenal syndrome,30,0,22,99,99,0,0.0013,0.003
4094,ORPHA:91354,Pituitary deficiency due to empty sella turcica syndrome,20,0,11,60,60,0,0.0013,0.003
4095,ORPHA:86822,Lissencephaly type 3-metacarpal bone dysplasia syndrome,23,0,14,90,90,0,0.0013,0.003
4096,ORPHA:1323,Camptodactyly-joint contractures-facial skeletal defects syndrome,22,0,17,86,86,0,0.0013,0.003
4097,ORPHA:2637,Microcephalic osteodysplastic primordial dwarfism type II,52,0,35,210,210,0,0.0013,0.008
4098,ORPHA:1883,Ectodermal dysplasia-sensorineural deafness syndrome,14,0,11,20,20,0,0.0013,0.002
4099,ORPHA:1872,Cone rod dystrophy,15,0,10,105,105,0,0.0013,0.003
4100,ORPHA:404451,FBLN1-related developmental delay-central nervous system anomaly-syndactyly syndrome,18,1,11,70,70,0,0.0013,0.004
4101,ORPHA:1867,"Hereditary bullous dystrophy, macular type",23,1,17,41,41,0,0.0013,0.008
4102,ORPHA:54595,Craniopharyngioma,46,0,33,274,274,0,0.0013,0.004
4103,ORPHA:284984,Aneurysm-osteoarthritis syndrome,50,0,29,337,337,0,0.0013,0.022
4104,ORPHA:206583,Adult polyglucosan body disease,18,0,16,64,64,0,0.0013,0.002
4105,ORPHA:391411,Atypical juvenile parkinsonism,27,0,18,197,197,0,0.0013,0.002
4106,ORPHA:178029,Arginine vasopressin deficiency,17,0,12,28,28,0,0.0013,0.002
4107,ORPHA:770,Rabies,19,1,14,70,70,0,0.0013,0.002
4108,ORPHA:412057,Autosomal recessive cerebellar ataxia due to STUB1 deficiency,54,0,38,462,462,0,0.0013,0.016
4109,ORPHA:436003,Contractures-developmental delay-Pierre Robin syndrome,36,0,21,142,142,0,0.0013,0.003
4110,ORPHA:755,Leydig cell hypoplasia,23,0,9,138,138,0,0.0013,0.003
4111,ORPHA:261344,Trisomy 1q syndrome,42,0,20,132,132,0,0.0013,0.024
4112,ORPHA:93271,"Short rib-polydactyly syndrome, Verma-Naumoff type",47,0,27,237,237,0,0.0013,0.004
4113,ORPHA:281090,Syndromic recessive X-linked ichthyosis,21,0,17,38,38,0,0.0013,0.006
4114,ORPHA:2396,Encephalocraniocutaneous lipomatosis,55,0,50,408,408,0,0.0013,0.004
4115,ORPHA:93259,Pfeiffer syndrome type 2,35,0,21,122,122,0,0.0013,0.004
4116,ORPHA:2377,Laurence-Moon syndrome,24,0,20,27,27,0,0.0013,0.002
4117,ORPHA:319332,Autosomal recessive myogenic arthrogryposis multiplex congenita,27,0,11,77,77,0,0.0013,0.005
4118,ORPHA:1035,Beta-mercaptolactate cysteine disulfiduria,24,0,13,48,48,0,0.0013,0.002
4119,ORPHA:808,Seckel syndrome,26,0,19,96,96,0,0.0013,0.004
4120,ORPHA:1020,Early-onset autosomal dominant Alzheimer disease,26,0,19,255,255,0,0.0013,0.004
4121,ORPHA:93298,Achondrogenesis type 1B,26,0,11,123,123,0,0.0013,0.003
4122,ORPHA:93299,Achondrogenesis type 1A,27,0,10,149,149,0,0.0013,0.003
4123,ORPHA:2334,Autosomal dominant keratitis,16,0,9,120,120,0,0.0013,0.002
4124,ORPHA:1001,2q37 microdeletion syndrome,52,0,27,300,300,0,0.0013,0.024
4125,ORPHA:284180,Xp22.13p22.2 duplication syndrome,34,0,19,131,131,0,0.0013,0.024
4126,ORPHA:268940,Bilateral polymicrogyria,44,0,29,477,477,0,0.0013,0.056
4127,ORPHA:268943,Unilateral polymicrogyria,37,0,21,294,294,0,0.0013,0.021
4128,ORPHA:268947,Unilateral focal polymicrogyria,29,0,15,378,378,0,0.0013,0.004
4129,ORPHA:70594,Dopa-responsive dystonia due to sepiapterin reductase deficiency,26,0,19,123,123,0,0.0013,0.005
4130,ORPHA:98919,Miller Fisher syndrome,26,0,20,127,127,0,0.0013,0.027
4131,ORPHA:352731,Oculocutaneous albinism type 1,21,0,12,106,106,0,0.0013,0.004
4132,ORPHA:1980,Bilateral striopallidodentate calcinosis,31,0,20,284,284,0,0.0013,0.002
4133,ORPHA:436174,Cataract-growth hormone deficiency-sensory neuropathy-sensorineural hearing loss-skeletal dysplasia syndrome,24,0,11,42,42,0,0.0013,0.002
4134,ORPHA:90307,Parkes Weber syndrome,44,0,32,200,200,0,0.0013,0.022
4135,ORPHA:439232,AApoAIV amyloidosis,30,0,23,142,142,0,0.0013,0.036
4136,ORPHA:1955,Spinocerebellar ataxia type 34,16,0,13,32,32,0,0.0013,0.002
4137,ORPHA:157850,Pantothenate kinase-associated neurodegeneration,60,0,36,801,801,0,0.0013,0.005
4138,ORPHA:454840,NTHL1-related polyposis,15,0,9,93,93,0,0.0013,0.001
4139,ORPHA:1942,Epilepsy with myoclonic-atonic seizures,43,0,26,437,437,0,0.0013,0.005
4140,ORPHA:1929,Rasmussen syndrome,48,0,32,868,868,0,0.0013,0.043
4141,ORPHA:1933,"Mitochondrial DNA depletion syndrome, encephalomyopathic form with methylmalonic aciduria",23,0,20,78,78,0,0.0013,0.005
4142,ORPHA:1916,Diethylstilbestrol syndrome,17,0,10,69,69,0,0.0013,0.002
4143,ORPHA:320360,MT-ATP6-related mitochondrial spastic paraplegia,15,0,12,46,46,0,0.0013,0.01
4144,ORPHA:1914,Vitamin K antagonist embryofetopathy,26,0,19,57,57,0,0.0013,0.002
4145,ORPHA:631,Non-acquired isolated growth hormone deficiency,19,0,9,23,23,0,0.0013,0.003
4146,ORPHA:643,Giant axonal neuropathy,26,0,21,135,135,0,0.0013,0.002
4147,ORPHA:640,Hereditary neuropathy with liability to pressure palsies,18,0,13,40,40,0,0.0013,0.003
4148,ORPHA:77301,Monosomy 9q22.3 syndrome,46,0,28,238,238,0,0.0013,0.004
4149,ORPHA:324737,SRD5A3-CDG,30,0,24,68,68,0,0.0013,0.004
4150,ORPHA:635,Neuroblastoma,34,0,21,59,59,0,0.0013,0.004
4151,ORPHA:320401,Autosomal recessive spastic paraplegia type 44,16,0,14,67,67,0,0.0013,0.002
4152,ORPHA:261204,16p11.2p12.2 microduplication syndrome,14,0,10,47,47,0,0.0013,0.004
4153,ORPHA:1188,Ataxia-deafness-intellectual disability syndrome,17,0,17,39,39,0,0.0013,0.003
4154,ORPHA:284271,Autosomal recessive cerebellar ataxia-psychomotor delay syndrome,13,0,11,48,48,0,0.0013,0.004
4155,ORPHA:100993,Autosomal dominant spastic paraplegia type 12,22,0,16,98,98,0,0.0013,0.007
4156,ORPHA:2466,MASA syndrome,13,0,12,41,41,0,0.0013,0.005
4157,ORPHA:530983,Lamb-Shaffer syndrome,34,0,26,172,172,0,0.0013,0.005
4158,ORPHA:67036,Autosomal dominant optic atrophy and cataract,35,0,27,211,211,0,0.0013,0.002
4159,ORPHA:67043,Amoebic keratitis,15,0,9,105,105,0,0.0013,0.007
4160,ORPHA:1114,Aplasia cutis congenita,13,0,10,23,23,0,0.0013,0.002
4161,ORPHA:1101,Anophthalmia-megalocornea-cardiopathy-skeletal anomalies syndrome,28,0,18,99,99,0,0.0013,0.003
4162,ORPHA:2438,Hand-foot-genital syndrome,24,1,14,90,90,0,0.0013,0.002
4163,ORPHA:397744,MYH14-related peripheral neuropathy-myopathy-hoarseness-hearing loss syndrome,19,0,11,45,45,0,0.0013,0.004
4164,ORPHA:93328,Autosomal dominant omodysplasia,17,0,7,54,54,0,0.0013,0.002
4165,ORPHA:512260,Congenital cerebellar ataxia due to RNU12 mutation,15,0,9,56,56,0,0.0013,0.003
4166,ORPHA:1643,Xp22.3 microdeletion syndrome,12,0,9,10,10,0,0.0013,0.002
4167,ORPHA:1647,Oculocerebrocutaneous syndrome,40,0,34,161,161,0,0.0013,0.002
4168,ORPHA:2969,Proteus-like syndrome,31,0,22,87,87,0,0.0013,0.004
4169,ORPHA:2958,X-linked intellectual disability-dysmorphism-cerebral atrophy syndrome,23,0,16,52,52,0,0.0013,0.002
4170,ORPHA:2934,Polysyndactyly-cardiac malformation syndrome,18,0,11,25,25,0,0.0013,0.003
4171,ORPHA:578,Mucolipidosis type IV,27,0,21,92,92,0,0.0013,0.004
4172,ORPHA:261183,15q11.2 microdeletion syndrome,31,0,25,231,231,0,0.0013,0.005
4173,ORPHA:264200,14q22q23 microdeletion syndrome,40,0,23,138,138,0,0.0013,0.003
4174,ORPHA:570,Moebius syndrome,41,0,32,207,207,0,0.0013,0.027
4175,ORPHA:568,"Microphthalmia, Lenz type",42,0,33,147,147,0,0.0013,0.003
4176,ORPHA:254864,Mitochondrial myopathy with reversible cytochrome C oxidase deficiency,24,0,16,55,55,0,0.0013,0.01
4177,ORPHA:309252,Atypical Gaucher disease due to saposin C deficiency,18,0,14,25,25,0,0.0013,0.002
4178,ORPHA:2097,Grant syndrome,25,0,17,171,171,0,0.0013,0.005
4179,ORPHA:261144,FOXG1 syndrome due to 14q12 microdeletion,29,0,16,143,143,0,0.0013,0.024
4180,ORPHA:521426,PLAA-associated neurodevelopmental disorder,51,1,35,340,340,0,0.0013,0.024
4181,ORPHA:524,Li-Fraumeni syndrome,35,0,23,595,595,0,0.0013,0.002
4182,ORPHA:8,"47,XYY syndrome",45,1,30,283,283,0,0.0013,0.053
4183,ORPHA:2065,Galloway-Mowat syndrome,28,0,21,72,72,0,0.0013,0.005
4184,ORPHA:230851,Cardiac-valvular Ehlers-Danlos syndrome,49,1,26,242,242,0,0.0013,0.004
4185,ORPHA:464282,Spastic paraplegia-severe developmental delay-epilepsy syndrome,38,0,28,247,247,0,0.0013,0.005
4186,ORPHA:363686,Severe intellectual disability-poor language-strabismus-grimacing face-long fingers syndrome,48,0,24,299,299,0,0.0013,0.012
4187,ORPHA:49382,Achromatopsia,20,0,13,190,190,0,0.0013,0.004
4188,ORPHA:3433,Microcephaly-brachydactyly-kyphoscoliosis syndrome,19,0,11,64,64,0,0.0013,0.002
4189,ORPHA:2107,Hall-Riggs syndrome,29,0,18,103,103,0,0.0013,0.003
4190,ORPHA:221054,Acrocephalopolydactyly,19,0,11,62,62,0,0.0013,0.003
4191,ORPHA:454887,Corticobasal syndrome,22,0,14,231,231,0,0.0013,0.002
4192,ORPHA:3404,Ulbright-Hodes syndrome,43,0,20,219,219,0,0.0013,0.008
4193,ORPHA:2994,Short stature-craniofacial anomalies-genital hypoplasia syndrome,28,0,19,98,98,0,0.0013,0.006
4194,ORPHA:2980,Acrootoocular syndrome,41,1,24,248,248,0,0.0013,0.002
4195,ORPHA:459033,Ataxia-oculomotor apraxia type 4,20,0,13,79,79,0,0.0013,0.002
4196,ORPHA:438114,RARS-related autosomal recessive hypomyelinating leukodystrophy,27,0,16,201,201,0,0.0013,0.024
4197,ORPHA:209335,Autosomal dominant adult-onset proximal spinal muscular atrophy,19,0,15,63,63,0,0.0013,0.01
4198,ORPHA:466,Fatal familial insomnia,33,0,24,257,257,0,0.0013,0.026
4199,ORPHA:480,Kearns-Sayre syndrome,30,0,26,79,79,0,0.0013,0.003
4200,ORPHA:101150,Autosomal recessive dopa-responsive dystonia,33,0,22,237,237,0,0.0013,0.004
4201,ORPHA:85128,Bothnia retinal dystrophy,22,0,14,231,231,0,0.0013,0.007
4202,ORPHA:99750,Atypical progressive supranuclear palsy syndrome,28,0,15,223,223,0,0.0013,0.002
4203,ORPHA:99742,Amish lethal microcephaly,24,0,20,68,68,0,0.0013,0.004
4204,ORPHA:101109,Spinocerebellar ataxia type 28,20,0,17,112,112,0,0.0013,0.002
4205,ORPHA:85172,"Microcephalic osteodysplastic dysplasia, Saul-Wilson type",16,0,7,52,52,0,0.0013,0.002
4206,ORPHA:85173,IMAGe syndrome,13,0,9,18,18,0,0.0013,0.003
4207,ORPHA:407,Glycine encephalopathy,13,0,10,22,22,0,0.0013,0.002
4208,ORPHA:369840,TRAPPC11-related limb-girdle muscular dystrophy R18,25,0,19,86,86,0,0.0013,0.018
4209,ORPHA:370921,STT3A-CDG,13,0,11,14,14,0,0.0013,0.004
4210,ORPHA:251639,Subependymoma,15,0,13,40,40,0,0.0013,0.004
4211,ORPHA:369929,Primary hyperaldosteronism-seizures-neurological abnormalities syndrome,29,0,25,87,87,0,0.0013,0.004
4212,ORPHA:2269,Ichthyosis-alopecia-eclabion-ectropion-intellectual disability syndrome,19,0,11,75,75,0,0.0013,0.005
4213,ORPHA:251636,Ependymoma,15,0,13,40,40,0,0.0013,0.004
4214,ORPHA:275543,L1 syndrome,16,0,13,82,82,0,0.0013,0.004
4215,ORPHA:319671,Alazami syndrome,31,0,17,124,124,0,0.0013,0.015
4216,ORPHA:2213,Hypertelorism-microtia-facial clefting syndrome,15,0,8,17,17,0,0.0013,0.004
4217,ORPHA:2216,Maternal hyperthermia-induced birth defects,16,0,14,25,25,0,0.0013,0.002
4218,ORPHA:79243,Pyruvate dehydrogenase E1-alpha deficiency,55,0,35,529,529,0,0.0013,0.084
4219,ORPHA:363717,Alexander disease type I,22,0,18,117,117,0,0.0013,0.027
4220,ORPHA:29822,Spontaneous periodic hypothermia,16,0,16,25,25,0,0.0013,0.002
4221,OMIM:621191,Leukodystrophy and cerebellar atrophy,27,0,21,143,143,0,0.0012,0.004
4222,OMIM:256850,"Giant axonal neuropathy 1, autosomal recessive",31,0,24,203,203,0,0.0012,0.005
4223,OMIM:122600,Spondylocostal dysostosis 5,13,0,7,56,56,0,0.0012,0.009
4224,OMIM:620066,"Neurodevelopmental disorder with microcephaly, cerebral atrophy, and visual impairment",36,0,22,190,190,0,0.0012,0.008
4225,OMIM:620728,Ullrich congenital muscular dystrophy 1C,14,0,9,67,67,0,0.0012,0.002
4226,OMIM:105650,Diamond-Blackfan anemia 1,55,0,32,308,308,0,0.0012,0.008
4227,OMIM:233400,Perrault syndrome 1,23,0,17,72,72,0,0.0012,0.004
4228,OMIM:300960,Mend syndrome,45,0,23,219,219,0,0.0012,0.004
4229,OMIM:606658,Spinocerebellar ataxia 15,32,0,23,321,321,0,0.0012,0.005
4230,OMIM:239850,Hypertrichotic osteochondrodysplasia,39,0,18,279,279,0,0.0012,0.002
4231,OMIM:616488,"Neuropathy, hereditary sensory and autonomic, type VIII",15,1,12,32,32,0,0.0012,0.002
4232,OMIM:617225,"Spastic paraplegia 78, autosomal recessive",28,0,22,256,256,0,0.0012,0.002
4233,OMIM:162350,"Ceroid lipofuscinosis, neuronal, 4B, autosomal dominant",17,0,11,81,81,0,0.0012,0.002
4234,OMIM:304050,Aicardi syndrome,54,0,32,337,337,0,0.0012,0.01
4235,OMIM:201470,"Acyl-Coa dehydrogenase, short-chain, deficiency of",20,0,17,40,40,0,0.0012,0.002
4236,OMIM:615802,"Neurodevelopmental disorder with dysmorphic features, spasticity, and brain abnormalities",56,0,31,457,457,0,0.0012,0.005
4237,OMIM:615625,"Spastic paraplegia 72, autosomal recessive",13,0,8,48,48,0,0.0012,0.002
4238,OMIM:251290,Band-Like calcification with simplified gyration and polymicrogyria,38,0,27,151,151,0,0.0012,0.009
4239,OMIM:617807,"Neurodevelopmental disorder with ataxic gait, absent speech, and decreased cortical white matter",41,0,24,289,289,0,0.0012,0.005
4240,OMIM:614895,"Charcot-Marie-Tooth disease, demyelinating, type 4F",24,0,15,143,143,0,0.0012,0.011
4241,OMIM:614897,Hypogonadotropic hypogonadism 16 with or without anosmia,15,0,5,35,35,0,0.0012,0.003
4242,OMIM:607196,"Microcephaly, Amish type",19,0,10,37,37,0,0.0012,0.003
4243,OMIM:613849,"Osteogenesis imperfecta, type XII",28,0,21,152,152,0,0.0012,0.002
4244,OMIM:192315,"Vasculopathy, retinal, with cerebral leukodystrophy",30,0,23,120,120,0,0.0012,0.004
4245,OMIM:170390,Andersen cardiodysrhythmic periodic paralysis,54,0,29,510,510,0,0.0012,0.002
4246,OMIM:300624,Fragile X syndrome,24,0,13,62,62,0,0.0012,0.002
4247,OMIM:258315,Omodysplasia 1,35,0,15,277,277,0,0.0012,0.002
4248,OMIM:617018,Spinocerebellar ataxia 43,18,0,12,62,62,0,0.0012,0.003
4249,OMIM:618317,"Basal ganglia calcification, idiopathic, 7, autosomal recessive",22,0,17,210,210,0,0.0012,0.002
4250,OMIM:300963,Ritscher-Schinzel syndrome 2,36,0,20,159,159,0,0.0012,0.004
4251,OMIM:615182,Combined D-2- and L-2-hydroxyglutaric aciduria,23,0,14,74,74,0,0.0012,0.008
4252,OMIM:614075,Hermansky-Pudlak syndrome 6,34,1,16,110,110,0,0.0012,0.019
4253,OMIM:263750,Postaxial acrofacial dysostosis,29,0,21,94,94,0,0.0012,0.002
4254,OMIM:618840,Alopecia-intellectual disability syndrome 4,14,0,10,34,34,0,0.0012,0.005
4255,OMIM:612389,"Pontocerebellar hypoplasia, type 2B",31,0,20,232,232,0,0.0012,0.028
4256,OMIM:618855,Combined oxidative phosphorylation deficiency 44,12,0,11,28,28,0,0.0012,0.002
4257,OMIM:610951,"Ceroid lipofuscinosis, neuronal, 7",15,0,15,55,55,0,0.0012,0.003
4258,OMIM:617964,"Leukodystrophy, hypomyelinating, 16",35,0,25,268,268,0,0.0012,0.005
4259,OMIM:618316,Intellectual developmental disorder with cardiac defects and dysmorphic facies,58,0,27,245,245,0,0.0012,0.011
4260,OMIM:617757,Joubert syndrome 32,20,0,12,50,50,0,0.0012,0.004
4261,OMIM:153400,Lymphedema-Distichiasis syndrome,26,0,17,71,71,0,0.0012,0.006
4262,OMIM:608930,"Myasthenic syndrome, congenital, 1B, fast-channel",27,0,16,143,143,0,0.0012,0.024
4263,OMIM:109120,"Axenfeld-Rieger anomaly with partially absent eye muscles, distinctive face, hydrocephaly, and skeletal abnormalities",25,0,17,88,88,0,0.0012,0.002
4264,OMIM:617145,"Neurodegeneration with ataxia, dystonia, and gaze palsy, childhood-onset",21,0,17,124,124,0,0.0012,0.002
4265,OMIM:621150,"Neurodevelopmental disorder with thin corpus callosum, hypotonia, and absent language",46,0,30,417,417,0,0.0012,0.005
4266,OMIM:618060,Intellectual developmental disorder with or without epilepsy or cerebellar ataxia,27,0,19,169,169,0,0.0012,0.005
4267,OMIM:125800,"Diabetes insipidus, nephrogenic, 2",15,0,8,14,14,0,0.0012,0.002
4268,OMIM:620538,"Spastic paraplegia 91, autosomal dominant, with or without cerebellar ataxia",26,0,23,167,167,0,0.0012,0.003
4269,OMIM:300423,"Intellectual developmental disorder, X-linked syndromic, Hedera type",28,0,18,282,282,0,0.0012,0.005
4270,OMIM:614879,Peroxisome biogenesis disorder 9B,17,0,13,21,21,0,0.0012,0.002
4271,OMIM:617633,"Spinocerebellar ataxia, autosomal recessive 26",18,0,12,97,97,0,0.0012,0.002
4272,OMIM:607346,Spinocerebellar ataxia 19,17,0,12,72,72,0,0.0012,0.002
4273,OMIM:614306,Cognitive impairment with or without cerebellar ataxia,20,0,13,89,89,0,0.0012,0.005
4274,OMIM:619742,"Charcot-Marie-Tooth disease, demyelinating, type 1I",21,0,15,174,174,0,0.0012,0.005
4275,OMIM:616471,Bethlem myopathy 2,18,0,12,94,94,0,0.0012,0.003
4276,OMIM:272300,Sulfite oxidase deficiency,34,0,19,137,137,0,0.0012,0.004
4277,OMIM:601455,"Charcot-Marie-Tooth disease, type 4D",29,0,19,135,135,0,0.0012,0.003
4278,OMIM:611134,"Meckel syndrome, type 4",18,0,14,47,47,0,0.0012,0.002
4279,OMIM:616854,Even-Plus syndrome,30,1,14,76,76,0,0.0012,0.034
4280,OMIM:618845,"Vertebral, cardiac, renal, and limb defects syndrome 3",14,0,7,23,23,0,0.0012,0.003
4281,OMIM:610217,Neurodegeneration with brain iron accumulation 2B,29,0,21,258,258,0,0.0012,0.028
4282,OMIM:616672,Combined oxidative phosphorylation deficiency 27,33,0,25,233,233,0,0.0012,0.006
4283,OMIM:212350,Sengers syndrome,34,0,23,93,93,0,0.0012,0.002
4284,OMIM:607596,Pontocerebellar hypoplasia type 1A,37,0,23,318,318,0,0.0012,0.027
4285,OMIM:610954,Pitt-Hopkins syndrome,59,1,27,395,395,0,0.0012,0.023
4286,OMIM:301310,"Anemia, sideroblastic, and spinocerebellar ataxia",52,0,34,488,488,0,0.0012,0.005
4287,OMIM:619031,"Intellectual developmental disorder with epilepsy, behavioral abnormalities, and coarse facies",13,0,7,56,56,0,0.0012,0.004
4288,OMIM:617008,"Cerebral palsy, spastic quadriplegic, 3",17,0,14,76,76,0,0.0012,0.002
4289,OMIM:618298,Developmental and epileptic encephalopathy 70,22,0,12,93,93,0,0.0012,0.004
4290,OMIM:606703,"Dyskinesia, familial, with facial myokymia",23,0,15,127,127,0,0.0012,0.002
4291,OMIM:618501,Cerebellar atrophy with seizures and variable developmental delay,18,0,12,70,70,0,0.0012,0.002
4292,OMIM:618924,"Episodic ataxia, type 9",15,0,11,56,56,0,0.0012,0.002
4293,OMIM:620511,Fliedner-Zweier syndrome,36,0,26,126,126,0,0.0012,0.005
4294,OMIM:615582,Loeys-Dietz syndrome 5,57,0,28,387,387,0,0.0012,0.022
4295,OMIM:618918,Periventricular nodular heterotopia 9,34,0,18,195,195,0,0.0012,0.005
4296,OMIM:615541,"Intellectual developmental disorder, autosomal recessive 39",21,0,12,60,60,0,0.0012,0.004
4297,OMIM:615219,"Hydrocephalus, congenital, 2, with or without brain or eye anomalies",30,0,18,114,114,0,0.0012,0.008
4298,OMIM:616710,"Parkinson disease 22, autosomal dominant",13,0,8,55,55,0,0.0012,0.002
4299,OMIM:619609,Galloway-Mowat syndrome 10,15,0,7,41,41,0,0.0012,0.004
4300,OMIM:614305,Sclerosteosis 2,16,0,11,37,37,0,0.0012,0.002
4301,OMIM:259780,Otoonychoperoneal syndrome,14,0,8,25,25,0,0.0012,0.002
4302,OMIM:612953,"Parkinson disease 14, autosomal recessive",36,0,17,389,389,0,0.0012,0.002
4303,OMIM:208530,Right atrial isomerism (Ivemark),20,0,10,128,128,0,0.0012,0.011
4304,OMIM:200150,Choreoacanthocytosis,35,1,20,356,356,0,0.0012,0.002
4305,OMIM:617022,Lethal congenital contracture syndrome 10,30,0,13,138,138,0,0.0012,0.002
4306,OMIM:302800,"Charcot-Marie-Tooth neuropathy, X-linked dominant, 1",35,0,25,330,330,0,0.0012,0.011
4307,OMIM:616300,Short-Rib thoracic dysplasia 13 with or without polydactyly,45,0,24,347,347,0,0.0012,0.003
4308,OMIM:619972,"Neurodevelopmental disorder with severe motor impairment, absent language, cerebral hypomyelination, and brain atrophy",15,0,8,44,44,0,0.0012,0.005
4309,OMIM:618891,"Microcephaly, developmental delay, and brittle hair syndrome",49,1,26,319,319,0,0.0012,0.03
4310,OMIM:615386,"Spinocerebellar ataxia, autosomal recessive 14",14,0,11,58,58,0,0.0012,0.002
4311,OMIM:619580,Neurodevelopmental disorder with impaired language and ataxia and with or without seizures,53,0,35,765,765,0,0.0012,0.005
4312,OMIM:619967,"Myopathy, congenital, nonprogressive",19,0,13,16,16,0,0.0012,0.002
4313,OMIM:618476,"Brain abnormalities, neurodegeneration, and dysosteosclerosis",47,0,36,476,476,0,0.0012,0.008
4314,OMIM:300623,Fragile X tremor/ataxia syndrome,34,0,23,283,283,0,0.0012,0.002
4315,OMIM:614462,"Hyperglycinemia, lactic acidosis, and seizures",23,0,19,75,75,0,0.0012,0.002
4316,OMIM:300804,Joubert syndrome 10,36,0,23,121,121,0,0.0012,0.008
4317,OMIM:216900,Achromatopsia 2,14,0,5,91,91,0,0.0012,0.002
4318,OMIM:204690,"Amelogenesis imperfecta, type IG (enamel-renal syndrome)",12,0,4,25,25,0,0.0012,0.006
4319,OMIM:621195,Combined oxidative phosphorylation deficiency 60,51,1,32,228,228,0,0.0012,0.004
4320,OMIM:256840,"Neuropathy, hereditary sensory, with spastic paraplegia, autosomal recessive",18,0,11,75,75,0,0.0012,0.009
4321,OMIM:619479,Short-rib thoracic dysplasia 21 without polydactyly,35,0,18,106,106,0,0.0012,0.002
4322,OMIM:602501,"Megalencephaly-capillary malformation-polymicrogyria syndrome, somatic",30,0,18,78,78,0,0.0012,0.004
4323,OMIM:619653,"Neurodevelopmental disorder, nonprogressive, with spasticity and transient opisthotonus",24,0,17,202,202,0,0.0012,0.01
4324,OMIM:611555,"Renal tubular acidosis, distal, with nephrocalcinosis, short stature, impaired intellectual development, and distinctive facies",14,0,8,24,24,0,0.0012,0.003
4325,OMIM:617865,"Neurodevelopmental disorder with movement abnormalities, abnormal gait, and autistic features",43,0,27,293,293,0,0.0012,0.024
4326,OMIM:617695,"Pontocerebellar hypoplasia, type 11",39,0,32,315,315,0,0.0012,0.004
4327,OMIM:619727,"Craniotubular dysplasia, Ikegawa type",38,0,19,209,209,0,0.0012,0.002
4328,OMIM:274700,Thyroid dyshormonogenesis 3,27,0,11,87,87,0,0.0012,0.009
4329,OMIM:601815,Phosphoglycerate dehydrogenase deficiency,15,0,7,22,22,0,0.0012,0.002
4330,OMIM:300718,"Myopathy, reducing body, X-linked, childhood-onset",16,0,8,78,78,0,0.0012,0.002
4331,OMIM:274270,Dihydropyrimidine dehydrogenase deficiency,22,0,18,68,68,0,0.0012,0.005
4332,OMIM:145001,Hyperparathyroidism 2,15,0,5,49,49,0,0.0012,0.008
4333,OMIM:137440,Gerstmann-Straussler disease,26,0,18,234,234,0,0.0012,0.002
4334,OMIM:621079,"Heterotaxy, visceral, 13, autosomal",27,0,16,122,122,0,0.0012,0.028
4335,OMIM:617290,"Epilepsy, early-onset, vitamin b6-dependent",27,0,19,120,120,0,0.0012,0.005
4336,OMIM:617284,"Dystonia 28, childhood-onset",24,0,18,160,160,0,0.0012,0.004
4337,OMIM:175100,Adenomatous polyposis coli,26,0,11,182,182,0,0.0012,0.003
4338,OMIM:606438,Huntington disease-like 2,19,0,13,136,136,0,0.0012,0.003
4339,OMIM:601357,"Brachial amelia, cleft lip, and holoprosencephaly",15,0,11,28,28,0,0.0012,0.002
4340,OMIM:618174,"Cortical dysplasia, complex, with other brain malformations 9",31,0,20,285,285,0,0.0012,0.008
4341,OMIM:616171,"Microcephaly and chorioretinopathy, autosomal recessive, 2",30,0,24,126,126,0,0.0012,0.004
4342,OMIM:616603,"Cutis laxa, autosomal dominant 3",33,0,17,105,105,0,0.0012,0.002
4343,OMIM:617051,Neurodevelopmental disorder with microcephaly and gray sclerae,13,0,10,39,39,0,0.0012,0.004
4344,OMIM:606612,"Muscular dystrophy-dystroglycanopathy (congenital with or without impaired intellectual development), type B, 5",42,0,30,404,404,0,0.0012,0.028
4345,OMIM:617864,Neurodevelopmental disorder with or without seizures and gait abnormalities,30,0,22,180,180,0,0.0012,0.004
4346,OMIM:163400,Nievergelt syndrome,14,0,11,35,35,0,0.0012,0.002
4347,OMIM:159950,Spinal muscular atrophy with progressive myoclonic epilepsy,21,0,16,92,92,0,0.0012,0.004
4348,OMIM:182601,"Spastic paraplegia 4, autosomal dominant",22,0,14,131,131,0,0.0012,0.002
4349,OMIM:620789,Aplasia cutis-enamel dysplasia syndrome,19,0,14,38,38,0,0.0012,0.002
4350,OMIM:612713,Kahrizi syndrome,13,0,8,13,13,0,0.0012,0.004
4351,OMIM:183090,Spinocerebellar ataxia 2,37,0,27,332,332,0,0.0012,0.003
4352,OMIM:607136,Spinocerebellar ataxia 17,34,0,21,436,436,0,0.0012,0.002
4353,OMIM:301029,Shukla-Vernon syndrome,26,0,15,90,90,0,0.0012,0.004
4354,OMIM:603387,Megalencephaly-Polymicrogyria-Polydactyly-Hydrocephalus syndrome,27,0,18,84,84,0,0.0012,0.004
4355,OMIM:606002,"Spinocerebellar ataxia, autosomal recessive 1",35,0,25,274,274,0,0.0012,0.012
4356,OMIM:617899,"Leukodystrophy, hypomyelinating, 14",14,0,13,30,30,0,0.0012,0.004
4357,OMIM:613355,Chromosome 17q23.1-q23.2 deletion syndrome,25,0,19,53,53,0,0.0012,0.002
4358,OMIM:225410,"Ehlers-Danlos syndrome, dermatosparaxis type",40,0,19,214,214,0,0.0012,0.006
4359,OMIM:608629,Joubert syndrome 3,31,0,15,101,101,0,0.0012,0.005
4360,OMIM:615877,Microphthalmia/coloboma and skeletal dysplasia syndrome,24,0,13,71,71,0,0.0012,0.002
4361,OMIM:609286,"Progressive external ophthalmoplegia with mitochondrial DNA deletions, autosomal dominant 3",37,0,27,122,122,0,0.0012,0.003
4362,OMIM:215470,Boucher-Neuhauser syndrome,32,0,13,223,223,0,0.0012,0.006
4363,OMIM:610099,"Myopathy, distal 3",12,0,5,31,31,0,0.0012,0.003
4364,OMIM:253800,"Muscular dystrophy-dystroglycanopathy (congenital with brain and eye anomalies), type A, 4",42,0,33,227,227,0,0.0012,0.006
4365,OMIM:609053,"Fanconi anemia, complementation group I",44,1,33,99,99,0,0.0012,0.003
4366,OMIM:300280,Uruguay faciocardiomusculoskeletal syndrome,46,0,21,220,220,0,0.0012,0.003
4367,OMIM:618604,Snijders Blok-Fisher syndrome,20,0,12,87,87,0,0.0012,0.005
4368,OMIM:613989,"Dyskeratosis congenita, autosomal dominant 2",27,0,19,43,43,0,0.0012,0.004
4369,OMIM:605899,Glycine encephalopathy,18,0,14,80,80,0,0.0012,0.002
4370,OMIM:500018,Mitochondrial spastic paraplegia,17,0,7,94,94,0,0.0012,0.002
4371,OMIM:620370,RECON progeroid syndrome,36,0,15,152,152,0,0.0012,0.035
4372,OMIM:620601,Garg-Mishra progeroid syndrome,28,0,16,93,93,0,0.0012,0.002
4373,OMIM:618349,Galloway-Mowat syndrome 8,21,0,15,58,58,0,0.0012,0.005
4374,OMIM:619725,Neurodevelopmental disorder with or without variable movement or behavioral abnormalities,27,0,17,326,326,0,0.0012,0.005
4375,OMIM:619876,"Neurodevelopmental disorder with microcephaly, hypotonia, nystagmus, and seizures",26,0,20,87,87,0,0.0012,0.024
4376,OMIM:618598,"Spastic tetraplegia and axial hypotonia, progressive",19,0,9,79,79,0,0.0012,0.002
4377,OMIM:252100,Mohr syndrome,35,0,20,268,268,0,0.0012,0.002
4378,OMIM:615043,"Spastic paraplegia 43, autosomal recessive",16,0,12,61,61,0,0.0012,0.003
4379,OMIM:615731,Nemaline myopathy 9,14,0,9,21,21,0,0.0012,0.002
4380,OMIM:616204,"Spinocerebellar ataxia, autosomal recessive 18",21,0,17,116,116,0,0.0012,0.005
4381,OMIM:254940,Carey-Fineman-Ziter syndrome,58,0,41,428,428,0,0.0012,0.028
4382,OMIM:124200,Darier-White disease,14,0,4,42,42,0,0.0012,0.002
4383,OMIM:619127,Mandibuloacral dysplasia progeroid syndrome,56,0,26,423,423,0,0.0012,0.016
4384,OMIM:300695,"Scapuloperoneal myopathy, X-linked dominant",15,0,5,48,48,0,0.0012,0.01
4385,OMIM:611584,"Waardenburg syndrome, type 2E",26,0,16,57,57,0,0.0012,0.008
4386,OMIM:615084,Mitochondrial DNA depletion syndrome 11,29,0,16,68,68,0,0.0012,0.003
4387,OMIM:617730,Galloway-Mowat syndrome 4,26,0,17,66,66,0,0.0012,0.005
4388,OMIM:612674,"Polyneuropathy, hearing loss, ataxia, retinitis pigmentosa, and cataract",22,0,17,92,92,0,0.0012,0.003
4389,OMIM:102370,Acromicric dysplasia,20,0,9,65,65,0,0.0012,0.002
4390,OMIM:614946,Combined oxidative phosphorylation deficiency 14,30,0,20,162,162,0,0.0012,0.004
4391,OMIM:614947,Combined oxidative phosphorylation deficiency 15,35,0,26,139,139,0,0.0012,0.002
4392,OMIM:612463,Pseudopseudohypoparathyroidism,17,0,12,32,32,0,0.0012,0.002
4393,OMIM:614748,"Interstitial lung disease, nephrotic syndrome, and epidermolysis bullosa, congenital",31,0,20,88,88,0,0.0012,0.014
4394,OMIM:619091,"Neurodevelopmental disorder with microcephaly, impaired language, and gait abnormalities, autosomal recessive",25,0,20,174,174,0,0.0012,0.005
4395,OMIM:250100,Metachromatic leukodystrophy,32,1,21,266,266,0,0.0012,0.003
4396,OMIM:619052,"Mitochondrial complex IV deficiency, nuclear type 8",13,0,7,47,47,0,0.0012,0.002
4397,OMIM:617731,Galloway-Mowat syndrome 5,21,0,11,52,52,0,0.0012,0.004
4398,OMIM:618238,"Mitochondrial complex I deficiency, nuclear type 16",23,0,17,71,71,0,0.0012,0.004
4399,OMIM:301039,"Intellectual developmental disorder, X-linked, syndromic, Hackman-Di Donato type",23,0,13,38,38,0,0.0012,0.002
4400,OMIM:615522,Cole disease,15,1,9,47,47,0,0.0012,0.002
4401,OMIM:613153,"Muscular dystrophy-dystroglycanopathy (congenital with brain and eye anomalies), type A, 5",33,0,23,193,193,0,0.0012,0.004
4402,OMIM:618012,Developmental and epileptic encephalopathy 93,26,0,19,236,236,0,0.0012,0.004
4403,OMIM:271245,Mitochondrial DNA depletion syndrome 7 (hepatocerebral type),36,0,22,287,287,0,0.0012,0.027
4404,OMIM:613151,"Muscular dystrophy-dystroglycanopathy (congenital with impaired intellectual development), type B, 3",12,0,12,25,25,0,0.0012,0.005
4405,OMIM:618776,"Mitochondrial complex I deficiency, nuclear type 34",12,0,8,10,10,0,0.0012,0.002
4406,OMIM:614170,Brittle cornea syndrome 2,17,0,7,42,42,0,0.0012,0.002
4407,OMIM:620558,Craniometadiaphyseal osteosclerosis with hip dysplasia,28,0,16,99,99,0,0.0012,0.002
4408,OMIM:119800,"Clubfoot, congenital, with or without deficiency of long bones and/or mirror-image polydactyly",15,0,4,30,30,0,0.0012,0.002
4409,OMIM:607454,Spinocerebellar ataxia 21,30,0,19,268,268,0,0.0012,0.004
4410,OMIM:610100,"Giant axonal neuropathy, autosomal dominant",14,0,8,35,35,0,0.0012,0.003
4411,OMIM:620996,Retinitis pigmentosa 98,19,0,9,108,108,0,0.0012,0.002
4412,OMIM:620028,Developmental and epileptic encephalopathy 106,15,0,13,42,42,0,0.0012,0.004
4413,OMIM:615905,"Epileptic encephalopathy, early infantile, 25, with amelogenesis imperfecta",19,0,12,105,105,0,0.0012,0.002
4414,OMIM:615911,Frontotemporal dementia and/or amyotrophic lateral sclerosis 2,17,0,12,79,79,0,0.0012,0.002
4415,OMIM:612918,"Congenital lipomatous overgrowth, vascular malformations, and epidermal nevi",18,0,12,26,26,0,0.0012,0.002
4416,OMIM:615656,Chromosome 15q11.2 deletion syndrome,49,0,34,292,292,0,0.0012,0.005
4417,OMIM:618428,Popov-Chang syndrome,60,0,35,490,490,0,0.0012,0.024
4418,OMIM:617082,"Congenital disorder of glycosylation, type IAA",17,0,13,34,34,0,0.0012,0.002
4419,OMIM:608363,Chromosome 22q11.2 duplication syndrome,19,0,13,37,37,0,0.0012,0.005
4420,OMIM:620389,"Nemaline myopathy 5C, autosomal dominant",36,0,17,252,252,0,0.0012,0.028
4421,OMIM:609727,"Spastic paraplegia 29, autosomal dominant",17,0,9,38,38,0,0.0012,0.004
4422,OMIM:618158,"Intellectual developmental disorder with macrocephaly, seizures, and speech delay",22,0,13,75,75,0,0.0012,0.004
4423,OMIM:609055,"Ceroid lipofuscinosis, neuronal, 9",17,0,13,43,43,0,0.0012,0.002
4424,OMIM:601390,Van Maldergem syndrome 1,54,0,35,348,348,0,0.0012,0.004
4425,OMIM:300523,Allan-Herndon-Dudley syndrome,34,0,20,165,165,0,0.0012,0.004
4426,OMIM:618824,"Basal ganglia calcification, idiopathic, 8, autosomal recessive",19,0,10,114,114,0,0.0012,0.002
4427,OMIM:616835,Meier-Gorlin syndrome 6,43,0,23,168,168,0,0.0012,0.024
4428,OMIM:314580,Wieacker-Wolff syndrome,48,0,34,337,337,0,0.0012,0.004
4429,OMIM:620607,"Spastic paraplegia 30, autosomal recessive",22,0,14,142,142,0,0.0012,0.003
4430,OMIM:103285,Adult syndrome,27,0,14,123,123,0,0.0012,0.038
4431,OMIM:620149,Developmental and epileptic encephalopathy 110,28,0,11,124,124,0,0.0012,0.003
4432,OMIM:614561,"Leukoencephalopathy, brain calcifications, and cysts",15,0,15,105,105,0,0.0012,0.002
4433,OMIM:619737,Combined oxidative phosphorylation deficiency 54,44,0,31,203,203,0,0.0012,0.004
4434,OMIM:616362,Houge-Janssens syndrome 2,36,0,24,190,190,0,0.0012,0.005
4435,OMIM:618367,"Neurodevelopmental disorder with microcephaly, epilepsy, and hypomyelination",32,0,18,179,179,0,0.0012,0.028
4436,OMIM:606159,Neurodegeneration with brain iron accumulation 3,29,0,17,305,305,0,0.0012,0.002
4437,OMIM:611431,Legius syndrome,24,0,12,69,69,0,0.0012,0.008
4438,OMIM:267750,"Knobloch syndrome, type 1",52,0,29,376,376,0,0.0012,0.004
4439,OMIM:612138,Epidermolysis bullosa simplex with pyloric atresia,12,0,7,10,10,0,0.0012,0.002
4440,OMIM:213600,"Basal ganglia calcification, idiopathic, 1",27,0,17,256,256,0,0.0012,0.002
4441,OMIM:617691,Spinocerebellar ataxia 44,14,0,11,56,56,0,0.0012,0.002
4442,OMIM:615938,Megalencephaly-Polymicrogyria-Polydactyly-Hydrocephalus syndrome 3,12,0,8,32,32,0,0.0012,0.004
4443,OMIM:600460,"Cleft palate, cardiac defect, genital anomalies, and ectrodactyly",20,0,14,22,22,0,0.0012,0.004
4444,OMIM:616570,Cerebrooculofacioskeletal syndrome 3,17,1,14,28,28,0,0.0012,0.002
4445,OMIM:309300,"Megalocornea 1, X-linked",15,0,10,105,105,0,0.0012,0.002
4446,OMIM:308750,Kallmann syndrome with spastic paraplegia,19,0,5,36,36,0,0.0012,0.003
4447,OMIM:615284,"Charcot-Marie-Tooth disease, type 4B3",21,0,20,81,81,0,0.0012,0.003
4448,OMIM:617493,Neurodevelopmental disorder with involuntary movements,27,0,18,305,305,0,0.0012,0.004
4449,OMIM:236670,"Muscular dystrophy-dystroglycanopathy (congenital with brain and eye anomalies), type A, 1",57,0,38,463,463,0,0.0012,0.004
4450,OMIM:615538,Chromosome 22q13 duplication syndrome,13,0,4,42,42,0,0.0012,0.002
4451,OMIM:616025,Glycosylphosphatidylinositol biosynthesis defect 11,18,0,10,58,58,0,0.0012,0.004
4452,OMIM:618222,"Mitochondrial complex I deficiency, nuclear type 2",28,0,18,103,103,0,0.0012,0.002
4453,OMIM:303350,MASA syndrome,18,0,16,66,66,0,0.0012,0.008
4454,OMIM:608804,"Leukodystrophy, hypomyelinating, 2",30,0,19,271,271,0,0.0012,0.002
4455,OMIM:608810,"Myopathy, myofibrillar, 2, mfm2",26,0,14,128,128,0,0.0012,0.01
4456,OMIM:616145,Catel-Manzke syndrome,48,0,27,335,335,0,0.0012,0.003
4457,OMIM:161800,Nemaline myopathy 3,38,0,20,250,250,0,0.0012,0.027
4458,OMIM:618800,"Spinocerebellar ataxia, autosomal recessive 28",14,0,10,38,38,0,0.0012,0.004
4459,OMIM:614592,Bent bone dysplasia syndrome,18,0,8,52,52,0,0.0012,0.002
4460,OMIM:164400,Spinocerebellar ataxia 1,48,0,33,537,537,0,0.0012,0.004
4461,OMIM:300894,Neurodegeneration with brain iron accumulation 5,27,0,21,301,301,0,0.0012,0.005
4462,OMIM:619698,"Mucopolysaccharidosis, type X",25,1,15,88,88,0,0.0012,0.002
4463,OMIM:252650,Mucolipidosis IV,28,0,19,126,126,0,0.0012,0.006
4464,OMIM:607317,"Spinocerebellar ataxia, autosomal recessive 4",29,0,23,219,219,0,0.0012,0.004
4465,OMIM:618237,"Mitochondrial complex I deficiency, nuclear type 15",22,0,18,51,51,0,0.0012,0.002
4466,OMIM:301022,"Neurodevelopmental disorder, X-linked, with craniofacial abnormalities",48,0,24,349,349,1,0.0012,0.19
4467,OMIM:604391,Ataxia-telangiectasia-like disorder 1,25,0,19,136,136,0,0.0012,0.003
4468,OMIM:616795,Spinocerebellar ataxia 42,21,0,13,124,124,0,0.0012,0.002
4469,OMIM:608540,"Congenital disorder of glycosylation, type Ik",22,0,19,43,43,0,0.0012,0.002
4470,OMIM:278250,Wrinkly skin syndrome,55,0,29,386,386,0,0.0012,0.005
4471,OMIM:613612,"Congenital disorder of glycosylation, type IIi",13,0,10,29,29,0,0.0012,0.005
4472,OMIM:610333,Aicardi-Goutieres syndrome 4,23,0,18,74,74,0,0.0012,0.004
4473,OMIM:620033,Developmental and epileptic encephalopathy 107,14,0,9,45,45,0,0.0012,0.004
4474,OMIM:601957,Odontotrichoungual-Digital-Palmar syndrome,15,0,10,46,46,0,0.0012,0.002
4475,OMIM:609270,"Spinocerebellar ataxia, autosomal recessive 7",21,0,13,130,130,0,0.0012,0.002
4476,OMIM:615665,Joubert syndrome 22,17,0,11,31,31,0,0.0012,0.002
4477,OMIM:618396,"Epileptic encephalopathy, early infantile, 74",16,0,9,91,91,0,0.0012,0.002
4478,OMIM:603563,"Spastic paraplegia 8, autosomal dominant",18,0,11,80,80,0,0.0012,0.002
4479,OMIM:168601,"Parkinson disease 1, autosomal dominant",23,0,16,210,210,0,0.0012,0.002
4480,OMIM:212840,Cerebellar ataxia and hypogonadotropic hypogonadism,13,0,8,30,30,0,0.0012,0.003
4481,OMIM:619260,"Spondyloepiphyseal dysplasia, sensorineural hearing loss, intellectual developmental disorder, and Leber congenital amaurosis",44,0,29,222,222,0,0.0012,0.004
4482,OMIM:300049,"Heterotopia, periventricular, X-linked dominant",18,0,17,47,47,0,0.0012,0.002
4483,OMIM:602481,"Migraine, familial hemiplegic, 2",26,0,19,178,178,0,0.0012,0.002
4484,OMIM:181510,Schizophrenia 1,14,0,6,15,15,0,0.0012,0.002
4485,OMIM:617729,Galloway-Mowat syndrome 3,48,0,32,196,196,0,0.0012,0.005
4486,OMIM:612731,Faciocardiomelic syndrome,23,0,12,99,99,0,0.0012,0.002
4487,OMIM:605259,Spinocerebellar ataxia 13,20,0,17,109,109,0,0.0012,0.005
4488,OMIM:302500,"Spinocerebellar ataxia, X-linked 1",15,0,13,42,42,0,0.0012,0.002
4489,OMIM:614195,Craniofacial anomalies and anterior segment dysgenesis syndrome,18,0,12,54,54,0,0.0012,0.002
4490,OMIM:619328,"Leukodystrophy, hypomyelinating, 22",21,0,12,59,59,0,0.0012,0.004
4491,OMIM:606220,"Intellectual developmental disorder with short stature, facial anomalies, and speech defects",21,0,14,66,66,0,0.0012,0.005
4492,OMIM:617339,"Epileptic encephalopathy, early infantile, 51",34,0,21,242,242,0,0.0012,0.002
4493,OMIM:620793,"Muscular dystrophy, limb-girdle, autosomal recessive 29",41,0,24,338,338,0,0.0012,0.011
4494,OMIM:621314,"Pompe disease, late-onset",12,0,5,16,16,0,0.0012,0.002
4495,OMIM:243000,"Indifference to pain, congenital, autosomal recessive",15,0,11,67,67,0,0.0012,0.002
4496,OMIM:604802,Huntington disease-like 3,17,0,15,93,93,0,0.0012,0.002
4497,OMIM:617063,Meier-Gorlin syndrome 7,50,0,29,190,190,0,0.0012,0.003
4498,OMIM:130650,Beckwith-Wiedemann syndrome,33,0,15,92,92,0,0.0012,0.009
4499,OMIM:621248,"Pulmonary hypertension, primary, 7",46,1,23,369,369,0,0.0012,0.037
4500,OMIM:610532,"Leukodystrophy, hypomyelinating, 5",26,0,16,216,216,0,0.0012,0.007
4501,OMIM:551500,"Neuropathy, ataxia, and retinitis pigmentosa",14,0,13,28,28,0,0.0012,0.002
4502,OMIM:616803,Lamb-Shaffer syndrome,27,0,17,86,86,0,0.0012,0.005
4503,OMIM:620369,"Congenital myopathy 22B, severe fetal",58,1,30,481,481,0,0.0012,0.011
4504,OMIM:500001,Leber optic atrophy and dystonia,18,0,15,65,65,0,0.0012,0.002
4505,OMIM:272800,Tay-Sachs disease,14,1,7,17,17,0,0.0012,0.002
4506,OMIM:609260,"Charcot-marie-tooth disease, axonal, type 2A2A",27,0,18,144,144,0,0.0012,0.003
4507,OMIM:612126,Glut1 deficiency syndrome 2,17,0,12,81,81,0,0.0012,0.002
4508,OMIM:614225,Warburg micro syndrome 2,34,0,15,137,137,0,0.0012,0.004
4509,OMIM:618379,Developmental and epileptic encephalopathy 73,24,0,13,66,66,0,0.0012,0.004
4510,OMIM:614219,Adams-Oliver syndrome 2,37,0,23,136,136,0,0.0012,0.008
4511,OMIM:620023,"Neurodevelopmental disorder with microcephaly, movement abnormalities, and seizures",25,0,21,128,128,0,0.0012,0.002
4512,OMIM:620779,"Intellectual developmental disorder, autosomal recessive 82",13,0,10,55,55,0,0.0012,0.005
4513,OMIM:620786,"Basal ganglia calcification, idiopathic, 9, autosomal recessive",39,0,24,385,385,0,0.0012,0.008
4514,OMIM:619661,"Leukoencephalopathy, hereditary diffuse, with spheroids 2",12,0,7,36,36,0,0.0012,0.002
4515,OMIM:616546,Short-Rib thoracic dysplasia 14 with polydactyly,33,0,18,116,116,0,0.0012,0.002
4516,OMIM:613402,"Microcephaly, seizures, and developmental delay",15,0,12,83,83,0,0.0012,0.004
4517,OMIM:618557,"Epileptic encephalopathy, early infantile, 78",17,0,14,75,75,0,0.0012,0.002
4518,OMIM:275000,Graves disease,17,0,10,19,19,0,0.0012,0.003
4519,OMIM:619339,"Popliteal pterygium syndrome, Bartsocas-Papas type 2",17,0,6,56,56,0,0.0012,0.002
4520,OMIM:617302,Optic atrophy 11,46,1,30,378,378,0,0.0012,0.008
4521,OMIM:616034,"2,4-dienoyl-CoA reductase deficiency",43,0,28,319,319,0,0.0012,0.012
4522,OMIM:301026,Keipert syndrome,22,0,12,60,60,0,0.0012,0.002
4523,OMIM:147791,Jacobsen syndrome,50,0,32,249,249,0,0.0012,0.008
4524,OMIM:617114,"Myopathy, myofibrillar, 7",33,0,16,200,200,0,0.0012,0.025
4525,OMIM:614409,"Spastic paraplegia 46, autosomal recessive",33,0,24,264,264,0,0.0012,0.002
4526,OMIM:619844,Intellectual developmental disorder with or without peripheral neuropathy,16,0,7,37,37,0,0.0012,0.004
4527,OMIM:619688,"Leukodystrophy, hypomyelinating, 23, with ataxia, deafness, liver dysfunction, and dilated cardiomyopathy",13,0,12,45,45,0,0.0012,0.005
4528,OMIM:620021,Intellectual developmental disorder with autism and dysmorphic facies,20,0,13,47,47,0,0.0012,0.004
4529,OMIM:613206,"Spastic paraplegia 44, autosomal recessive",23,0,19,112,112,0,0.0012,0.002
4530,OMIM:619065,"Mitochondrial complex IV deficiency, nuclear type 21",18,0,8,71,71,0,0.0012,0.002
4531,OMIM:105830,Angelman syndrome,43,0,28,273,273,0,0.0012,0.005
4532,OMIM:160500,"Myopathy, distal, 1",25,0,12,118,118,0,0.0012,0.01
4533,OMIM:500003,"Striatonigral degeneration, infantile, mitochondrial",22,0,11,99,99,0,0.0012,0.004
4534,OMIM:212112,Malouf syndrome,20,0,10,36,36,0,0.0012,0.003
4535,OMIM:610256,Anterior segment dysgenesis 2,14,0,6,91,91,0,0.0012,0.002
4536,OMIM:616425,"46,XY sex reversal 10",13,0,4,78,78,0,0.0012,0.001
4537,OMIM:608627,Amyotrophic lateral sclerosis 8,19,0,16,87,87,0,0.0012,0.004
4538,OMIM:613561,"Myopathy, lactic acidosis, and sideroblastic anemia 2",26,0,21,39,39,0,0.0012,0.004
4539,OMIM:616586,"Spastic paraplegia 9B, autosomal recessive",24,0,18,130,130,0,0.0012,0.004
4540,OMIM:617854,"Intellectual developmental disorder, autosomal dominant 56",40,0,23,381,381,0,0.0012,0.024
4541,OMIM:616948,"Spinocerebellar ataxia, autosomal recessive 22",13,0,12,66,66,0,0.0012,0.002
4542,OMIM:613818,"Muscular dystrophy-dystroglycanopathy (limb-girdle), type C, 9",13,0,8,31,31,0,0.0012,0.005
4543,OMIM:272750,"GM2-gangliosidosis, AB variant",25,0,16,151,151,0,0.0012,0.002
4544,OMIM:617370,Peroxisome biogenesis disorder 10B,14,0,7,12,12,0,0.0012,0.002
4545,OMIM:611067,"Spinal muscular atrophy, distal, autosomal recessive, 4",16,0,12,62,62,0,0.0012,0.003
4546,OMIM:206920,Microphthalmia with limb anomalies,44,1,25,300,300,0,0.0012,0.004
4547,OMIM:607822,Alzheimer disease 3,19,0,13,171,171,0,0.0012,0.002
4548,OMIM:301040,Alpha-thalassemia/impaired intellectual development syndrome,57,0,30,309,309,0,0.0012,0.023
4549,OMIM:614321,"Myopathy, distal, Tateyama type",13,0,3,34,34,0,0.0012,0.01
4550,OMIM:618527,"Ichthyotic keratoderma, spasticity, hypomyelination, and dysmorphic facial features",26,0,18,96,96,0,0.0012,0.005
4551,OMIM:621371,Enhanced S-cone syndrome 2,19,0,11,171,171,0,0.0012,0.006
4552,OMIM:115310,Paragangliomas 4,18,0,9,64,64,0,0.0012,0.004
4553,OMIM:619995,"Neurodevelopmental disorder with intention tremor, pyramidal signs, dyspraxia, and ocular anomalies",27,1,10,83,83,0,0.0012,0.005
4554,OMIM:231550,Achalasia-Addisonianism-Alacrima syndrome,23,0,15,69,69,0,0.0012,0.004
4555,OMIM:180860,Silver-Russell syndrome 1,27,0,13,62,62,0,0.0012,0.002
4556,OMIM:225280,"Ectodermal dysplasia, ectrodactyly, and macular dystrophy syndrome",17,1,11,50,50,0,0.0012,0.003
4557,OMIM:301134,"Intellectual developmental disorder, X-linked 114",25,0,13,161,161,0,0.0012,0.004
4558,OMIM:168885,"Neuroocular syndrome 2, paroxysmal type",19,0,15,44,44,0,0.0012,0.005
4559,OMIM:621012,"Neurodevelopmental disorder with dysmorphic facies, absent speech and ambulation, and brain abnormalities",47,0,29,227,227,0,0.0012,0.008
4560,OMIM:618877,"Leukoencephalopathy, developmental delay, and episodic neurologic regression syndrome",27,0,20,207,207,0,0.0012,0.022
4561,OMIM:613077,"Progressive external ophthalmoplegia with mitochondrial DNA deletions, autosomal dominant 5",17,0,14,28,28,0,0.0012,0.002
4562,OMIM:617205,"Heterotaxy, visceral, 8, autosomal",12,0,4,55,55,0,0.0012,0.003
4563,OMIM:617563,Orofaciodigital syndrome XVI,21,0,13,56,56,0,0.0012,0.004
4564,OMIM:124480,"Deafness, congenital, and onychodystrophy, autosomal dominant",16,0,10,24,24,0,0.0012,0.003
4565,OMIM:603516,Spinocerebellar ataxia 10,27,0,17,255,255,0,0.0012,0.002
4566,OMIM:101600,Pfeiffer syndrome,29,0,15,175,175,0,0.0012,0.003
4567,OMIM:610542,"Myasthenic syndrome, congenital, with tubular aggregates 1",16,0,10,55,55,0,0.0012,0.01
4568,OMIM:616127,"Spinocerebellar ataxia, autosomal recessive 17",28,0,16,224,224,0,0.0012,0.005
4569,OMIM:611890,Congenital arthrogryposis with anterior horn cell disease,40,1,28,220,220,0,0.0012,0.002
4570,OMIM:300983,"Intellectual developmental disorder, X-linked 104",29,0,20,173,173,0,0.0012,0.005
4571,OMIM:614254,"Neurodevelopmental disorder with or without hyperkinetic movements and seizures, autosomal dominant",36,0,25,390,390,0,0.0012,0.004
4572,OMIM:619016,"Ichthyosis, follicular, with atrichia and photophobia syndrome 2",12,0,6,28,28,0,0.0012,0.008
4573,OMIM:278780,"Xeroderma pigmentosum, complementation group G",13,0,9,17,17,0,0.0012,0.002
4574,OMIM:301041,"Wieacker-Wolff syndrome, female-restricted",49,1,28,322,322,0,0.0012,0.028
4575,OMIM:607823,Hypotrichosis-lymphedema-telangiectasia syndrome,13,0,8,38,38,0,0.0012,0.006
4576,OMIM:614678,"Pontocerebellar hypoplasia, type 1B",26,0,19,99,99,0,0.0012,0.005
4577,OMIM:616053,Spinocerebellar ataxia 40,14,0,8,91,91,0,0.0012,0.002
4578,OMIM:616045,Combined oxidative phosphorylation deficiency 22,13,0,9,18,18,0,0.0012,0.002
4579,OMIM:210600,Seckel syndrome 1,48,0,34,294,294,0,0.0012,0.003
4580,OMIM:614322,"Spinocerebellar ataxia, autosomal recessive 12",19,0,16,108,108,0,0.0012,0.004
4581,OMIM:614487,"Spastic ataxia 5, autosomal recessive",21,0,16,146,146,0,0.0012,0.003
4582,OMIM:621414,"Brain small vessel disease 2B, autosomal recessive",24,0,16,132,132,0,0.0012,0.002
4583,OMIM:614732,"Intrauterine growth retardation, metaphyseal dysplasia, adrenal hypoplasiacongenita, and genital anomalies",20,0,11,34,34,0,0.0012,0.003
4584,OMIM:612394,"Bone fragility with contractures, arterial rupture, and deafness",39,0,14,163,163,0,0.0012,0.002
4585,OMIM:613908,Spinocerebellar ataxia 35,15,0,12,79,79,0,0.0012,0.002
4586,OMIM:616859,"Spasticity, childhood-onset, with hyperglycinemia",21,0,14,98,98,0,0.0012,0.002
4587,OMIM:304700,Mohr-Tranebjaerg syndrome,21,0,14,80,80,0,0.0012,0.002
4588,OMIM:614096,Combined oxidative phosphorylation deficiency 8,19,0,11,22,22,0,0.0012,0.002
4589,OMIM:618653,Intellectual developmental disorder with impaired language and dysmorphic facies,48,0,25,171,171,0,0.0012,0.005
4590,OMIM:118420,Chiari malformation type I,25,0,16,109,109,0,0.0012,0.002
4591,OMIM:619565,Dystonia 31,12,0,5,45,45,0,0.0012,0.002
4592,OMIM:212360,Palmoplantar keratoderma and congenital alopecia 2,12,0,7,37,37,0,0.0012,0.002
4593,OMIM:618451,"Neurodegeneration, early-onset, with choreoathetoid movements and microcytic anemia",29,0,18,179,179,0,0.0012,0.002
4594,OMIM:619983,Developmental and epileptic encephalopathy 105 with hypopituitarism,23,0,16,101,101,0,0.0012,0.005
4595,OMIM:607565,"Spastic paraplegia, ataxia, and impaired intellectual development",18,0,13,85,85,0,0.0012,0.002
4596,OMIM:609560,Mitochondrial DNA depletion syndrome 2 (myopathic type),26,0,17,109,109,0,0.0012,0.005
4597,OMIM:619149,Lessel-Kreienkamp syndrome,34,0,25,99,99,0,0.0012,0.024
4598,OMIM:222300,Wolfram syndrome 1,29,0,24,60,60,0,0.0012,0.003
4599,OMIM:193003,"Nystagmus 4, congenital, autosomal dominant",15,0,9,38,38,0,0.0012,0.002
4600,OMIM:602541,"Muscular dystrophy, congenital, megaconial type",18,0,12,56,56,0,0.0012,0.005
4601,OMIM:615217,Ataxia-Oculomotor apraxia 3,15,0,13,42,42,0,0.0012,0.003
4602,OMIM:604326,Spinocerebellar ataxia 12,18,0,12,136,136,0,0.0012,0.003
4603,OMIM:175780,Brain small vessel disease 1 with or without ocular anomalies,46,0,34,472,472,0,0.0012,0.003
4604,OMIM:619603,Galloway-Mowat syndrome 9,20,0,9,41,41,0,0.0012,0.01
4605,OMIM:234200,Neurodegeneration with brain iron accumulation 1,51,0,35,679,679,0,0.0012,0.027
4606,OMIM:607398,Glucocorticoid deficiency 2,19,0,11,40,40,0,0.0012,0.003
4607,OMIM:601110,"Congenital disorder of glycosylation, type Id",38,0,23,123,123,0,0.0012,0.004
4608,OMIM:619005,"Neurodevelopmental disorder with dysmorphic facies, impaired speech and hypotonia",49,0,25,273,273,0,0.0012,0.015
4609,OMIM:256730,"Ceroid lipofuscinosis, neuronal, 1",31,0,21,170,170,0,0.0012,0.004
4610,OMIM:300577,"Intellectual developmental disorder, X-linked 91",17,0,9,36,36,0,0.0012,0.004
4611,OMIM:614520,"Encephalomyopathy, mitochondrial, due to voltage-dependent anion channel deficiency",23,0,16,25,25,0,0.0012,0.003
4612,OMIM:619762,Kury-Isidor syndrome,41,1,25,151,151,0,0.0012,0.005
4613,OMIM:611302,"Spastic ataxia 2, autosomal recessive",19,0,14,113,113,0,0.0012,0.003
4614,OMIM:617773,"Intellectual developmental disorder, autosomal recessive 61",47,0,27,367,367,0,0.0012,0.005
4615,OMIM:602418,Weyers ulnar ray/oligodactyly syndrome,16,0,8,49,49,0,0.0012,0.008
4616,OMIM:615789,Short stature with microcephaly and distinctive facies,31,0,16,95,95,0,0.0012,0.007
4617,OMIM:162000,"Tubulointerstitial kidney disease, autosomal dominant, 1",33,0,15,355,355,0,0.0012,0.011
4618,OMIM:255600,"Myosclerosis, autosomal recessive",12,0,8,36,36,0,0.0012,0.002
4619,OMIM:620242,Neurodevelopmental disorder with poor growth and behavioral abnormalities,36,0,22,272,272,0,0.0012,0.024
4620,OMIM:618905,Silver-Russell syndrome 2,16,0,7,32,32,0,0.0012,0.002
4621,OMIM:614871,Peroxisome biogenesis disorder 6B,31,0,23,151,151,0,0.0012,0.005
4622,OMIM:612233,"Leukodystrophy, hypomyelinating, 4",20,0,15,69,69,0,0.0012,0.004
4623,OMIM:613675,"Chromosome 17q11.2 deletion syndrome, 1.4-mb",41,0,26,171,171,0,0.0012,0.008
4624,OMIM:530000,Kearns-Sayre syndrome,24,0,18,45,45,0,0.0012,0.003
4625,OMIM:603472,Neuronal intranuclear inclusion disease,25,0,20,156,156,0,0.0012,0.002
4626,OMIM:614654,"Coenzyme Q10 deficiency, primary, 5",22,0,19,49,49,0,0.0012,0.002
4627,OMIM:211530,Brown-Vialetto-Van Laere syndrome 1,42,0,29,257,257,0,0.0012,0.005
4628,OMIM:112240,Cole-Carpenter syndrome 1,21,0,12,100,100,0,0.0012,0.002
4629,OMIM:619827,"Intellectual developmental disorder, autosomal recessive 75, with neuropsychiatric features and variant lissencephaly",26,0,21,212,212,0,0.0012,0.004
4630,OMIM:605407,"Segawa syndrome, autosomal recessive",15,0,11,56,56,0,0.0012,0.002
4631,OMIM:619576,"Cerebellar ataxia, brain abnormalities, and cardiac conduction defects",47,0,34,287,287,0,0.0012,0.028
4632,OMIM:619562,Joubert syndrome 39,13,0,5,19,19,0,0.0012,0.003
4633,OMIM:618873,Lissencephaly 10,27,0,16,279,279,0,0.0012,0.004
4634,OMIM:312170,Pyruvate dehydrogenase E1-alpha deficiency,45,0,23,308,308,0,0.0012,0.012
4635,OMIM:620453,"Dystonia 22, juvenile-onset",14,0,9,67,67,0,0.0012,0.002
4636,OMIM:613728,"Spinocerebellar ataxia, autosomal recessive 10",19,0,11,88,88,0,0.0012,0.002
4637,OMIM:601338,"Cerebellar ataxia, areflexia, pes cavus, optic atrophy, and sensorineural hearing loss",34,0,24,198,198,0,0.0012,0.002
4638,OMIM:618480,Neurodevelopmental disorder with seizures and speech and walking impairment,28,0,16,91,91,0,0.0012,0.003
4639,OMIM:618494,"Congenital hypotonia, epilepsy, developmental delay, and digital anomalies",56,0,28,236,236,0,0.0012,0.026
4640,OMIM:600224,Spinocerebellar ataxia 5,25,0,16,168,168,0,0.0012,0.002
4641,OMIM:618325,Lissencephaly 9 with complex brainstem malformation,34,0,20,285,285,0,0.0012,0.028
4642,OMIM:250800,Methemoglobinemia due to deficiency of methemoglobin reductase,15,0,11,21,21,0,0.0012,0.004
4643,OMIM:252150,"Molybdenum cofactor deficiency, complementation group A",42,0,16,224,224,0,0.0012,0.008
4644,OMIM:618279,"Charcot-Marie-Tooth disease, demyelinating, type 1G",19,0,9,89,89,0,0.0012,0.003
4645,OMIM:311900,TARP syndrome,46,1,27,157,157,0,0.0012,0.004
4646,OMIM:618251,"Mitochondrial complex I deficiency, nuclear type 31",16,0,14,24,24,0,0.0012,0.002
4647,OMIM:616917,"Neurodevelopmental disorder with or without hypotonia, seizures, and cerebellar atrophy",15,0,12,56,56,0,0.0012,0.004
4648,OMIM:118220,"Charcot-Marie-Tooth disease, demyelinating, type 1A",22,0,12,92,92,0,0.0012,0.003
4649,OMIM:618709,Neurodevelopmental disorder with nonspecific brain abnormalities and with or without seizures,18,0,17,99,99,0,0.0012,0.008
4650,OMIM:618721,"Epileptic encephalopathy, early infantile, 82",18,0,14,60,60,0,0.0012,0.006
4651,ORPHA:199310,Tetragametic chimerism syndrome,17,0,10,68,68,0,0.0012,0.002
4652,ORPHA:399,Huntington disease,52,0,30,993,993,0,0.0012,0.003
4653,ORPHA:395,Homocystinuria due to methylene tetrahydrofolate reductase deficiency,50,0,41,584,584,0,0.0012,0.004
4654,ORPHA:2732,Olivopontocerebellar atrophy-deafness syndrome,14,0,13,34,34,0,0.0012,0.002
4655,ORPHA:477817,PMP22-RAI1 contiguous gene duplication syndrome,46,1,28,182,182,0,0.0012,0.003
4656,ORPHA:2719,"Oculocerebral hypopigmentation syndrome, Cross type",45,0,34,189,189,0,0.0012,0.003
4657,ORPHA:220493,Joubert syndrome with ocular anomaly,40,0,31,170,170,0,0.0012,0.005
4658,ORPHA:79411,Self-improving dystrophic epidermolysis bullosa,13,0,9,67,67,0,0.0012,0.004
4659,ORPHA:220460,Attenuated familial adenomatous polyposis,22,0,10,211,211,0,0.0012,0.001
4660,ORPHA:97290,Familial papillary thyroid carcinoma with renal papillary neoplasia,14,0,8,27,27,0,0.0012,0.002
4661,ORPHA:648919,Idiopathic catatonia,16,0,5,66,66,0,0.0012,0.002
4662,ORPHA:199354,Cerebral autosomal recessive arteriopathy-subcortical infarcts-leukoencephalopathy,31,0,19,256,256,0,0.0012,0.002
4663,ORPHA:199351,"PLA2G6-related neurodegeneration, adult-onset",32,0,17,333,333,0,0.0012,0.004
4664,ORPHA:335,Congenital fibrinogen deficiency,26,0,13,61,61,0,0.0012,0.027
4665,ORPHA:377,Gorlin syndrome,45,1,27,297,297,0,0.0012,0.009
4666,ORPHA:29,Mevalonic aciduria,17,0,13,33,33,0,0.0012,0.004
4667,ORPHA:370997,Muscle-eye-brain disease with bilateral multicystic leucodystrophy,23,0,12,114,114,0,0.0012,0.005
4668,ORPHA:97229,Riboflavin transporter deficiency,35,0,32,172,172,0,0.0012,0.003
4669,ORPHA:3191,Subaortic stenosis-short stature syndrome,26,0,19,34,34,0,0.0012,0.003
4670,ORPHA:320,Apparent mineralocorticoid excess,16,0,12,19,19,0,0.0012,0.005
4671,ORPHA:101001,Autosomal recessive spastic paraplegia type 21,18,0,16,137,137,0,0.0012,0.002
4672,ORPHA:370959,Congenital muscular dystrophy with cerebellar involvement,47,0,35,450,450,0,0.0012,0.004
4673,ORPHA:52368,Mohr-Tranebjaerg syndrome,41,0,23,416,416,0,0.0012,0.032
4674,ORPHA:85274,Ahmad syndrome,15,0,10,12,12,0,0.0012,0.003
4675,ORPHA:83472,CAMOS syndrome,15,0,14,48,48,0,0.0012,0.005
4676,ORPHA:3255,Filippi syndrome,40,0,26,176,176,0,0.0012,0.004
4677,ORPHA:263508,COG1-CDG,43,0,19,237,237,0,0.0012,0.009
4678,ORPHA:95434,Autosomal recessive cerebellar ataxia-movement disorder syndrome,20,0,14,111,111,0,0.0012,0.002
4679,ORPHA:97,Familial paroxysmal ataxia,14,0,12,38,38,0,0.0012,0.002
4680,ORPHA:251510,"46,XY partial gonadal dysgenesis",43,0,20,425,425,0,0.0012,0.003
4681,ORPHA:480536,MSH3-related polyposis,14,0,6,80,80,0,0.0012,0.001
4682,ORPHA:444002,11q22.2q22.3 microdeletion syndrome,44,0,27,210,210,0,0.0012,0.004
4683,ORPHA:99832,Resistance to thyrotropin-releasing hormone syndrome,19,0,8,41,41,0,0.0012,0.003
4684,ORPHA:1496,Corpus callosum agenesis-neuronopathy syndrome,14,0,13,37,37,0,0.0012,0.004
4685,ORPHA:1466,COFS syndrome,32,0,26,99,99,0,0.0012,0.003
4686,ORPHA:324262,Autosomal recessive congenital cerebellar ataxia due to MGLUR1 deficiency,17,0,12,56,56,0,0.0012,0.004
4687,ORPHA:1442,Ring chromosome 18 syndrome,14,0,14,24,24,0,0.0012,0.004
4688,ORPHA:2769,"Familial osteodysplasia, Anderson type",31,0,17,196,196,0,0.0012,0.002
4689,ORPHA:1435,Xq21 microdeletion syndrome,36,0,25,135,135,0,0.0012,0.005
4690,ORPHA:2759,Imperforate oropharynx-costovertebral anomalies syndrome,27,0,19,68,68,0,0.0012,0.005
4691,ORPHA:2751,Orofaciodigital syndrome type 2,49,0,29,336,336,0,0.0012,0.009
4692,ORPHA:2744,Horizontal gaze palsy with progressive scoliosis,16,0,13,34,34,0,0.0012,0.002
4693,ORPHA:2743,Ophthalmoplegia-intellectual disability-lingua scrotalis syndrome,13,0,12,37,37,0,0.0012,0.004
4694,ORPHA:272,"Congenital muscular dystrophy, Fukuyama type",31,0,24,118,118,0,0.0012,0.004
4695,ORPHA:270,Oculopharyngeal muscular dystrophy,26,0,16,68,68,0,0.0012,0.028
4696,ORPHA:2855,Perrault syndrome,19,0,11,45,45,0,0.0012,0.004
4697,ORPHA:1528,Craniotelencephalic dysplasia,15,0,11,47,47,0,0.0012,0.002
4698,ORPHA:54247,Posterior cortical atrophy,21,0,10,162,162,0,0.0012,0.002
4699,ORPHA:267,Calpain-3-related limb-girdle muscular dystrophy R1,21,0,8,154,154,0,0.0012,0.01
4700,ORPHA:1517,Cantú syndrome,38,0,24,280,280,0,0.0012,0.003
4701,ORPHA:289494,4H leukodystrophy,32,0,25,181,181,0,0.0012,0.003
4702,ORPHA:280210,"Pelizaeus-Merzbacher disease, connatal form",27,1,19,125,125,0,0.0012,0.008
4703,ORPHA:227,Diphallia,29,0,14,182,182,0,0.0012,0.011
4704,ORPHA:2804,W syndrome,25,0,11,92,92,0,0.0012,0.002
4705,ORPHA:209967,Episodic ataxia type 6,14,0,11,42,42,0,0.0012,0.002
4706,ORPHA:98673,"Autosomal dominant optic atrophy, classic form",44,0,34,261,261,0,0.0012,0.028
4707,ORPHA:137834,Frank-Ter Haar syndrome,33,0,17,171,171,0,0.0012,0.003
4708,ORPHA:96061,Mosaic trisomy 8 syndrome,42,0,25,166,166,0,0.0012,0.002
4709,ORPHA:141083,Nasolacrimal duct cyst,25,0,10,72,72,0,0.0012,0.035
4710,ORPHA:423275,Spinocerebellar ataxia type 40,14,0,9,67,67,0,0.0012,0.002
4711,ORPHA:263410,Infantile spasms-psychomotor retardation-progressive brain atrophy-basal ganglia disease syndrome,25,0,15,213,213,0,0.0012,0.002
4712,ORPHA:158684,Epidermolysis bullosa simplex with pyloric atresia,29,0,17,117,117,0,0.0012,0.004
4713,ORPHA:2059,Fryns syndrome,51,0,28,205,205,0,0.0012,0.024
4714,ORPHA:99939,Autosomal dominant Charcot-Marie-Tooth disease type 2E,24,0,16,113,113,0,0.0012,0.003
4715,ORPHA:502434,STAG1-related intellectual disability-facial dysmorphism-gastroesophageal reflux syndrome,38,0,25,132,132,0,0.0012,0.024
4716,ORPHA:171673,Limbal stem cell deficiency,15,0,9,93,93,0,0.0012,0.002
4717,ORPHA:352490,Autism spectrum disorder due to AUTS2 deficiency,55,0,36,338,338,0,0.0012,0.005
4718,ORPHA:502423,Mitochondrial myopathy-cerebellar ataxia-pigmentary retinopathy syndrome,47,0,30,256,256,0,0.0012,0.004
4719,ORPHA:52430,Inclusion body myopathy with Paget disease of bone and frontotemporal dementia,43,0,29,277,277,0,0.0012,0.004
4720,ORPHA:171695,Parkinsonian-pyramidal syndrome,25,0,16,193,193,0,0.0012,0.002
4721,ORPHA:329224,Schuurs-Hoeijmakers syndrome,59,0,34,292,292,0,0.0012,0.023
4722,ORPHA:352403,Spectrin-associated autosomal recessive cerebellar ataxia,20,0,13,106,106,0,0.0012,0.004
4723,ORPHA:79493,Brooke-Spiegler syndrome,20,0,14,70,70,0,0.0012,0.006
4724,ORPHA:34587,Danon disease,32,0,23,93,93,0,0.0012,0.005
4725,ORPHA:488594,Autosomal recessive spastic paraplegia type 76,17,1,12,59,59,0,0.0012,0.002
4726,ORPHA:276238,Machado-Joseph disease type 1,34,0,24,269,269,0,0.0012,0.02
4727,ORPHA:2898,X-linked intellectual disability-plagiocephaly syndrome,14,0,8,36,36,0,0.0012,0.004
4728,ORPHA:276244,Machado-Joseph disease type 3,38,0,26,325,325,0,0.0012,0.02
4729,ORPHA:276241,Machado-Joseph disease type 2,34,0,24,269,269,0,0.0012,0.02
4730,ORPHA:1556,Cutis marmorata telangiectatica congenita,32,0,25,85,85,0,0.0012,0.003
4731,ORPHA:142,Anaplastic thyroid carcinoma,23,0,18,53,53,0,0.0012,0.011
4732,ORPHA:443804,Focal stiff limb syndrome,17,0,7,44,44,0,0.0012,0.002
4733,ORPHA:109,Bannayan-Riley-Ruvalcaba syndrome,55,0,44,279,279,0,0.0012,0.005
4734,ORPHA:104,Leber hereditary optic neuropathy,20,0,15,89,89,0,0.0012,0.01
4735,ORPHA:101,Dentatorubral pallidoluysian atrophy,26,0,21,237,237,0,0.0012,0.002
4736,ORPHA:89844,"Lissencephaly syndrome, Norman-Roberts type",35,1,17,165,165,0,0.0012,0.028
4737,ORPHA:994,Fetal akinesia deformation sequence,24,0,14,47,47,0,0.0012,0.002
4738,ORPHA:275864,Behavioral variant of frontotemporal dementia,40,0,19,741,741,0,0.0012,0.002
4739,ORPHA:163921,Posttransplant acute limbic encephalitis,23,0,17,195,195,0,0.0012,0.011
4740,ORPHA:3027,Caudal regression syndrome,28,0,22,72,72,0,0.0012,0.008
4741,ORPHA:59135,Laing distal myopathy,19,0,10,84,84,0,0.0012,0.011
4742,ORPHA:495818,9q33.3q34.11 microdeletion syndrome,53,0,28,326,326,0,0.0012,0.044
4743,ORPHA:3006,Pyridoxine-dependent-developmental and epileptic encephalopathy,35,0,24,262,262,0,0.0012,0.005
4744,ORPHA:98772,Spinocerebellar ataxia type 19/22,19,0,13,84,84,0,0.0012,0.002
4745,ORPHA:98773,Spinocerebellar ataxia type 21,15,0,10,58,58,0,0.0012,0.002
4746,ORPHA:1270,Bowen-Conradi syndrome,19,1,13,33,33,0,0.0012,0.002
4747,ORPHA:163971,"X-linked intellectual disability, Cilliers type",25,0,13,54,54,0,0.0012,0.003
4748,ORPHA:98758,Spinocerebellar ataxia type 6,19,0,10,93,93,0,0.0012,0.002
4749,ORPHA:98755,Spinocerebellar ataxia type 1,40,0,28,417,417,0,0.0012,0.002
4750,ORPHA:2554,Ear-patella-short stature syndrome,49,0,30,235,235,0,0.0012,0.004
4751,ORPHA:352530,Intellectual disability-obesity-brain malformations-facial dysmorphism syndrome,31,1,17,122,122,0,0.0012,0.053
4752,ORPHA:48431,Congenital cataracts-facial dysmorphism-neuropathy syndrome,32,0,25,138,138,0,0.0012,0.004
4753,ORPHA:2521,Microcephaly-cleft palate-abnormal retinal pigmentation syndrome,12,0,9,31,31,0,0.0012,0.004
4754,ORPHA:2522,Microcephaly-cervical spine fusion anomalies syndrome,26,0,19,89,89,0,0.0012,0.003
4755,ORPHA:500166,SIN3-related intellectual disability syndrome due to a point mutation,20,0,15,59,59,0,0.0012,0.003
4756,ORPHA:2508,Corpus callosum agenesis-abnormal genitalia syndrome,21,0,16,43,43,0,0.0012,0.003
4757,ORPHA:2617,"Microcephalic primordial dwarfism, Montreal type",30,0,20,104,104,0,0.0012,0.006
4758,ORPHA:33543,Kleine-Levin syndrome,35,0,15,408,408,0,0.0012,0.004
4759,ORPHA:324588,Familial dyskinesia and facial myokymia,14,0,10,49,49,0,0.0012,0.002
4760,ORPHA:88639,Neurodegeneration due to 3-hydroxyisobutyryl-CoA hydrolase deficiency,31,0,26,127,127,0,0.0012,0.003
4761,ORPHA:3080,"Intellectual disability, Wolff type",29,0,16,84,84,0,0.0012,0.004
4762,ORPHA:3071,Costello syndrome,55,0,39,240,240,0,0.0012,0.024
4763,ORPHA:178148,Antenatal multiminicore disease with arthrogryposis multiplex congenita,21,0,12,71,71,0,0.0012,0.002
4764,ORPHA:456328,X-linked myotubular myopathy-abnormal genitalia syndrome,15,0,8,28,28,0,0.0012,0.002
4765,ORPHA:949,Acrocraniofacial dysostosis,44,0,31,256,256,0,0.0012,0.003
4766,ORPHA:171436,Typical nemaline myopathy,39,0,22,387,387,0,0.0012,0.002
4767,ORPHA:98810,Paroxysmal non-kinesigenic dyskinesia,15,0,10,46,46,0,0.0012,0.002
4768,ORPHA:227510,"Multiple system atrophy, cerebellar type",35,0,15,308,308,0,0.0012,0.023
4769,ORPHA:300605,Juvenile amyotrophic lateral sclerosis,46,0,29,558,558,0,0.0012,0.024
4770,ORPHA:171442,Adult-onset nemaline myopathy,28,0,15,105,105,0,0.0012,0.024
4771,ORPHA:306741,Hemidystonia-hemiatrophy syndrome,15,0,11,46,46,0,0.0012,0.002
4772,ORPHA:1368,Cataract-ataxia-deafness syndrome,13,0,10,19,19,0,0.0012,0.002
4773,ORPHA:352641,Autosomal recessive cerebellar ataxia with late-onset spasticity,24,0,17,144,144,0,0.0012,0.003
4774,ORPHA:544488,Global developmental delay-alopecia-macrocephaly-facial dysmorphism-structural brain anomalies syndrome,56,0,28,351,351,0,0.0012,0.033
4775,ORPHA:50810,Microlissencephaly-micromelia syndrome,25,0,17,62,62,0,0.0012,0.003
4776,ORPHA:91350,Pituitary deficiency due to Rathke cleft cysts,24,0,9,149,149,0,0.0012,0.003
4777,ORPHA:1349,Mitochondrial DNA-related cardiomyopathy and hearing loss,30,0,25,73,73,0,0.0012,0.002
4778,ORPHA:98808,Autosomal dominant dopa-responsive dystonia,33,0,23,209,209,0,0.0012,0.002
4779,ORPHA:86812,POMT1-related limb-girdle muscular dystrophy R11,32,0,19,202,202,0,0.0012,0.01
4780,ORPHA:1314,Symmetrical thalamic calcifications,16,0,14,40,40,0,0.0012,0.002
4781,ORPHA:1300,Autosomal dominant popliteal pterygium syndrome,24,0,14,79,79,0,0.0012,0.002
4782,ORPHA:157946,Huntington disease-like 3,22,0,16,156,156,0,0.0012,0.002
4783,ORPHA:157941,Huntington disease-like 1,44,0,33,546,546,0,0.0012,0.003
4784,ORPHA:217253,NMDA receptor encephalitis,53,0,35,807,807,0,0.0012,0.026
4785,ORPHA:65285,Lhermitte-Duclos disease,18,0,14,40,40,0,0.0012,0.002
4786,ORPHA:65287,Beta-ureidopropionase deficiency,16,0,10,47,47,0,0.0012,0.005
4787,ORPHA:1816,Leukomelanoderma-infantilism-intellectual disability-hypodontia-hypotrichosis syndrome,16,0,11,28,28,0,0.0012,0.008
4788,ORPHA:77258,Trichorhinophalangeal syndrome type 1,29,0,19,155,155,0,0.0012,0.002
4789,ORPHA:284979,Neonatal Marfan syndrome,43,0,22,140,140,0,0.0012,0.003
4790,ORPHA:206594,Subacute inflammatory demyelinating polyneuropathy,40,0,25,345,345,0,0.0012,0.037
4791,ORPHA:752,"46,XY difference of sex development due to 17-beta-hydroxysteroid dehydrogenase 3 deficiency",12,0,6,36,36,0,0.0012,0.002
4792,ORPHA:589618,Dystonia 28,26,0,16,145,145,0,0.0012,0.005
4793,ORPHA:166035,Brachydactyly-short stature-retinitis pigmentosa syndrome,46,0,34,147,147,0,0.0012,0.005
4794,ORPHA:715025,Spinal fast-flow vascular malformation,33,0,21,170,170,0,0.0012,0.013
4795,ORPHA:99429,Complete androgen insensitivity syndrome,25,0,10,84,84,0,0.0012,0.003
4796,ORPHA:98964,Lattice corneal dystrophy type I,17,0,7,136,136,0,0.0012,0.002
4797,ORPHA:93262,Crouzon syndrome-acanthosis nigricans syndrome,28,0,21,93,93,0,0.0012,0.004
4798,ORPHA:93260,Pfeiffer syndrome type 3,36,0,19,96,96,0,0.0012,0.002
4799,ORPHA:93256,Fragile X-associated tremor/ataxia syndrome,37,0,24,334,334,0,0.0012,0.025
4800,ORPHA:2386,Leukoencephalopathy-palmoplantar keratoderma syndrome,16,0,13,60,60,0,0.0012,0.002
4801,ORPHA:838,Susac syndrome,23,0,19,98,98,0,0.0012,0.002
4802,ORPHA:64734,Iridocorneal endothelial syndrome,16,0,6,120,120,0,0.0012,0.002
4803,ORPHA:2324,Osteopenia-intellectual disability-sparse hair syndrome,22,0,10,57,57,0,0.0012,0.002
4804,ORPHA:2318,Joubert syndrome with oculorenal defect,37,0,28,137,137,0,0.0012,0.005
4805,ORPHA:2315,Johanson-Blizzard syndrome,36,0,29,70,70,0,0.0012,0.006
4806,ORPHA:2306,Isotretinoin-like syndrome,28,0,19,77,77,0,0.0012,0.024
4807,ORPHA:70595,Sensory ataxic neuropathy-dysarthria-ophthalmoparesis syndrome,31,0,20,154,154,0,0.0012,0.021
4808,ORPHA:98915,Synaptic congenital myasthenic syndrome,54,0,33,359,359,0,0.0012,0.024
4809,ORPHA:59315,Isolated rhombencephalosynapsis,30,0,18,87,87,0,0.0012,0.003
4810,ORPHA:397612,Macrocephaly-developmental delay syndrome,26,0,15,116,116,0,0.0012,0.026
4811,ORPHA:411515,Angelman syndrome due to imprinting defect in 15q11-q13,27,0,16,149,149,0,0.0012,0.002
4812,ORPHA:506353,Autosomal recessive complex spastic paraplegia due to Kennedy pathway dysfunction,22,0,12,108,108,0,0.0012,0.004
4813,ORPHA:309169,"Sandhoff disease, adult form",19,0,16,89,89,0,0.0012,0.002
4814,ORPHA:69745,Warty dyskeratoma,19,0,12,59,59,0,0.0012,0.008
4815,ORPHA:439218,KCNQ2-related developmental and epileptic encephalopathy,22,0,14,137,137,0,0.0012,0.004
4816,ORPHA:251046,6p22 microdeletion syndrome,21,0,15,30,30,0,0.0012,0.003
4817,ORPHA:453521,Autosomal recessive cerebellar ataxia due to CWF19L1 deficiency,24,0,13,161,161,0,0.0012,0.004
4818,ORPHA:100071,Mosaic trisomy 3 syndrome,23,0,16,20,20,0,0.0012,0.002
4819,ORPHA:1919,Phenobarbital embryopathy,16,0,12,26,26,0,0.0012,0.004
4820,ORPHA:320365,Autosomal dominant spastic paraplegia type 36,18,0,9,68,68,0,0.0012,0.004
4821,ORPHA:75565,Tropical endomyocardial fibrosis,48,0,24,518,518,0,0.0012,0.043
4822,ORPHA:1908,Aminopterin/methotrexate embryofetopathy,33,0,26,114,114,0,0.0012,0.003
4823,ORPHA:654,Nephroblastoma,27,0,17,69,69,0,0.0012,0.009
4824,ORPHA:28378,Tyrosinemia type 2,17,0,13,41,41,0,0.0012,0.002
4825,ORPHA:684,Paramyotonia congenita of Von Eulenburg,19,0,8,80,80,0,0.0012,0.028
4826,ORPHA:683,Progressive supranuclear palsy,32,0,21,291,291,0,0.0012,0.002
4827,ORPHA:261272,17q12 microduplication syndrome,17,0,13,22,22,0,0.0012,0.005
4828,ORPHA:622,Homocystinuria without methylmalonic aciduria,30,0,23,112,112,0,0.0012,0.004
4829,ORPHA:168572,Native American myopathy,34,0,25,113,113,0,0.0012,0.024
4830,ORPHA:53351,X-linked dystonia-parkinsonism,19,0,8,108,108,0,0.0012,0.002
4831,ORPHA:644,NARP syndrome,27,0,21,134,134,0,0.0012,0.004
4832,ORPHA:276608,Non-insulinoma pancreatogenous hypoglycemia syndrome,21,0,14,49,49,0,0.0012,0.003
4833,ORPHA:1185,Spinocerebellar ataxia-dysmorphism syndrome,26,0,18,73,73,0,0.0012,0.002
4834,ORPHA:562528,Congenital limbs-face contractures-hypotonia-developmental delay syndrome,50,1,31,312,312,0,0.0012,0.024
4835,ORPHA:1170,Autosomal recessive cerebelloparenchymal disorder type 3,29,0,21,219,219,0,0.0012,0.005
4836,ORPHA:1175,X-linked progressive cerebellar ataxia,26,0,12,172,172,0,0.0012,0.008
4837,ORPHA:715,Glycogen storage disease due to muscle phosphorylase kinase deficiency,16,0,11,38,38,0,0.0012,0.002
4838,ORPHA:710,Pfeiffer syndrome,22,0,14,116,116,0,0.0012,0.002
4839,ORPHA:284289,Adult-onset autosomal recessive cerebellar ataxia,28,0,16,146,146,0,0.0012,0.002
4840,ORPHA:2479,Megalocornea-intellectual disability syndrome,41,0,27,183,183,0,0.0012,0.008
4841,ORPHA:2478,Megalencephalic leukoencephalopathy with subcortical cysts,18,0,12,137,137,0,0.0012,0.002
4842,ORPHA:2473,McKusick-Kaufman syndrome,28,0,21,61,61,0,0.0012,0.004
4843,ORPHA:100994,Autosomal dominant spastic paraplegia type 13,16,0,12,39,39,0,0.0012,0.002
4844,ORPHA:2460,Van den Ende-Gupta syndrome,38,0,16,271,271,0,0.0012,0.002
4845,ORPHA:100996,Kjellin syndrome,38,0,31,339,339,0,0.0012,0.01
4846,ORPHA:2463,Marfanoid habitus-autosomal recessive intellectual disability syndrome,43,0,20,254,254,0,0.0012,0.002
4847,ORPHA:100973,FRAXE intellectual disability,21,0,14,74,74,0,0.0012,0.005
4848,ORPHA:439167,Placental insufficiency,16,0,12,14,14,0,0.0012,0.003
4849,ORPHA:67045,X-linked intellectual disability with isolated growth hormone deficiency,14,0,8,35,35,0,0.0012,0.004
4850,ORPHA:67046,3-methylglutaconic aciduria type 1,13,0,10,37,37,0,0.0012,0.002
4851,ORPHA:411602,Hereditary late-onset Parkinson disease,34,0,17,333,333,0,0.0012,0.024
4852,ORPHA:2965,Prolactinoma,50,0,26,290,290,0,0.0012,0.003
4853,ORPHA:314632,CLN12 disease,18,0,11,92,92,0,0.0012,0.002
4854,ORPHA:271861,Hereditary ATTR amyloidosis,43,1,22,148,148,0,0.0012,0.025
4855,ORPHA:208999,Paraneoplastic sensory ganglionopathy,20,0,8,89,89,0,0.0012,0.002
4856,ORPHA:254881,Spinocerebellar ataxia with epilepsy,28,0,21,164,164,0,0.0012,0.002
4857,ORPHA:569,Familial or sporadic hemiplegic migraine,51,0,28,637,637,0,0.0012,0.002
4858,ORPHA:561,Marshall-Smith syndrome,29,0,19,84,84,0,0.0012,0.002
4859,ORPHA:391641,Feingold syndrome type 1,35,0,24,100,100,0,0.0012,0.004
4860,ORPHA:508,Donohue syndrome,47,0,25,105,105,0,0.0012,0.004
4861,ORPHA:502,Trichorhinophalangeal syndrome type 2,38,1,25,190,190,0,0.0012,0.002
4862,ORPHA:284324,Childhood-onset autosomal recessive slowly progressive spinocerebellar ataxia,20,0,11,115,115,0,0.0012,0.002
4863,ORPHA:2075,Genitopalatocardiac syndrome,25,0,18,54,54,0,0.0012,0.011
4864,ORPHA:2072,Gaucher disease-ophthalmoplegia-cardiovascular calcification syndrome,57,0,43,269,269,0,0.0012,0.009
4865,ORPHA:521411,Autosomal recessive axonal Charcot-Marie-Tooth disease due to copper metabolism defect,19,0,13,55,55,0,0.0012,0.002
4866,ORPHA:284332,Infantile-onset autosomal recessive nonprogressive cerebellar ataxia,18,0,11,106,106,0,0.0012,0.002
4867,ORPHA:2166,Holoprosencephaly-postaxial polydactyly syndrome,36,0,25,92,92,0,0.0012,0.004
4868,ORPHA:2148,Lissencephaly type 1 due to doublecortin gene mutation,30,0,19,307,307,0,0.0012,0.027
4869,ORPHA:2145,"Craniosynostosis, Herrmann-Opitz type",24,0,17,74,74,0,0.0012,0.003
4870,ORPHA:3474,CHIME syndrome,48,0,35,160,160,0,0.0012,0.003
4871,ORPHA:2138,"46,XX ovotesticular difference of sex development",14,0,10,91,91,0,0.0012,0.002
4872,ORPHA:478029,Combined oxidative phosphorylation defect type 29,22,0,11,103,103,0,0.0012,0.025
4873,ORPHA:3459,Wilson-Turner syndrome,25,0,12,54,54,0,0.0012,0.004
4874,ORPHA:221074,Marchiafava-Bignami disease,50,1,38,716,716,0,0.0012,0.003
4875,ORPHA:447753,Autosomal dominant spastic paraplegia type 9A,34,0,19,224,224,0,0.0012,0.002
4876,ORPHA:3439,Von Voss-Cherstvoy syndrome,23,0,19,60,60,0,0.0012,0.005
4877,ORPHA:2101,Grubben-de Cock-Borghgraef syndrome,15,0,9,21,21,0,0.0012,0.002
4878,ORPHA:238722,Familial congenital mirror movements,14,0,7,56,56,0,0.0012,0.004
4879,ORPHA:325345,"46,XY ovotesticular difference of sex development",19,0,8,136,136,0,0.0012,0.001
4880,ORPHA:488232,Split-foot malformation-mesoaxial polydactyly syndrome,13,0,8,55,55,0,0.0012,0.002
4881,ORPHA:1675,Dihydropyrimidine dehydrogenase deficiency,55,0,31,371,371,0,0.0012,0.008
4882,ORPHA:363623,GMPPB-related limb-girdle muscular dystrophy R19,25,1,20,111,111,0,0.0012,0.004
4883,ORPHA:485350,CLCN4-related X-linked intellectual disability syndrome,45,0,30,527,527,0,0.0012,0.024
4884,ORPHA:289266,Early-onset epileptic encephalopathy and intellectual disability due to GRIN2A mutation,29,0,15,191,191,0,0.0012,0.004
4885,ORPHA:85194,Spondylo-ocular syndrome,31,0,22,98,98,0,0.0012,0.002
4886,ORPHA:505237,Early-onset seizures-distal limb anomalies-facial dysmorphism-global developmental delay syndrome,53,0,34,358,358,0,0.0012,0.004
4887,ORPHA:1711,Mosaic trisomy 17 syndrome,20,0,15,44,44,0,0.0012,0.005
4888,ORPHA:438134,PCNA-related progressive neurodegenerative photosensitivity syndrome,16,0,12,34,34,0,0.0012,0.004
4889,ORPHA:478,Kallmann syndrome,44,0,35,144,144,0,0.0012,0.003
4890,ORPHA:432,Normosmic congenital hypogonadotropic hypogonadism,38,0,15,131,131,0,0.0012,0.003
4891,ORPHA:457260,X-linked intellectual disability-hypotonia-movement disorder syndrome,23,0,22,91,91,0,0.0012,0.004
4892,ORPHA:452,X-linked lissencephaly with abnormal genitalia,20,0,18,50,50,0,0.0012,0.004
4893,ORPHA:240112,Progressive supranuclear palsy-progressive non-fluent aphasia syndrome,21,0,8,190,190,0,0.0012,0.002
4894,ORPHA:280071,ALG11-CDG,40,0,28,183,183,0,0.0012,0.004
4895,ORPHA:2199,Epidermolytic palmoplantar keratoderma,15,0,11,55,55,0,0.0012,0.002
4896,ORPHA:369847,Intellectual disability-hyperkinetic movement-truncal ataxia syndrome,20,0,13,46,46,0,0.0012,0.004
4897,ORPHA:457284,Houge-Janssens syndrome type 2,38,0,25,172,172,0,0.0012,0.004
4898,ORPHA:521390,Spastic paraplegia-intellectual disability-nystagmus-obesity syndrome,14,0,9,23,23,0,0.0012,0.005
4899,ORPHA:2256,Fibulo-ulnar hypoplasia-renal anomalies syndrome,22,0,13,42,42,0,0.0012,0.002
4900,ORPHA:238624,Idiopathic intracranial hypertension,21,0,13,53,53,0,0.0012,0.002
4901,ORPHA:2228,Hypodontia-dysplasia of nails syndrome,16,0,9,49,49,0,0.0012,0.003
4902,ORPHA:210272,Mal de débarquement,15,0,10,25,25,0,0.0012,0.002
4903,ORPHA:255182,Pyruvate dehydrogenase E3-binding protein deficiency,23,1,18,152,152,0,0.0012,0.004
4904,ORPHA:477673,Postnatal microcephaly-infantile hypotonia-spastic diplegia-dysarthria-intellectual disability syndrome,22,0,14,110,110,0,0.0012,0.005
4905,ORPHA:370022,Ataxia-intellectual disability-oculomotor apraxia-cerebellar cysts syndrome,22,0,16,106,106,0,0.0012,0.006
4906,OMIM:614116,"Neuropathy, hereditary sensory, type IE",16,0,12,68,68,0,0.0011,0.01
4907,OMIM:301075,"Myopathy, distal, 7, adult-onset, X-linked",15,0,8,56,56,0,0.0011,0.01
4908,OMIM:602562,Mandibulofacial dysostosis with macroblepharon and macrostomia,24,0,9,148,148,0,0.0011,0.036
4909,OMIM:253280,"Muscular dystrophy-dystroglycanopathy (congenital with brain and eye anomalies), type A, 3",49,0,31,390,390,0,0.0011,0.004
4910,OMIM:607432,Lissencephaly 1,16,0,11,107,107,0,0.0011,0.004
4911,OMIM:617190,Shashi-Pena syndrome,44,0,27,157,157,0,0.0011,0.005
4912,OMIM:311070,"Charcot-Marie-Tooth disease, X-linked recessive, 5",16,0,12,27,27,0,0.0011,0.003
4913,OMIM:621436,"Microcephaly, progressive, with simplified gyral pattern and cerebellar hypoplasia",52,0,32,383,383,0,0.0011,0.024
4914,OMIM:619036,"Myopathy, epilepsy, and progressive cerebral atrophy",23,0,9,57,57,0,0.0011,0.002
4915,OMIM:616339,"Epileptic encephalopathy, early infantile, 29",20,1,15,90,90,0,0.0011,0.002
4916,OMIM:617755,Neurodevelopmental disorder with dysmorphic facies and distal limb anomalies,27,0,16,112,112,0,0.0011,0.005
4917,OMIM:619208,Olmsted syndrome 2,12,0,9,45,45,0,0.0011,0.003
4918,OMIM:601321,Neurofibromatosis-Noonan syndrome,37,0,16,150,150,0,0.0011,0.007
4919,OMIM:613730,"Hemorrhagic destruction of the brain, subependymal calcification,and cataracts",15,0,14,27,27,0,0.0011,0.002
4920,OMIM:617542,"Gaze palsy, familial horizontal, with progressive scoliosis, 2",19,0,13,121,121,0,0.0011,0.005
4921,OMIM:618659,Neurodevelopmental disorder with dysmorphic facies and distal skeletal anomalies,59,0,36,317,317,0,0.0011,0.005
4922,OMIM:617026,"Pontocerebellar hypoplasia, type 2F",20,0,15,155,155,0,0.0011,0.005
4923,OMIM:617768,Kleefstra syndrome 2,18,0,14,56,56,0,0.0011,0.005
4924,OMIM:610832,"Fanconi anemia, complementation group N",25,0,13,35,35,0,0.0011,0.002
4925,OMIM:614498,"Rigidity and multifocal seizure syndrome, lethal neonatal",31,0,21,182,182,0,0.0011,0.004
4926,OMIM:600348,Band heterotopia,17,0,13,108,108,0,0.0011,0.004
4927,OMIM:611523,"Pontocerebellar hypoplasia, type 6",38,0,22,252,252,0,0.0011,0.024
4928,OMIM:619143,Cardioacrofacial dysplasia 2,25,0,10,103,103,0,0.0011,0.002
4929,OMIM:611721,Combined saposin deficiency,15,0,11,39,39,0,0.0011,0.004
4930,OMIM:270100,"Heterotaxy, visceral, 5",30,0,19,160,160,0,0.0011,0.007
4931,OMIM:619425,Mitochondrial DNA depletion syndrome 16B (neuroophthalmic type),13,0,10,32,32,0,0.0011,0.002
4932,OMIM:620501,Ziegler-Huang syndrome,15,0,7,24,24,0,0.0011,0.003
4933,OMIM:619196,"Deafness, congenital, and adult-onset progressive leukoencephalopathy",16,0,14,58,58,0,0.0011,0.002
4934,OMIM:608931,"Myasthenic syndrome, congenital, 4C, associated with acetylcholine receptor deficiency",27,0,17,122,122,0,0.0011,0.028
4935,OMIM:300977,Scholte syndrome,19,0,7,53,53,0,0.0011,0.002
4936,OMIM:248700,Marden-Walker syndrome,49,0,30,271,271,0,0.0011,0.01
4937,OMIM:602398,Desmosterolosis,48,0,27,279,279,0,0.0011,0.008
4938,OMIM:606854,"Polymicrogyria, bilateral frontoparietal",21,0,15,124,124,0,0.0011,0.004
4939,OMIM:256700,"Neuroblastoma, susceptibility to",24,0,18,42,42,0,0.0011,0.004
4940,OMIM:614920,Peroxisome biogenesis disorder 14B,20,0,14,48,48,0,0.0011,0.002
4941,OMIM:618672,"Intellectual developmental disorder with speech delay, autism, and dysmorphic facies",40,0,19,199,199,0,0.0011,0.005
4942,OMIM:614074,Hermansky-Pudlak syndrome 5,16,0,6,44,44,0,0.0011,0.002
4943,OMIM:610992,Phosphoserine aminotransferase deficiency,13,0,8,27,27,0,0.0011,0.002
4944,OMIM:616449,Basel-Vanagaite-Smirin-Yosef syndrome,46,0,30,161,161,0,0.0011,0.023
4945,OMIM:229300,Friedreich ataxia 1,26,0,20,91,91,0,0.0011,0.002
4946,OMIM:618504,"Intellectual developmental disorder, autosomal recessive 71",17,0,9,22,22,0,0.0011,0.004
4947,OMIM:224750,Schopf-Schulz-Passarge syndrome,20,0,11,123,123,0,0.0011,0.002
4948,OMIM:600363,"Spastic paraplegia 6, autosomal dominant",15,0,10,52,52,0,0.0011,0.002
4949,OMIM:146390,Chromosome 18p deletion syndrome,32,0,17,103,103,0,0.0011,0.005
4950,OMIM:613647,"Spastic paraplegia 48, autosomal recessive",21,0,18,157,157,0,0.0011,0.004
4951,OMIM:619420,Martsolf syndrome 2,19,0,11,48,48,0,0.0011,0.004
4952,OMIM:611929,"Camptodactyly syndrome, Guadalajara, type III",23,0,12,94,94,0,0.0011,0.004
4953,OMIM:618272,"Global developmental delay, lung cysts, overgrowth, and wilms tumor",21,0,6,57,57,0,0.0011,0.003
4954,OMIM:615030,"Spastic paraplegia 56, autosomal recessive",15,0,11,105,105,0,0.0011,0.005
4955,OMIM:618500,Holoprosencephaly 12 with or without pancreatic agenesis,35,0,19,106,106,0,0.0011,0.008
4956,OMIM:609425,Chromosome 3q29 deletion syndrome,25,0,14,79,79,0,0.0011,0.004
4957,OMIM:616505,"Neuropathy, hereditary motor and sensory, type VIB",40,0,27,215,215,0,0.0011,0.003
4958,OMIM:617169,"Intellectual developmental disorder, autosomal recessive 74",16,0,9,53,53,0,0.0011,0.005
4959,OMIM:616277,Mitochondrial short-chain enoyl-coa hydratase 1 deficiency,24,0,16,51,51,0,0.0011,0.002
4960,OMIM:164280,Feingold syndrome 1,45,0,22,241,241,0,0.0011,0.011
4961,OMIM:616459,Al-Raqad syndrome,22,0,11,56,56,0,0.0011,0.002
4962,OMIM:606851,Cree impaired intellectual development syndrome,21,1,13,47,47,0,0.0011,0.004
4963,OMIM:620666,"Spastic ataxia 10, autosomal recessive",21,0,13,174,174,0,0.0011,0.002
4964,OMIM:615352,"Muscular dystrophy-dystroglycanopathy (limb-girdle), type C, 14",15,0,13,22,22,0,0.0011,0.004
4965,OMIM:122000,"Corneal dystrophy, posterior polymorphous, 1",13,0,5,78,78,0,0.0011,0.002
4966,OMIM:301107,"Intellectual developmental disorder, X-linked 111",22,0,17,191,191,0,0.0011,0.005
4967,OMIM:300219,Myotubular myopathy with abnormal genital development,22,0,13,52,52,0,0.0011,0.002
4968,OMIM:616840,"Parkinson disease 23, early onset",27,0,17,277,277,0,0.0011,0.002
4969,OMIM:620316,"Cortical dysplasia, complex, with other brain malformations 12",26,0,17,89,89,0,0.0011,0.004
4970,OMIM:618688,"Leukodystrophy, hypomyelinating, 19, transient infantile",15,0,9,40,40,0,0.0011,0.004
4971,OMIM:620317,"Neurodevelopmental disorder with microcephaly and speech delay, with or without brain abnormalities",24,0,14,153,153,0,0.0011,0.005
4972,OMIM:244300,Kapur-Toriello syndrome,36,0,23,84,84,0,0.0011,0.004
4973,OMIM:621021,Intellectual developmental disorder with polymicrogyria and seizures,35,0,23,277,277,0,0.0011,0.008
4974,OMIM:270700,"Spastic paraplegia 15, autosomal recessive",27,0,21,127,127,0,0.0011,0.004
4975,OMIM:618677,"Cortical dysplasia, complex, with other brain malformations 10",21,0,14,174,174,0,0.0011,0.004
4976,OMIM:620115,Developmental and epileptic encephalopathy 108,13,0,12,78,78,0,0.0011,0.002
4977,OMIM:614298,Neurodegeneration with brain iron accumulation 4,35,0,23,386,386,0,0.0011,0.003
4978,OMIM:614501,"Psychomotor retardation, epilepsy, and craniofacial dysmorphism",30,0,18,81,81,0,0.0011,0.004
4979,OMIM:612951,"Leukoencephalopathy, cystic, without megalencephaly",18,0,15,106,106,0,0.0011,0.002
4980,OMIM:618273,Mega-corpus-callosum syndrome with cerebellar hypoplasia and cortical malformations,17,0,12,105,105,0,0.0011,0.004
4981,OMIM:619435,Ritscher-Schinzel syndrome 4,51,0,28,313,313,0,0.0011,0.003
4982,OMIM:618065,"Pontocerebellar hypoplasia, type 1D",43,0,27,197,197,0,0.0011,0.024
4983,OMIM:102500,Hajdu-Cheney syndrome,58,0,29,510,510,0,0.0011,0.008
4984,OMIM:618067,"Epileptic encephalopathy, early infantile, 66",45,0,31,267,267,0,0.0011,0.005
4985,OMIM:118200,"Charcot-Marie-Tooth disease, type 1B",22,0,12,92,92,0,0.0011,0.003
4986,OMIM:614846,Tetrasomy 15q26,20,0,10,31,31,0,0.0011,0.002
4987,OMIM:621382,Neurodevelopmental disorder with behavioral abnormalities and childhood onset spastic paraplegia,34,0,22,169,169,0,0.0011,0.005
4988,OMIM:619621,"Spastic paraplegia 84, autosomal recessive",22,0,10,96,96,0,0.0011,0.01
4989,OMIM:619806,Spinocerebellar ataxia 49,16,0,11,69,69,0,0.0011,0.002
4990,OMIM:221820,"Leukoencephalopathy, diffuse hereditary, with spheroids",30,0,21,407,407,0,0.0011,0.003
4991,OMIM:620711,"Leukoencephalopathy, porphyria-related",14,0,11,48,48,0,0.0011,0.002
4992,OMIM:607225,"Spastic paralysis, infantile-onset ascending",20,0,13,67,67,0,0.0011,0.002
4993,OMIM:610003,"Ceroid lipofuscinosis, neuronal, 8, northern epilepsy variant",12,0,9,55,55,0,0.0011,0.002
4994,OMIM:617977,Neurodevelopmental disorder with spastic quadriplegia and brain abnormalities with or without seizures,20,0,15,113,113,0,0.0011,0.004
4995,OMIM:614073,Hermansky-Pudlak syndrome 4,12,0,5,18,18,0,0.0011,0.002
4996,OMIM:251900,"Mitochondrial myopathy, episodic, with optic atrophy and reversible leukoencephalopathy",37,0,30,124,124,0,0.0011,0.002
4997,OMIM:614098,Keppen-Lubinsky syndrome,34,0,17,147,147,0,0.0011,0.004
4998,OMIM:620314,"Leukoencephalopathy with vanishing white matter 4, with or without ovarian failure",12,0,7,37,37,0,0.0011,0.003
4999,OMIM:614066,"Spastic paraplegia 47, autosomal recessive",35,0,21,220,220,0,0.0011,0.004
5000,OMIM:618890,Neurodevelopmental disorder and structural brain anomalies with or without seizures and spasticity,19,0,12,85,85,0,0.0011,0.003
5001,OMIM:615350,"Muscular dystrophy-dystroglycanopathy (congenital with brain and eye anomalies), type A, 14",22,0,17,59,59,0,0.0011,0.004
5002,OMIM:619797,Neurodevelopmental disorder with central hypotonia and dysmorphic facies,34,0,24,102,102,0,0.0011,0.002
5003,OMIM:620658,"Amyloidosis, hereditary systemic 5",13,0,8,23,23,0,0.0011,0.005
5004,OMIM:615191,Lissencephaly 5,23,0,17,159,159,0,0.0011,0.005
5005,OMIM:268400,Rothmund-Thomson syndrome,55,0,37,340,340,0,0.0011,0.004
5006,OMIM:617802,"Neurodevelopmental disorder with microcephaly, seizures, and cortical atrophy",39,0,23,232,232,0,0.0011,0.011
5007,OMIM:620704,"Encephalopathy, porphyria-related",28,0,14,72,72,0,0.0011,0.002
5008,OMIM:615768,"Spinocerebellar ataxia, autosomal recessive 16",15,0,12,67,67,0,0.0011,0.002
5009,OMIM:607152,"Spastic paraplegia 19, autosomal dominant",12,0,7,35,35,0,0.0011,0.002
5010,OMIM:614175,"Meckel syndrome, type 10",24,0,15,72,72,0,0.0011,0.002
5011,OMIM:619451,"Cutis laxa, autosomal recessive, type IIE",33,0,19,192,192,0,0.0011,0.004
5012,OMIM:613154,"Muscular dystrophy-dystroglycanopathy (congenital with brain and eye anomalies), type A, 6",26,1,13,94,94,0,0.0011,0.004
5013,OMIM:616038,Neu-Laxova syndrome 2,27,1,17,60,60,0,0.0011,0.002
5014,OMIM:618798,Beck-Fahrner syndrome,38,0,25,201,201,0,0.0011,0.008
5015,OMIM:619121,"Neurodevelopmental disorder with cardiomyopathy, spasticity, and brain abnormalities",38,0,19,275,275,0,0.0011,0.004
5016,OMIM:609454,"Supranuclear palsy, progressive, 2",26,0,10,238,238,0,0.0011,0.002
5017,OMIM:618559,"Epileptic encephalopathy, early infantile, 79",17,0,13,122,122,0,0.0011,0.004
5018,OMIM:610688,Joubert syndrome 6,21,0,12,74,74,0,0.0011,0.009
5019,OMIM:143100,Huntington disease,13,0,9,55,55,0,0.0011,0.002
5020,OMIM:614559,Infantile cerebellar-retinal degeneration,23,0,20,114,114,0,0.0011,0.005
5021,OMIM:609285,Congenital myopathy 23,43,0,24,327,327,0,0.0011,0.027
5022,OMIM:611390,"Spastic ataxia 3, autosomal recessive",19,0,15,93,93,0,0.0011,0.002
5023,OMIM:213200,"Spinocerebellar ataxia, autosomal recessive 2",26,0,22,177,177,0,0.0011,0.005
5024,OMIM:301163,"Cardiomyopathy, dilated, 3C",47,0,18,513,513,0,0.0011,0.011
5025,OMIM:619518,"Muscular dystrophy, congenital hearing loss, and ovarian insufficiency syndrome",19,0,11,15,15,0,0.0011,0.002
5026,OMIM:604213,Chudley-Mccullough syndrome,15,0,10,78,78,0,0.0011,0.004
5027,OMIM:618404,"Leukodystrophy, hypomyelinating, 18",25,0,19,181,181,0,0.0011,0.002
5028,OMIM:618362,Coffin-Siris syndrome 8,27,0,20,83,83,0,0.0011,0.005
5029,OMIM:619054,"Mitochondrial complex IV deficiency, nuclear type 11",18,0,10,67,67,0,0.0011,0.002
5030,OMIM:615108,Cowden syndrome 5,34,0,26,79,79,0,0.0011,0.003
5031,OMIM:608978,Meacham syndrome,28,0,13,161,161,0,0.0011,0.005
5032,OMIM:615281,Hypomyelination with brainstem and spinal cord involvement and legspasticity,19,1,11,110,110,0,0.0011,0.004
5033,OMIM:104100,Palmoplantar keratoderma with congenital alopecia,12,0,8,66,66,0,0.0011,0.002
5034,OMIM:613155,"Muscular dystrophy-dystroglycanopathy (congenital with impaired intellectual development), type B, 1",25,0,19,105,105,0,0.0011,0.004
5035,OMIM:312080,Pelizaeus-Merzbacher disease,46,0,28,609,609,0,0.0011,0.005
5036,OMIM:617319,Anterior segment dysgenesis 8,12,0,4,66,66,0,0.0011,0.002
5037,OMIM:602099,"Amyotrophic lateral sclerosis 5, juvenile",16,0,12,72,72,0,0.0011,0.003
5038,OMIM:611556,"Glycogen storage disease 0, muscle",31,0,16,124,124,0,0.0011,0.006
5039,OMIM:618572,Neurodevelopmental disorder with cerebellar hypoplasia and spasticity,13,0,8,32,32,0,0.0011,0.002
5040,OMIM:615042,"Congenital disorder of glycosylation, type Iu",26,0,20,60,60,0,0.0011,0.002
5041,OMIM:614228,"Charcot-marie-tooth disease, axonal, type 2O",12,0,9,24,24,0,0.0011,0.002
5042,OMIM:618374,"Epileptic encephalopathy, early infantile, 72",18,0,8,94,94,0,0.0011,0.002
5043,OMIM:603218,Huntington disease-like 1,16,0,11,105,105,0,0.0011,0.003
5044,OMIM:617537,Rahman syndrome,23,0,19,38,38,0,0.0011,0.004
5045,OMIM:615491,"Spastic paraplegia 79, autosomal recessive",37,0,28,327,327,0,0.0011,0.002
5046,OMIM:616198,Combined oxidative phosphorylation deficiency 23,16,0,12,15,15,0,0.0011,0.002
5047,OMIM:136760,Frontonasal dysplasia 1,34,0,19,197,197,0,0.0011,0.003
5048,OMIM:208150,Fetal akinesia deformation sequence,49,1,25,239,239,0,0.0011,0.006
5049,OMIM:619527,"Pontocerebellar hypoplasia, type 16",24,1,18,82,82,0,0.0011,0.002
5050,OMIM:300068,Androgen insensitivity syndrome,13,0,4,10,10,0,0.0011,0.001
5051,OMIM:615686,"Spastic paraplegia 63, autosomal recessive",14,0,10,60,60,0,0.0011,0.004
5052,OMIM:600512,"Epilepsy, familial temporal lobe, 1",15,0,13,105,105,0,0.0011,0.001
5053,OMIM:621457,Intellectual development disorder with seizures and dysmorphic facies ,26,0,10,102,102,0,0.0011,0.004
5054,OMIM:619686,"Spastic paraplegia 85, autosomal recessive",20,0,16,115,115,0,0.0011,0.002
5055,OMIM:619692,"Trichothiodystrophy 9, nonphotosensitive",15,0,12,28,28,0,0.0011,0.004
5056,OMIM:266500,Refsum disease,26,0,18,50,50,0,0.0011,0.002
5057,OMIM:608984,"Ataxia, sensory, autosomal dominant",17,0,9,105,105,0,0.0011,0.002
5058,OMIM:615282,"Cortical dysplasia, complex, with other brain malformations 2",19,0,12,96,96,0,0.0011,0.004
5059,OMIM:617481,"Neurodevelopmental disorder with microcephaly, hypotonia, and variable brain anomalies",28,0,21,120,120,0,0.0011,0.003
5060,OMIM:613156,"Muscular dystrophy-dystroglycanopathy (congenital with impaired intellectual development), type B, 2",33,0,30,151,151,0,0.0011,0.004
5061,OMIM:102200,"Pituitary adenoma, growth hormone-secreting, 1",13,0,6,18,18,0,0.0011,0.003
5062,OMIM:619321,"Growth restriction, hypoplastic kidneys, alopecia, and distinctive facies",32,0,20,71,71,0,0.0011,0.005
5063,OMIM:600116,"Parkinson disease, juvenile, type 2",22,0,15,191,191,0,0.0011,0.002
5064,OMIM:618775,"Mitochondrial complex III deficiency, nuclear type 10",23,0,18,27,27,0,0.0011,0.004
5065,OMIM:617452,"Intellectual developmental disorder with dysmorphic facies, seizures, and distal limb anomalies",49,0,30,277,277,0,0.0011,0.004
5066,OMIM:609136,"Peripheral demyelinating neuropathy, central dysmyelination, Waardenburg syndrome, and Hirschsprung disease",52,0,36,420,420,0,0.0011,0.016
5067,OMIM:216550,Cohen syndrome,59,0,35,322,322,0,0.0011,0.005
5068,OMIM:618205,Snijders Blok-Campeau syndrome,44,0,25,231,231,0,0.0011,0.005
5069,OMIM:600462,"Myopathy, lactic acidosis, and sideroblastic anemia 1",36,0,23,116,116,0,0.0011,0.003
5070,OMIM:614205,3-M syndrome 3,24,0,12,121,121,0,0.0011,0.002
5071,OMIM:248000,"Macrocephaly/megalencephaly syndrome, autosomal recessive",25,0,14,72,72,0,0.0011,0.005
5072,OMIM:617917,Neurodegeneration with brain iron accumulation 8,13,0,13,55,55,0,0.0011,0.002
5073,OMIM:619090,"Developmental delay, impaired growth, dysmorphic facies, and axonal neuropathy",22,0,18,106,106,0,0.0011,0.005
5074,OMIM:260565,Peho syndrome,31,0,16,162,162,0,0.0011,0.006
5075,OMIM:256000,Leigh syndrome,30,0,25,102,102,0,0.0011,0.004
5076,OMIM:611816,Temple-Baraitser syndrome,30,0,12,91,91,0,0.0011,0.023
5077,OMIM:301830,"Spinal muscular atrophy, X-linked 2",27,0,16,90,90,0,0.0011,0.003
5078,OMIM:133190,Spinocerebellar ataxia 34,19,0,16,95,95,0,0.0011,0.002
5079,OMIM:617255,Lissencephaly 8,29,0,19,241,241,0,0.0011,0.005
5080,OMIM:615683,"Spastic paraplegia 64, autosomal recessive",13,0,11,39,39,0,0.0011,0.002
5081,OMIM:607250,"Spinocerebellar ataxia, autosomal recessive, with axonal neuropathy 1",19,0,13,106,106,0,0.0011,0.009
5082,OMIM:214150,Cerebrooculofacioskeletal syndrome 1,56,1,38,321,321,0,0.0011,0.004
5083,OMIM:621452,"Basal ganglia calcification, idiopathic, 11, autosomal recessive",36,0,26,472,472,0,0.0011,0.002
5084,OMIM:224050,"Cerebellar hypoplasia, impaired intellectual development, and dysequilibrium syndrome 1",29,0,20,235,235,0,0.0011,0.005
5085,OMIM:620200,"Congenital disorder of glycosylation, type IIy",23,0,13,114,114,0,0.0011,0.002
5086,OMIM:242100,"Ichthyosis, congenital, autosomal recessive 2",22,0,15,98,98,0,0.0011,0.002
5087,OMIM:615287,"Muscular dystrophy-dystroglycanopathy (congenital with brain and eye anomalies), type A, 13",33,0,17,220,220,0,0.0011,0.002
5088,OMIM:619318,Oculogastrointestinal neurodevelopmental syndrome,19,0,10,15,15,0,0.0011,0.002
5089,OMIM:304800,"Diabetes insipidus, nephrogenic, X-linked",16,0,9,15,15,0,0.0011,0.002
5090,OMIM:614831,"Spinocerebellar ataxia, autosomal recessive 13",29,0,21,205,205,0,0.0011,0.005
5091,OMIM:618951,Combined oxidative phosphorylation deficiency 45,19,0,12,27,27,0,0.0011,0.002
5092,OMIM:109150,Machado-Joseph disease,37,0,26,295,295,0,0.0011,0.003
5093,OMIM:608029,"Spinocerebellar ataxia, autosomal recessive 6",14,0,12,48,48,0,0.0011,0.002
5094,OMIM:108500,"Episodic ataxia, type 2",16,0,11,31,31,0,0.0011,0.002
5095,OMIM:272200,Multiple sulfatase deficiency,33,0,26,126,126,0,0.0011,0.004
5096,OMIM:242300,"Ichthyosis, congenital, autosomal recessive 1",15,0,12,67,67,0,0.0011,0.002
5097,OMIM:616439,Frontotemporal dementia and/or amyotrophic lateral sclerosis 4,17,0,12,108,108,0,0.0011,0.002
5098,OMIM:603034,"Myasthenic syndrome, congenital, 5",25,0,15,122,122,0,0.0011,0.027
5099,OMIM:615681,"Spastic paraplegia 62, autosomal recessive",16,0,11,100,100,0,0.0011,0.002
5100,OMIM:607736,"Charcot-Marie-Tooth disease, type 2J",15,0,8,26,26,0,0.0011,0.003
5101,OMIM:601353,"Brachycephaly, deafness, cataract, microstomia, and impaired intellectual development",40,1,20,167,167,0,0.0011,0.004
5102,OMIM:609069,Pancreatic and cerebellar agenesis,27,0,16,48,48,0,0.0011,0.003
5103,OMIM:158900,Facioscapulohumeral muscular dystrophy 1,22,0,10,79,79,0,0.0011,0.009
5104,OMIM:251750,"Microspherophakia and/or megalocornea, with ectopia lentis and with or without secondary glaucoma",13,0,8,37,37,0,0.0011,0.002
5105,OMIM:615483,"Basal ganglia calcification, idiopathic, 5",22,0,15,210,210,0,0.0011,0.002
5106,OMIM:619291,Dystonia 30,17,0,6,136,136,0,0.0011,0.002
5107,OMIM:186700,"Syringomyelia, isolated",18,0,13,68,68,0,0.0011,0.002
5108,OMIM:614207,Hyperphosphatasia with impaired intellectual development syndrome 3,38,0,23,193,193,0,0.0011,0.004
5109,OMIM:118100,"Klippel-Feil syndrome 1, autosomal dominant",24,0,12,74,74,0,0.0011,0.003
5110,OMIM:620820,El Hayek-Chahrour neurodevelopmental syndrome,34,0,19,140,140,0,0.0011,0.004
5111,OMIM:304340,Pettigrew syndrome,42,0,22,370,370,0,0.0011,0.004
5112,OMIM:619125,Kaya-Barakat-Masson syndrome,20,0,15,103,103,0,0.0011,0.002
5113,OMIM:610883,Potocki-Lupski syndrome,48,0,30,287,287,0,0.0011,0.024
5114,OMIM:613150,"Muscular dystrophy-dystroglycanopathy (congenital with brain and eye anomalies), type A, 2",34,0,23,184,184,0,0.0011,0.002
5115,OMIM:619302,"Pontocerebellar hypoplasia, type 15",23,0,13,159,159,0,0.0011,0.004
5116,OMIM:618008,Developmental and epileptic encephalopathy 65,15,0,9,65,65,0,0.0011,0.002
5117,OMIM:619470,Neurodevelopmental disorder with motor and speech delay and behavioral abnormalities,22,0,17,128,128,0,0.0011,0.002
5118,OMIM:613834,Multisystemic smooth muscle dysfunction syndrome,20,0,16,73,73,0,0.0011,0.011
5119,OMIM:620568,Cornelia de Lange syndrome 6,40,0,18,160,160,0,0.0011,0.005
5120,OMIM:615048,"Spinal muscular atrophy, Jokela type",15,0,12,35,35,0,0.0011,0.002
5121,OMIM:616541,"Short stature, microcephaly, and endocrine dysfunction",56,0,33,232,232,0,0.0011,0.018
5122,OMIM:612069,Amyotrophic lateral sclerosis 10 with or without frontotemporal dementia,14,0,9,61,61,0,0.0011,0.002
5123,OMIM:180750,Robinow-Sorauf syndrome,16,0,7,68,68,0,0.0011,0.002
5124,OMIM:614381,"Leukodystrophy, hypomyelinating, 8, with or without oligodontia and/or hypogonadotropic hypogonadism",37,0,26,294,294,0,0.0011,0.005
5125,OMIM:620024,"Neurodevelopmental disorder with seizures, microcephaly, and brain abnormalities",43,0,33,383,383,0,0.0011,0.005
5126,OMIM:614222,Warburg micro syndrome 3,46,0,27,266,266,0,0.0011,0.004
5127,OMIM:604757,Craniosynostosis 2,20,0,14,83,83,0,0.0011,0.002
5128,OMIM:618430,Developmental delay with variable intellectual impairment and behavioral abnormalities,48,0,29,281,281,0,0.0011,0.004
5129,OMIM:610246,Spinocerebellar ataxia 28,18,0,14,58,58,0,0.0011,0.002
5130,OMIM:614008,Nestor-Guillermo progeria syndrome,47,0,27,302,302,0,0.0011,0.003
5131,OMIM:613001,Encephalocraniocutaneous lipomatosis,29,0,21,97,97,0,0.0011,0.002
5132,OMIM:268650,Rudiger syndrome,15,0,7,23,23,0,0.0011,0.003
5133,OMIM:607706,"Charcot-Marie-Tooth disease, axonal, with vocal cord paresis, autosomalrecessive",20,0,13,76,76,0,0.0011,0.003
5134,OMIM:300261,"Intellectual developmental disorder, X-linked syndromic, Armfield type",13,0,8,15,15,0,0.0011,0.002
5135,OMIM:123400,Creutzfeldt-Jakob disease,20,0,14,137,137,0,0.0011,0.003
5136,OMIM:203740,Oxoglutarate dehydrogenase deficiency,16,0,14,51,51,0,0.0011,0.002
5137,OMIM:618829,"Nabais Sa-de vries syndrome, type 2",44,0,20,186,186,0,0.0011,0.024
5138,OMIM:618155,"Ophthalmoplegia, external, with rib and vertebral anomalies",12,0,11,34,34,0,0.0011,0.002
5139,OMIM:219080,ACTH-independent macronodular adrenal hyperplasia,22,0,10,35,35,0,0.0011,0.003
5140,OMIM:602482,"Axenfeld-Rieger syndrome, type 3",16,0,8,32,32,0,0.0011,0.002
5141,OMIM:619908,Neurodevelopmental disorder with language delay and seizure,17,0,11,55,55,0,0.0011,0.005
5142,OMIM:249310,Neuhauser syndrome,42,1,20,189,189,0,0.0011,0.008
5143,OMIM:618419,"Gonadal dysgenesis, dysmorphic facies, retinal dystrophy, and myopathy",47,0,16,178,178,0,0.0011,0.004
5144,OMIM:621313,Brain small vessel disease 4,26,0,18,276,276,0,0.0011,0.002
5145,OMIM:275210,Restrictive dermopathy 1,53,1,29,352,352,0,0.0011,0.01
5146,OMIM:616540,"Epilepsy, progressive myoclonic, 9",16,0,11,61,61,0,0.0011,0.002
5147,OMIM:614800,"Short stature, optic nerve atrophy, and pelger-huet anomaly",34,0,21,145,145,0,0.0011,0.002
5148,OMIM:618960,Mitchell syndrome,13,0,10,58,58,0,0.0011,0.002
5149,OMIM:613606,Forsythe-Wakeling syndrome,15,0,11,15,15,0,0.0011,0.002
5150,OMIM:615249,"Muscular dystrophy-dystroglycanopathy (congenital with brain and eye anomalies), type A, 12",30,0,23,139,139,0,0.0011,0.002
5151,OMIM:613638,Chromosome 19p13.13 deletion syndrome,23,0,16,62,62,0,0.0011,0.008
5152,OMIM:619301,"Pontocerebellar hypoplasia, type 14",22,0,13,157,157,0,0.0011,0.004
5153,OMIM:619329,"Fibromuscular dysplasia, multifocal",31,0,13,109,109,0,0.0011,0.004
5154,OMIM:613162,"Spastic paraplegia 45, autosomal recessive",24,0,19,142,142,0,0.0011,0.005
5155,OMIM:618792,"Epileptic encephalopathy, early infantile, 84",31,0,14,184,184,0,0.0011,0.002
5156,OMIM:614816,Loeys-Dietz syndrome 4,45,0,25,164,164,0,0.0011,0.007
5157,OMIM:618786,Imagawa-Matsumoto syndrome,26,1,14,55,55,0,0.0011,0.004
5158,OMIM:620782,"Neurodevelopmental disorder with language impairment, autism, and attention deficit-hyperactivity disorder",34,0,16,120,120,0,0.0011,0.002
5159,OMIM:619895,Holoprosencephaly 14,34,0,20,233,233,0,0.0011,0.008
5160,OMIM:611588,"Muscular dystrophy-dystroglycanopathy (limb-girdle), type C, 4",18,0,12,95,95,0,0.0011,0.009
5161,OMIM:300100,Adrenoleukodystrophy,31,0,21,165,165,0,0.0011,0.003
5162,OMIM:300114,Raynaud-Claes syndrome,30,0,19,219,219,0,0.0011,0.004
5163,OMIM:270550,"Spastic ataxia, Charlevoix-Saguenay type",36,0,16,362,362,0,0.0011,0.003
5164,OMIM:618369,"Spinocerebellar ataxia, autosomal recessive 27",22,0,14,144,144,0,0.0011,0.002
5165,OMIM:620806,Developmental and epileptic encephalopathy 116,18,0,11,121,121,0,0.0011,0.002
5166,OMIM:617066,"Muscular dystrophy, congenital, Davignon-Chauveau type",22,1,13,94,94,0,0.0011,0.002
5167,OMIM:256540,Galactosialidosis,14,1,7,13,13,0,0.0011,0.005
5168,OMIM:617933,"Epileptic encephalopathy, early infantile, 61",17,0,13,57,57,0,0.0011,0.002
5169,OMIM:300712,Craniofacioskeletal syndrome,38,0,22,146,146,0,0.0011,0.002
5170,OMIM:180800,Roussy-Levy hereditary areflexic dystasia,18,0,12,73,73,0,0.0011,0.003
5171,OMIM:617927,Orofaciodigital syndrome XVIII,21,0,12,79,79,0,0.0011,0.002
5172,OMIM:619922,Neurodevelopmental disorder with dystonia and seizures,23,0,18,107,107,0,0.0011,0.002
5173,OMIM:617258,"Myopathy, myofibrillar, 8",42,0,22,287,287,0,0.0011,0.011
5174,OMIM:618625,"Rothmund-thomson syndrome, type 1",19,0,14,41,41,0,0.0011,0.003
5175,OMIM:615473,Developmental and epileptic encephalopathy 17,14,0,8,91,91,0,0.0011,0.002
5176,OMIM:604218,"Encephalopathy, familial, with neuroserpin inclusion bodies",13,0,10,56,56,0,0.0011,0.002
5177,OMIM:620351,"Congenital myopathy 22A, classic",60,1,31,475,475,0,0.0011,0.011
5178,OMIM:225790,Proliferative vasculopathy and hydranencephaly-hydrocephaly syndrome,22,0,18,88,88,0,0.0011,0.002
5179,OMIM:615300,Perrault syndrome 4,20,0,9,34,34,0,0.0011,0.002
5180,OMIM:618383,"Intellectual developmental disorder, autosomal recessive 69",14,0,9,57,57,0,0.0011,0.004
5181,OMIM:619076,"Neurodevelopmental disorder with microcephaly, seizures, and brain atrophy",23,0,17,106,106,0,0.0011,0.002
5182,OMIM:616437,Frontotemporal dementia and/or amyotrophic lateral sclerosis 3,17,0,12,108,108,0,0.0011,0.002
5183,OMIM:130720,Lateral meningocele syndrome,53,0,27,333,333,0,0.0011,0.009
5184,OMIM:206570,"Angiomatosis, diffuse corticomeningeal, of divry and van bogaert",16,0,12,59,59,0,0.0011,0.002
5185,OMIM:620224,"Neurodevelopmental disorder with hypotonia, dysmorphic facies, and skeletal anomalies, with or without seizures",57,0,32,474,474,0,0.0011,0.005
5186,OMIM:613163,GABA-transaminase deficiency,15,0,12,41,41,0,0.0011,0.002
5187,OMIM:193510,"Waardenburg syndrome, type 2A",13,0,3,36,36,0,0.0011,0.007
5188,OMIM:614608,Coffin-Siris syndrome 3,41,0,29,207,207,0,0.0011,0.022
5189,OMIM:620208,"Spinocerebellar ataxia, autosomal recessive 33",20,0,11,93,93,0,0.0011,0.002
5190,OMIM:300475,"Deafness, dystonia, and cerebral hypomyelination",16,0,14,48,48,0,0.0011,0.004
5191,OMIM:614185,Geleophysic dysplasia 2,24,0,12,47,47,0,0.0011,0.002
5192,OMIM:612292,Birk-Barel syndrome,18,0,9,63,63,0,0.0011,0.027
5193,OMIM:620546,"Congenital disorder of glycosylation, type IIbb",30,0,20,136,136,0,0.0011,0.005
5194,OMIM:619884,"Osteoporosis, childhood- or juvenile-onset, with developmental delay",14,0,10,60,60,0,0.0011,0.004
5195,OMIM:614436,"Charcot-Marie-Tooth disease, axonal, type 2P",16,0,8,63,63,0,0.0011,0.003
5196,OMIM:620988,"Intellectual developmental disorder, autosomal dominant 75",31,0,15,123,123,0,0.0011,0.024
5197,OMIM:613563,Noonan syndrome-like disorder with or without juvenile myelomonocytic leukemia,48,0,23,190,190,0,0.0011,0.026
5198,OMIM:272430,Crisponi/cold-induced sweating syndrome 1,34,0,18,190,190,0,0.0011,0.002
5199,OMIM:613239,"Thyrotoxic periodic paralysis, susceptibility to, 2",13,0,10,20,20,0,0.0011,0.003
5200,OMIM:619714,"Congenital disorder of glycosylation, type Iw, autosomal dominant",24,0,15,75,75,0,0.0011,0.008
5201,OMIM:618387,"Spinocerebellar ataxia, autosomal recessive, with axonal neuropathy 3",20,0,15,91,91,0,0.0011,0.003
5202,OMIM:617088,Short-rib thoracic dysplasia 15 with polydactyly,31,0,19,68,68,0,0.0011,0.002
5203,OMIM:268130,Revesz syndrome,27,0,15,62,62,0,0.0011,0.002
5204,OMIM:612319,"Spastic paraplegia 35, autosomal recessive",28,0,21,238,238,0,0.0011,0.002
5205,OMIM:619264,Neurodevelopmental disorder with dysmorphic facies and variable seizures,18,0,10,52,52,0,0.0011,0.004
5206,OMIM:600721,D-2-Hydroxyglutaric aciduria 1,28,0,14,109,109,0,0.0011,0.004
5207,OMIM:613990,"Dyskeratosis congenita, autosomal dominant 3",39,0,27,88,88,0,0.0011,0.011
5208,OMIM:608340,"Charcot-Marie-Tooth disease, recessive intermediate A",22,0,13,101,101,0,0.0011,0.003
5209,OMIM:619259,Neurodegeneration with ataxia and late-onset optic atrophy,29,0,17,98,98,0,0.0011,0.002
5210,OMIM:618147,Intellectual developmental disorder with hypertelorism and distinctive facies,25,0,9,89,89,0,0.0011,0.004
5211,OMIM:614231,"Microcephaly, epilepsy, and diabetes syndrome",40,0,23,172,172,0,0.0011,0.004
5212,OMIM:619701,Yoon-Bellen neurodevelopmental syndrome,28,0,19,132,132,0,0.0011,0.002
5213,OMIM:618437,"Epileptic encephalopathy, early infantile, 75",32,0,15,142,142,0,0.0011,0.027
5214,OMIM:617710,"Neurodevelopmental disorder, mitochondrial, with abnormal movements and lactic acidosis, with or without seizures",42,0,33,270,270,0,0.0011,0.004
5215,OMIM:200110,Ablepharon-Macrostomia syndrome,37,0,17,131,131,0,0.0011,0.003
5216,OMIM:614437,"Cutis laxa, autosomal recessive, type IB",47,0,25,241,241,0,0.0011,0.024
5217,OMIM:300845,"Moyamoya disease 4 with short stature, hypergonadotropic hypogonadism,and facial dysmorphism",34,0,18,90,90,0,0.0011,0.003
5218,OMIM:301030,Van Esch-O'Driscoll syndrome,45,0,26,207,207,0,0.0011,0.004
5219,OMIM:301024,"Intellectual developmental disorder, X-linked 108",27,0,11,85,85,0,0.0011,0.004
5220,OMIM:614153,Spinocerebellar ataxia 36,24,0,20,87,87,0,0.0011,0.002
5221,OMIM:601238,"Cerebellar ataxia, Cayman type",18,0,14,61,61,0,0.0011,0.002
5222,OMIM:618741,"Neurodevelopmental disorder with epilepsy, spasticity, and brain atrophy",12,0,8,26,26,0,0.0011,0.004
5223,OMIM:600118,Warburg micro syndrome 1,37,0,25,132,132,0,0.0011,0.002
5224,OMIM:248340,3MC syndrome 3,27,0,17,45,45,0,0.0011,0.004
5225,OMIM:604168,"Congenital cataracts, facial dysmorphism, and neuropathy",32,0,16,120,120,0,0.0011,0.005
5226,OMIM:615065,"Arthrogryposis, distal, type 5D",28,1,14,162,162,0,0.0011,0.002
5227,OMIM:620790,Neurodevelopmental disorder with hypotonia and seizures,17,0,9,68,68,0,0.0011,0.002
5228,OMIM:616222,Temple syndrome,39,0,22,134,134,0,0.0011,0.005
5229,OMIM:602531,Grange syndrome,12,0,8,20,20,0,0.0011,0.002
5230,OMIM:615663,Warburg micro syndrome 4,41,0,22,190,190,0,0.0011,0.004
5231,OMIM:612656,"Episodic ataxia, type 6",20,0,14,85,85,0,0.0011,0.002
5232,OMIM:618384,"Leukoencephalopathy, acute reversible, with increased urinary alpha-ketoglutarate",15,0,9,64,64,0,0.0011,0.002
5233,OMIM:598500,"Wolfram syndrome, mitochondrial form",16,0,15,14,14,0,0.0011,0.003
5234,OMIM:204200,"Ceroid lipofuscinosis, neuronal, 3",30,0,23,166,166,0,0.0011,0.004
5235,OMIM:617276,Developmental and epileptic encephalopathy 48,24,0,16,132,132,0,0.0011,0.003
5236,OMIM:620343,Basal cell nevus syndrome 2,15,0,11,39,39,0,0.0011,0.003
5237,OMIM:618193,Polycystic lipomembranous osteodysplasia with sclerosing leukoencephalopathy 2,23,0,17,177,177,0,0.0011,0.002
5238,OMIM:616155,"Charcot-Marie-Tooth disease, axonal, type 2S",15,0,10,49,49,0,0.0011,0.002
5239,OMIM:619272,"Mitochondrial complex I deficiency, nuclear type 37",31,0,22,152,152,0,0.0011,0.002
5240,OMIM:236700,Mckusick-Kaufman syndrome,19,0,10,50,50,0,0.0011,0.01
5241,OMIM:615474,"Primary aldosteronism, seizures, and neurologic abnormalities",21,0,16,51,51,0,0.0011,0.004
5242,OMIM:615851,"Pontocerebellar hypoplasia, type 2E",36,0,25,265,265,0,0.0011,0.004
5243,OMIM:615919,Ataxia-telangiectasia-like disorder 2,21,0,15,55,55,0,0.0011,0.003
5244,OMIM:619110,"Arthrogryposis, distal, type 1C",29,1,17,179,179,0,0.0011,0.002
5245,OMIM:137920,Renal cysts and diabetes syndrome,33,0,17,221,221,0,0.0011,0.011
5246,OMIM:615716,Hyperphosphatasia with impaired intellectual development syndrome 4,26,0,14,109,109,0,0.0011,0.005
5247,OMIM:613159,Nephronophthisis-Like nephropathy 1,14,0,7,22,22,0,0.0011,0.008
5248,OMIM:600142,Autosomal recessive cerebral arteriopathy with subcortical infarcts and leukoencephalopathy (CARASIL),32,0,24,310,310,0,0.0011,0.003
5249,OMIM:613670,Intellectual developmental disorder with language impairment with or without autistic features,35,0,22,179,179,0,0.0011,0.005
5250,OMIM:613843,Leber congenital amaurosis 15,20,0,13,172,172,0,0.0011,0.003
5251,OMIM:616907,"Spastic paraplegia 76, autosomal recessive",29,1,19,254,254,0,0.0011,0.002
5252,OMIM:619605,Developmental and epileptic encephalopathy 98,18,0,13,137,137,0,0.0011,0.002
5253,OMIM:618241,"Mitochondrial complex I deficiency, nuclear type 19",25,0,20,101,101,0,0.0011,0.002
5254,OMIM:615771,"Cortical dysplasia, complex, with other brain malformations 6",15,0,9,79,79,0,0.0011,0.002
5255,OMIM:615942,"Intellectual developmental disorder, autosomal recessive 44",14,0,7,26,26,0,0.0011,0.004
5256,OMIM:614255,NESCAV syndrome,23,0,18,135,135,0,0.0011,0.005
5257,OMIM:620655,Alfadhel syndrome,28,0,16,110,110,0,0.0011,0.005
5258,OMIM:309583,"Intellectual developmental disorder, X-linked syndromic, Snyder-Robinson type",51,0,28,335,335,0,0.0011,0.004
5259,OMIM:616654,Joubert syndrome 24,16,0,15,54,54,0,0.0011,0.002
5260,OMIM:616683,"Leukodystrophy, hypomyelinating, 12",26,0,18,135,135,0,0.0011,0.004
5261,OMIM:300558,"Intellectual developmental disorder, X-linked 30",38,0,20,291,291,0,0.0011,0.005
5262,OMIM:618863,Retinal dystrophy with leukodystrophy,18,0,9,46,46,0,0.0011,0.002
5263,OMIM:611884,"Ciliary dyskinesia, primary, 7",13,0,5,38,38,0,0.0011,0.017
5264,OMIM:616494,"Leukodystrophy, hypomyelinating, 11",14,0,13,55,55,0,0.0011,0.004
5265,OMIM:614526,Chromosome 17Q12 duplication syndrome,17,0,10,31,31,0,0.0011,0.002
5266,OMIM:248910,"Cutaneous mastocytosis, conductive hearing loss, and microtia",19,0,13,44,44,0,0.0011,0.002
5267,OMIM:191830,Renal hypodysplasia/aplasia 1,15,0,5,17,17,0,0.0011,0.01
5268,OMIM:610185,"Cerebellar ataxia, impaired intellectual development, and dysquilibrium syndrome 2",32,0,21,221,221,0,0.0011,0.005
5269,OMIM:605588,"Charcot-Marie-Tooth disease, axonal, type 2B1",16,0,10,53,53,0,0.0011,0.003
5270,OMIM:618730,"Neurodevelopmental disorder with microcephaly, cortical malformations, and spasticity",17,0,13,122,122,0,0.0011,0.004
5271,OMIM:617403,"Cutis laxa, autosomal recessive, type IID",45,0,29,128,128,0,0.0011,0.003
5272,OMIM:618056,Neurodevelopmental disorder with cerebellar atrophy and with or without seizures,32,0,22,185,185,0,0.0011,0.005
5273,OMIM:619389,"Spinocerebellar ataxia, autosomal recessive 29",22,0,14,126,126,0,0.0011,0.005
5274,OMIM:617159,Sifrim-Hitz-Weiss syndrome,39,0,23,116,116,0,0.0011,0.004
5275,OMIM:619606,Developmental and epileptic encephalopathy 99,28,0,18,255,255,0,0.0011,0.004
5276,OMIM:277300,"Spondylocostal dysostosis, autosomal recessive 1",17,0,12,60,60,0,0.0011,0.001
5277,OMIM:269880,Short syndrome,52,0,30,232,232,0,0.0011,0.004
5278,OMIM:618242,"Mitochondrial complex I deficiency, nuclear type 21",20,0,15,96,96,0,0.0011,0.002
5279,OMIM:618524,"Myopathy, congenital, with tremor",15,0,7,52,52,0,0.0011,0.002
5280,OMIM:603689,"Myopathy, myofibrillar, 9, with early respiratory failure",20,0,5,108,108,0,0.0011,0.01
5281,OMIM:247200,Miller-Dieker lissencephaly syndrome,51,0,27,260,260,0,0.0011,0.005
5282,OMIM:101400,Saethre-Chotzen syndrome,47,0,25,447,447,0,0.0011,0.003
5283,OMIM:618493,"Hypotonia, hypoventilation, impaired intellectual development, dysautonomia, epilepsy, and eye abnormalities",40,0,32,145,145,0,0.0011,0.004
5284,OMIM:616657,"Spastic tetraplegia, thin corpus callosum, and progressive microcephaly",24,0,14,223,223,0,0.0011,0.004
5285,OMIM:615362,"Ceroid lipofuscinosis, neuronal, 13",22,0,17,231,231,0,0.0011,0.002
5286,OMIM:614083,"Fanconi anemia, complementation group L",36,1,17,61,61,0,0.0011,0.004
5287,OMIM:145900,Hypertrophic neuropathy of dejerine-sottas,32,0,17,213,213,0,0.0011,0.003
5288,OMIM:611105,Leukoencephalopathy with brainstem and spinal cord involvement and lactate elevation,15,0,14,61,61,0,0.0011,0.002
5289,OMIM:187300,"Telangiectasia, hereditary hemorrhagic, type 1",49,1,20,606,606,0,0.0011,0.037
5290,OMIM:253300,"Spinal muscular atrophy, type I",14,0,11,20,20,0,0.0011,0.005
5291,OMIM:614294,Chromosome 15q25 deletion syndrome,32,0,18,81,81,0,0.0011,0.024
5292,OMIM:300957,"Intellectual developmental disorder, X-linked syndromic, Kumar type",33,0,27,158,158,0,0.0011,0.005
5293,OMIM:612626,Chromosome 15q26-qter deletion syndrome,20,0,15,29,29,0,0.0011,0.004
5294,OMIM:618280,Cardiac-Urogenital syndrome,37,0,17,186,186,0,0.0011,0.007
5295,OMIM:616291,Lichtenstein-Knorr syndrome,18,0,14,79,79,0,0.0011,0.002
5296,OMIM:612949,"Epileptic encephalopathy, early infantile, 39",43,0,14,272,272,0,0.0011,0.002
5297,OMIM:308700,Hypogonadotropic hypogonadism 1 with or without anosmia,24,0,7,63,63,0,0.0011,0.003
5298,OMIM:618727,"Ectodermal dysplasia with facial dysmorphism and acral, ocular, and brain anomalies, somatic mosaic",30,0,20,149,149,0,0.0011,0.004
5299,OMIM:612540,"Myopathy, congenital, compton-north",27,0,16,78,78,0,0.0011,0.002
5300,OMIM:608097,"Periventricular heterotopia with microcephaly, autosomal recessive",15,0,10,71,71,0,0.0011,0.004
5301,OMIM:616281,Neurodevelopmental disorder with microcephaly and spastic paraplegia,24,0,18,105,105,0,0.0011,0.004
5302,OMIM:204300,"Ceroid lipofuscinosis, neuronal, 6B (Kufs type)",18,0,12,94,94,0,0.0011,0.002
5303,OMIM:619575,Developmental delay with or without intellectual impairment or behavioral abnormalities,51,0,31,231,231,0,0.0011,0.024
5304,OMIM:616875,"Cerebellar atrophy, visual impairment, and psychomotor retardation",35,0,23,170,170,0,0.0011,0.005
5305,OMIM:600795,Frontotemporal dementia and/or amytrophic lateral sclerosis 7,26,0,14,276,276,0,0.0011,0.002
5306,OMIM:613925,Megalencephalic leukoencephalopathy with subcortical cysts 2A,19,0,17,141,141,0,0.0011,0.005
5307,OMIM:618859,Neurodevelopmental disorder with or without autistic features and/or structural brain abnormalities,21,0,14,74,74,0,0.0011,0.005
5308,OMIM:616647,"Epileptic encephalopathy, early infantile, 35",16,0,12,56,56,0,0.0011,0.002
5309,OMIM:616486,"Neurodevelopmental disorder with progressive microcephaly, spasticity, and brain abnormalities",20,0,12,131,131,0,0.0011,0.004
5310,OMIM:619951,Tessadori-van Haaften neurodevelopmental syndrome 4,42,1,18,160,160,0,0.0011,0.004
5311,OMIM:618468,"Epileptic encephalopathy, early infantile, 76",16,0,11,94,94,0,0.0011,0.004
5312,OMIM:225250,"Hypothyroidism, congenital, nongoitrous, 5",13,0,4,30,30,0,0.0011,0.003
5313,OMIM:616294,Cole-Carpenter syndrome 2,31,0,17,188,188,0,0.0011,0.002
5314,OMIM:614483,Brain small vessel disease 2,13,0,11,55,55,0,0.0011,0.002
5315,OMIM:620732,"Neurodevelopmental disorder with hyperkinetic movements, seizures and structural brain abnormalities",38,0,21,351,351,0,0.0011,0.002
5316,OMIM:159900,"Dystonia-11, myoclonic",19,0,6,137,137,0,0.0011,0.002
5317,OMIM:619825,"Aortic aneurysm, familial thoracic 12",13,0,7,14,14,0,0.0011,0.005
5318,OMIM:604121,"Cerebellar ataxia, deafness, and narcolepsy, autosomal dominant",19,0,14,106,106,0,0.0011,0.002
5319,OMIM:176920,"Proteus syndrome, somatic",31,0,20,116,116,0,0.0011,0.004
5320,OMIM:619616,Neurodevelopmental disorder with hearing loss and spasticity,27,0,15,170,170,0,0.0011,0.004
5321,OMIM:156400,"Metaphyseal chondrodysplasia, Jansen type",46,0,25,311,311,0,0.0011,0.011
5322,OMIM:616914,Marfan lipodystrophy syndrome,49,2,24,257,257,0,0.0011,0.003
5323,OMIM:609161,"Striatal degeneration, autosomal dominant",12,0,7,55,55,0,0.0011,0.002
5324,OMIM:604321,"Microcephaly 4, primary, autosomal recessive",16,0,8,51,51,0,0.0011,0.005
5325,OMIM:241850,Bamforth-Lazarus syndrome,19,0,9,15,15,0,0.0011,0.003
5326,OMIM:300978,Tonne-Kalscheuer syndrome,49,0,27,251,251,0,0.0011,0.028
5327,OMIM:157640,"Progressive external ophthalmoplegia with mitochondrial DNA deletions, autosomal dominant 1",43,0,19,233,233,0,0.0011,0.024
5328,OMIM:248900,Mast syndrome,23,0,19,215,215,0,0.0011,0.002
5329,OMIM:621214,"Leukodystrophy, adult-onset, autosomal dominant, without amyloid angiopathy",34,0,28,437,437,0,0.0011,0.002
5330,OMIM:278800,De Sanctis-Cacchione syndrome,42,1,29,250,250,0,0.0011,0.008
5331,OMIM:617201,Periventricular nodular heterotopia 7,53,0,28,318,318,0,0.0011,0.005
5332,OMIM:269500,Sclerosteosis 1,40,0,22,211,211,0,0.0011,0.003
5333,OMIM:210000,Behr syndrome,30,0,19,197,197,0,0.0011,0.024
5334,OMIM:617228,Combined oxidative phosphorylation deficiency 31,22,0,12,46,46,0,0.0011,0.006
5335,OMIM:300004,"Corpus callosum, agenesis of, with abnormal genitalia",31,0,24,87,87,0,0.0011,0.004
5336,OMIM:176670,Hutchinson-Gilford progeria syndrome,13,0,6,22,22,0,0.0011,0.002
5337,OMIM:621567,"Congenital disorder of glycosylation, type 1bb ",20,0,12,13,13,0,0.0011,0.003
5338,OMIM:619775,Congenital disorder of deglycosylation 2,34,0,21,153,153,0,0.0011,0.005
5339,OMIM:620719,"Neurodevelopmental disorder with motor abnormalities, seizures, and facial dysmorphism",49,0,30,270,270,0,0.0011,0.004
5340,OMIM:603671,Acromelic frontonasal dysostosis,55,0,28,458,458,0,0.0011,0.004
5341,OMIM:309801,Linear skin defects with multiple congenital anomalies 1,36,0,19,85,85,0,0.0011,0.004
5342,OMIM:300831,CK syndrome,32,0,22,170,170,0,0.0011,0.005
5343,OMIM:613884,Chromosome 13q14 deletion syndrome,37,0,19,111,111,0,0.0011,0.005
5344,OMIM:616730,"Nephrotic syndrome, type 11",25,0,13,67,67,0,0.0011,0.009
5345,ORPHA:1406,Charlie M syndrome,16,0,11,37,37,0,0.0011,0.002
5346,ORPHA:231140,Silver-Russell syndrome due to an imprinting defect of 11p15,28,0,19,66,66,0,0.0011,0.005
5347,ORPHA:79409,Recessive dystrophic epidermolysis bullosa inversa,20,0,12,51,51,0,0.0011,0.002
5348,ORPHA:231144,Silver-Russell syndrome due to 11p15 microduplication,19,0,10,37,37,0,0.0011,0.005
5349,ORPHA:2728,"Blepharophimosis-intellectual disability syndrome, Ohdo type",26,0,20,38,38,0,0.0011,0.006
5350,ORPHA:79410,"Localized dystrophic epidermolysis bullosa, pretibial form",23,0,13,192,192,0,0.0011,0.003
5351,ORPHA:2712,Oculofaciocardiodental syndrome,43,0,28,182,182,0,0.0011,0.004
5352,ORPHA:79402,Intermediate generalized junctional epidermolysis bullosa,14,0,9,58,58,0,0.0011,0.004
5353,ORPHA:34515,FKRP-related limb-girdle muscular dystrophy R9,17,0,8,79,79,0,0.0011,0.01
5354,ORPHA:101081,Charcot-Marie-Tooth disease type 1A,20,0,11,82,82,0,0.0011,0.002
5355,ORPHA:101082,Charcot-Marie-Tooth disease type 1B,14,0,12,28,28,0,0.0011,0.002
5356,ORPHA:623615,Autoimmune limbic encephalitis,22,0,11,128,128,0,0.0011,0.002
5357,ORPHA:101070,Bilateral frontoparietal polymicrogyria,24,0,20,212,212,0,0.0011,0.008
5358,ORPHA:101071,Unilateral hemispheric polymicrogyria,14,0,12,91,91,0,0.0011,0.005
5359,ORPHA:360,Glioblastoma,15,0,12,55,55,0,0.0011,0.002
5360,ORPHA:73273,Growth delay due to insulin-like growth factor I resistance,16,0,10,31,31,0,0.0011,0.005
5361,ORPHA:331,Congenital factor XIII deficiency,25,0,8,197,197,0,0.0011,0.02
5362,ORPHA:101010,Autosomal spastic paraplegia type 30,15,0,9,75,75,0,0.0011,0.003
5363,ORPHA:457351,Microcephaly-intellectual disability-sensorineural hearing loss-epilepsy-abnormal muscle tone syndrome,50,0,29,462,462,0,0.0011,0.004
5364,ORPHA:97214,Eisenmenger syndrome,58,0,37,413,413,0,0.0011,0.032
5365,ORPHA:101006,Autosomal recessive spastic paraplegia type 26,22,0,15,98,98,0,0.0011,0.002
5366,ORPHA:73256,Central neurocytoma,19,0,13,92,92,0,0.0011,0.002
5367,ORPHA:330021,Mercury poisoning,21,0,14,36,36,0,0.0011,0.002
5368,ORPHA:85277,"X-linked intellectual disability, Cantagrel type",18,0,11,49,49,0,0.0011,0.004
5369,ORPHA:171839,Craniosynostosis-hydrocephalus-Arnold-Chiari malformation type I-radioulnar synostosis syndrome,41,0,24,213,213,0,0.0011,0.002
5370,ORPHA:65683,Isolated focal cortical dysplasia,21,0,16,210,210,0,0.0011,0.002
5371,ORPHA:3157,Septo-optic dysplasia spectrum,32,0,26,110,110,0,0.0011,0.004
5372,ORPHA:99819,Familial gestational hyperthyroidism,13,0,10,20,20,0,0.0011,0.002
5373,ORPHA:94124,Spinocerebellar ataxia with axonal neuropathy type 1,19,0,9,83,83,0,0.0011,0.009
5374,ORPHA:447980,19p13.3 microduplication syndrome,51,0,29,224,224,0,0.0011,0.023
5375,ORPHA:99802,Hemimegalencephaly,33,0,27,360,360,0,0.0011,0.004
5376,ORPHA:137898,Leukoencephalopathy with brain stem and spinal cord involvement-high lactate syndrome,50,0,34,632,632,0,0.0011,0.005
5377,ORPHA:95433,Autosomal recessive spinocerebellar ataxia-blindness-deafness syndrome,18,0,11,45,45,0,0.0011,0.009
5378,ORPHA:83,Antley-Bixler syndrome,30,0,17,188,188,0,0.0011,0.002
5379,ORPHA:62,Alpha-sarcoglycan-related limb-girdle muscular dystrophy R3,14,0,6,56,56,0,0.0011,0.009
5380,ORPHA:401785,Autosomal recessive spastic paraplegia type 62,13,0,11,50,50,0,0.0011,0.003
5381,ORPHA:464453,Acquired methemoglobinemia,21,0,18,39,39,0,0.0011,0.002
5382,ORPHA:641496,Childhood-onset schizophrenia,20,0,11,190,190,0,0.0011,0.003
5383,ORPHA:2780,Osteopathia striata-cranial sclerosis syndrome,44,0,26,384,384,0,0.0011,0.004
5384,ORPHA:2786,Osteoporosis-oculocutaneous hypopigmentation syndrome,12,0,11,15,15,0,0.0011,0.002
5385,ORPHA:1438,Ring chromosome 10 syndrome,24,0,12,47,47,0,0.0011,0.002
5386,ORPHA:488434,"Camptodactyly syndrome, Guadalajara type 3",27,0,8,143,143,0,0.0011,0.003
5387,ORPHA:79395,Keratoderma hereditarium mutilans with ichthyosis,17,0,8,105,105,0,0.0011,0.002
5388,ORPHA:1522,Craniometaphyseal dysplasia,13,0,8,22,22,0,0.0011,0.002
5389,ORPHA:324313,9p13 microdeletion syndrome,32,0,17,101,101,0,0.0011,0.002
5390,ORPHA:2847,Pericardial and diaphragmatic defect,20,0,15,43,43,0,0.0011,0.003
5391,ORPHA:96092,8p inverted duplication/deletion syndrome,56,0,28,354,354,0,0.0011,0.005
5392,ORPHA:244310,RFT1-CDG,22,0,18,47,47,0,0.0011,0.004
5393,ORPHA:2834,Wrinkly skin syndrome,60,0,28,327,327,0,0.0011,0.003
5394,ORPHA:488627,Severe growth deficiency-strabismus-extensive dermal melanocytosis-intellectual disability syndrome,40,0,26,297,297,0,0.0011,0.005
5395,ORPHA:276193,Spinocerebellar ataxia type 35,15,0,9,79,79,0,0.0011,0.002
5396,ORPHA:488635,Early-onset epilepsy-intellectual disability-brain anomalies syndrome,33,1,21,159,159,0,0.0011,0.002
5397,ORPHA:280234,Null syndrome,14,0,11,78,78,0,0.0011,0.004
5398,ORPHA:399086,HNRNPA1-related adult-onset distal myopathy,15,0,3,51,51,0,0.0011,0.009
5399,ORPHA:300385,Pituitary carcinoma,22,0,12,146,146,0,0.0011,0.003
5400,ORPHA:357225,Primary non-essential cutis verticis gyrata,16,0,11,39,39,0,0.0011,0.004
5401,ORPHA:263487,COG5-CDG,46,0,27,198,198,0,0.0011,0.004
5402,ORPHA:209951,Autosomal spastic paraplegia type 18,34,0,19,202,202,0,0.0011,0.004
5403,ORPHA:178377,Osteosclerosis-developmental delay-craniosynostosis syndrome,16,0,9,43,43,0,0.0011,0.002
5404,ORPHA:2053,Freeman-Sheldon syndrome,31,0,18,55,55,0,0.0011,0.01
5405,ORPHA:3379,Distal duplication 17q syndrome,42,0,22,203,203,0,0.0011,0.004
5406,ORPHA:47045,Familial cold urticaria,17,0,15,19,19,0,0.0011,0.002
5407,ORPHA:209908,Isolated childhood apraxia of speech,23,0,12,142,142,0,0.0011,0.005
5408,ORPHA:2032,Idiopathic pulmonary fibrosis,20,0,8,92,92,0,0.0011,0.006
5409,ORPHA:60032,Recurrent respiratory papillomatosis,23,0,20,109,109,0,0.0011,0.013
5410,ORPHA:85335,Fried syndrome,21,0,15,70,70,0,0.0011,0.004
5411,ORPHA:60041,Congenital heart block,29,0,21,105,105,0,0.0011,0.012
5412,ORPHA:60040,Megalencephaly-capillary malformation-polymicrogyria syndrome,35,0,27,105,105,0,0.0011,0.004
5413,ORPHA:261652,Kleefstra syndrome due to a point mutation,50,0,36,248,248,0,0.0011,0.005
5414,ORPHA:85323,"X-linked intellectual disability, Seemanova type",16,0,13,22,22,0,0.0011,0.002
5415,ORPHA:2886,TARP syndrome,55,1,32,227,227,0,0.0011,0.004
5416,ORPHA:2872,"Cardiocranial syndrome, Pfeiffer type",34,0,16,119,119,0,0.0011,0.004
5417,ORPHA:401840,Autosomal recessive spastic paraplegia type 71,12,0,8,66,66,0,0.0011,0.004
5418,ORPHA:306511,Autosomal recessive spastic paraplegia type 48,19,0,16,86,86,0,0.0011,0.002
5419,ORPHA:2868,Short stature-valvular heart disease-characteristic facies syndrome,14,0,12,19,19,0,0.0011,0.002
5420,ORPHA:313781,20p13 microdeletion syndrome,35,0,17,137,137,0,0.0011,0.008
5421,ORPHA:313772,Early-onset spastic ataxia-myoclonic epilepsy-neuropathy syndrome,24,0,18,190,190,0,0.0011,0.003
5422,ORPHA:93921,Full schwannomatosis,20,0,16,66,66,0,0.0011,0.002
5423,ORPHA:102,Multiple system atrophy,27,0,13,177,177,0,0.0011,0.002
5424,ORPHA:136,CADASIL,40,0,29,616,616,0,0.0011,0.002
5425,ORPHA:45452,Idiopathic neonatal atrial flutter,14,0,12,30,30,0,0.0011,0.002
5426,ORPHA:251393,Localized junctional epidermolysis bullosa,19,0,8,103,103,0,0.0011,0.003
5427,ORPHA:208513,Spinocerebellar ataxia type 29,20,0,14,126,126,0,0.0011,0.002
5428,ORPHA:329284,Beta-propeller protein-associated neurodegeneration,22,0,17,173,173,0,0.0011,0.004
5429,ORPHA:96123,Monosomy 22 syndrome,40,0,23,228,228,0,0.0011,0.026
5430,ORPHA:84142,Isaacs syndrome,13,0,10,25,25,0,0.0011,0.002
5431,ORPHA:171622,Autosomal recessive spastic paraplegia type 32,13,0,7,66,66,0,0.0011,0.004
5432,ORPHA:251347,Ataxia-telangiectasia-like disorder,34,0,21,215,215,0,0.0011,0.002
5433,ORPHA:989,Hypoglossia-hypodactyly syndrome,25,0,16,89,89,0,0.0011,0.004
5434,ORPHA:171629,Autosomal recessive spastic paraplegia type 35,37,0,21,316,316,0,0.0011,0.009
5435,ORPHA:96173,Ring chromosome 9 syndrome,15,0,10,25,25,0,0.0011,0.005
5436,ORPHA:96171,Ring chromosome 2 syndrome,25,0,17,54,54,0,0.0011,0.002
5437,ORPHA:96176,Ring chromosome 13 syndrome,42,0,22,156,156,0,0.0011,0.006
5438,ORPHA:401973,MEND syndrome,45,0,26,207,207,0,0.0011,0.004
5439,ORPHA:275872,Frontotemporal dementia with motor neuron disease,35,0,22,385,385,0,0.0011,0.002
5440,ORPHA:401986,1p31p32 microdeletion syndrome,18,0,11,63,63,0,0.0011,0.004
5441,ORPHA:306692,Cyanide-induced parkinsonism-dystonia,20,0,10,93,93,0,0.0011,0.002
5442,ORPHA:329308,Fatty acid hydroxylase-associated neurodegeneration,31,0,18,297,297,0,0.0011,0.002
5443,ORPHA:98771,Spinocerebellar ataxia type 18,18,0,16,80,80,0,0.0011,0.002
5444,ORPHA:247245,Superficial siderosis,49,0,33,580,580,0,0.0011,0.003
5445,ORPHA:98764,Spinocerebellar ataxia type 27A,19,0,12,108,108,0,0.0011,0.002
5446,ORPHA:98765,Spinocerebellar ataxia type 4,12,0,8,66,66,0,0.0011,0.002
5447,ORPHA:98760,Spinocerebellar ataxia type 8,23,0,14,124,124,0,0.0011,0.002
5448,ORPHA:261534,"49,XXXYY syndrome",34,0,17,99,99,0,0.0011,0.005
5449,ORPHA:98762,Spinocerebellar ataxia type 12,21,0,17,210,210,0,0.0011,0.002
5450,ORPHA:85448,AGel amyloidosis,45,0,30,216,216,0,0.0011,0.004
5451,ORPHA:247234,Sporadic adult-onset ataxia of unknown etiology,28,0,23,184,184,0,0.0011,0.002
5452,ORPHA:163937,"X-linked intellectual disability, Najm type",46,0,31,339,339,0,0.0011,0.003
5453,ORPHA:2598,Mitochondrial myopathy and sideroblastic anemia,19,0,15,52,52,0,0.0011,0.003
5454,ORPHA:2572,Spastic ataxia-corneal dystrophy syndrome,12,0,10,21,21,0,0.0011,0.002
5455,ORPHA:95613,Pituitary apoplexy,41,0,24,224,224,0,0.0011,0.003
5456,ORPHA:1237,Beemer-Ertbruggen syndrome,13,0,8,10,10,0,0.0011,0.002
5457,ORPHA:1225,Baller-Gerold syndrome,43,0,28,198,198,0,0.0011,0.004
5458,ORPHA:1215,Autosomal dominant optic atrophy plus syndrome,26,0,20,82,82,0,0.0011,0.002
5459,ORPHA:195,Cat-eye syndrome,20,0,12,19,19,0,0.0011,0.002
5460,ORPHA:306669,Hemiparkinsonism-hemiatrophy syndrome,17,0,10,69,69,0,0.0011,0.002
5461,ORPHA:458803,Spinocerebellar ataxia type 42,32,0,18,209,209,0,0.0011,0.003
5462,ORPHA:2515,Microcephaly-cardiomyopathy syndrome,15,0,11,18,18,0,0.0011,0.002
5463,ORPHA:2519,Microcephaly-seizures-intellectual disability-heart disease syndrome,24,0,19,43,43,0,0.0011,0.004
5464,ORPHA:2510,Micro syndrome,42,0,30,165,165,0,0.0011,0.004
5465,ORPHA:557003,Oculoskeletodental syndrome,38,0,30,150,150,0,0.0011,0.011
5466,ORPHA:2505,Multiple benign circumferential skin creases on limbs,30,0,21,49,49,0,0.0011,0.004
5467,ORPHA:254351,Distal 7q11.23 microdeletion syndrome,12,0,8,46,46,0,0.0011,0.004
5468,ORPHA:300573,Polymicrogyria due to TUBB2B mutation,30,0,24,353,353,0,0.0011,0.004
5469,ORPHA:139396,X-linked cerebral adrenoleukodystrophy,50,1,30,758,758,0,0.0011,0.024
5470,ORPHA:324540,Aphonia-deafness-retinal dystrophy-bifid halluces-intellectual disability syndrome,35,0,18,81,81,0,0.0011,0.005
5471,ORPHA:254346,19p13.12 microdeletion syndrome,55,0,39,232,232,0,0.0011,0.003
5472,ORPHA:319182,Wiedemann-Steiner syndrome,58,0,35,394,394,0,0.0011,0.028
5473,ORPHA:497764,Spinocerebellar ataxia type 43,21,0,12,84,84,0,0.0011,0.003
5474,ORPHA:88644,"Autosomal recessive ataxia, Beauce type",41,0,31,350,350,0,0.0011,0.005
5475,ORPHA:531151,9q21.13 microdeletion syndrome,24,0,18,43,43,0,0.0011,0.002
5476,ORPHA:411493,Pontocerebellar hypoplasia type 10,27,0,17,104,104,0,0.0011,0.005
5477,ORPHA:896,Waardenburg syndrome type 3,22,0,14,59,59,0,0.0011,0.003
5478,ORPHA:166108,Birk-Barel syndrome,33,0,16,199,199,0,0.0011,0.028
5479,ORPHA:3079,"Intellectual disability, Buenos-Aires type",30,0,18,128,128,0,0.0011,0.003
5480,ORPHA:3051,Nicolaides-Baraitser syndrome,50,0,32,308,308,0,0.0011,0.004
5481,ORPHA:3134,SCARF syndrome,32,0,12,119,119,0,0.0011,0.003
5482,ORPHA:563612,Isolated exencephaly,14,0,8,25,25,0,0.0011,0.002
5483,ORPHA:952,"Acrofacial dysostosis, Weyers type",19,0,13,42,42,0,0.0011,0.002
5484,ORPHA:352682,Cobblestone lissencephaly without muscular or ocular involvement,12,0,8,55,55,0,0.0011,0.002
5485,ORPHA:59298,Schilder disease,19,0,13,81,81,0,0.0011,0.002
5486,ORPHA:276413,10q22.3q23.3 microdeletion syndrome,30,0,15,93,93,0,0.0011,0.008
5487,ORPHA:171439,Childhood-onset nemaline myopathy,45,0,22,282,282,0,0.0011,0.024
5488,ORPHA:915,Aarskog-Scott syndrome,49,0,27,284,284,0,0.0011,0.003
5489,ORPHA:276435,Lower motor neuron syndrome with late-adult onset,25,0,17,110,110,0,0.0011,0.01
5490,ORPHA:137596,Neurotrophic keratopathy,15,0,7,57,57,0,0.0011,0.002
5491,ORPHA:137599,Herpes simplex virus stromal keratitis,17,0,6,92,92,0,0.0011,0.002
5492,ORPHA:50814,Craniolenticulosutural dysplasia,34,0,21,186,186,0,0.0011,0.009
5493,ORPHA:2662,Keipert syndrome,24,0,18,65,65,0,0.0011,0.002
5494,ORPHA:98805,"Primary dystonia, DYT4 type",17,0,10,56,56,0,0.0011,0.002
5495,ORPHA:268882,Arnold-Chiari malformation type I,44,0,22,377,377,0,0.0011,0.002
5496,ORPHA:293843,3MC syndrome,30,0,16,91,91,0,0.0011,0.002
5497,ORPHA:412066,PRKAR1B-related neurodegenerative dementia with intermediate filaments,21,0,10,190,190,0,0.0011,0.002
5498,ORPHA:412069,AHDC1-related intellectual disability-obstructive sleep apnea-mild dysmorphism syndrome,45,0,28,202,202,0,0.0011,0.005
5499,ORPHA:391474,Frontorhiny,29,0,16,128,128,0,0.0011,0.003
5500,ORPHA:231568,Autosomal dominant generalized dystrophic epidermolysis bullosa,15,0,8,92,92,0,0.0011,0.008
5501,ORPHA:1810,Autosomal dominant hypohidrotic ectodermal dysplasia,15,0,9,42,42,0,0.0011,0.004
5502,ORPHA:776,Lujan-Fryns syndrome,34,0,21,142,142,0,0.0011,0.002
5503,ORPHA:467166,Tubulinopathy-associated dysgyria,24,0,19,180,180,0,0.0011,0.008
5504,ORPHA:565624,Combined oxidative phosphorylation defect type 39,52,0,30,532,532,0,0.0011,0.003
5505,ORPHA:765,Pyruvate dehydrogenase deficiency,35,0,27,177,177,0,0.0011,0.002
5506,ORPHA:66529,Tako-Tsubo cardiomyopathy,33,1,17,281,281,0,0.0011,0.009
5507,ORPHA:1084,Isolated lissencephaly type 1 without known genetic defects,17,0,10,94,94,0,0.0011,0.004
5508,ORPHA:1063,Tufted angioma,16,0,12,42,42,0,0.0011,0.004
5509,ORPHA:261311,20q13.33 microdeletion syndrome,43,0,20,147,147,0,0.0011,0.005
5510,ORPHA:98933,"Multiple system atrophy, parkinsonian type",30,0,14,237,237,0,0.0011,0.002
5511,ORPHA:98934,Huntington disease-like 2,18,0,16,120,120,0,0.0011,0.002
5512,ORPHA:1010,Autosomal dominant palmoplantar keratoderma and congenital alopecia,25,0,12,158,158,0,0.0011,0.004
5513,ORPHA:98976,Congenital glaucoma,19,0,7,154,154,0,0.0011,0.002
5514,ORPHA:98973,Posterior polymorphous corneal dystrophy,20,0,12,190,190,0,0.0011,0.002
5515,ORPHA:251915,Papillary tumor of the pineal region,14,0,9,31,31,0,0.0011,0.002
5516,ORPHA:251909,Pineoblastoma,19,0,12,94,94,0,0.0011,0.002
5517,ORPHA:50944,Schöpf-Schulz-Passarge syndrome,12,0,8,36,36,0,0.0011,0.002
5518,ORPHA:363429,Autosomal recessive cerebellar ataxia-pyramidal signs-nystagmus-oculomotor apraxia syndrome,31,0,16,203,203,0,0.0011,0.004
5519,ORPHA:251912,Pineocytoma,13,0,9,29,29,0,0.0011,0.002
5520,ORPHA:98913,Postsynaptic congenital myasthenic syndrome,37,0,14,258,258,0,0.0011,0.012
5521,ORPHA:98909,Desminopathy,18,0,11,65,65,0,0.0011,0.002
5522,ORPHA:293964,Hypoinsulinemic hypoglycemia and body hemihypertrophy,12,0,3,14,14,0,0.0011,0.002
5523,ORPHA:70588,Meconium aspiration syndrome,20,0,13,58,58,0,0.0011,0.006
5524,ORPHA:52047,Braddock syndrome,24,0,15,46,46,0,0.0011,0.002
5525,ORPHA:247815,Autosomal recessive ataxia due to PEX10 deficiency,17,0,9,59,59,0,0.0011,0.002
5526,ORPHA:251066,8p11.2 deletion syndrome,36,0,28,82,82,0,0.0011,0.004
5527,ORPHA:75567,Primary progressive freezing gait,21,0,14,121,121,0,0.0011,0.002
5528,ORPHA:206448,Adult Krabbe disease,44,0,31,529,529,0,0.0011,0.003
5529,ORPHA:320396,Autosomal recessive spastic paraplegia type 45,14,0,11,43,43,0,0.0011,0.005
5530,ORPHA:320391,Autosomal recessive spastic paraplegia type 46,33,0,24,215,215,0,0.0011,0.002
5531,ORPHA:320380,Autosomal recessive spastic paraplegia type 54,16,0,13,58,58,0,0.0011,0.004
5532,ORPHA:261236,16p13.11 microdeletion syndrome,40,0,25,174,174,0,0.0011,0.024
5533,ORPHA:320370,Autosomal recessive spastic paraplegia type 43,17,0,9,85,85,0,0.0011,0.003
5534,ORPHA:168563,"46,XY gonadal dysgenesis-motor and sensory neuropathy syndrome",26,0,12,107,107,0,0.0011,0.003
5535,ORPHA:261229,14q11.2 microduplication syndrome,24,0,15,80,80,0,0.0011,0.005
5536,ORPHA:1192,Atherosclerosis-deafness-diabetes-epilepsy-nephropathy syndrome,23,0,19,43,43,0,0.0011,0.005
5537,ORPHA:435638,Proximal 3p25.3 microdeletion syndrome,51,0,29,330,330,0,0.0011,0.002
5538,ORPHA:572798,WARS2-related combined oxidative phosphorylation defect,57,0,39,521,521,0,0.0011,0.004
5539,ORPHA:276630,Symptomatic form of Coffin-Lowry syndrome in female carriers,21,0,10,44,44,0,0.0011,0.002
5540,ORPHA:1166,Congenital unilateral hypoplasia of depressor anguli oris,26,0,23,57,57,0,0.0011,0.003
5541,ORPHA:2477,Isolated megalencephaly,16,0,9,42,42,0,0.0011,0.002
5542,ORPHA:320411,Autosomal recessive spastic paraplegia type 56,14,0,12,91,91,0,0.0011,0.004
5543,ORPHA:100989,Autosomal dominant spastic paraplegia type 8,19,0,11,96,96,0,0.0011,0.01
5544,ORPHA:140989,Primary angiitis of the central nervous system,30,0,23,206,206,0,0.0011,0.003
5545,ORPHA:314588,Distal triplication 15q syndrome,45,0,31,159,159,0,0.0011,0.008
5546,ORPHA:529962,17q24.2 microdeletion syndrome,46,0,21,174,174,0,0.0011,0.004
5547,ORPHA:2412,Dislocation of the hip-dysmorphism syndrome,20,0,12,64,64,0,0.0011,0.003
5548,ORPHA:163690,Hypotonia-cystinuria syndrome,14,0,10,11,11,0,0.0011,0.002
5549,ORPHA:2407,Laryngo-onycho-cutaneous syndrome,22,0,15,56,56,0,0.0011,0.002
5550,ORPHA:2963,"Progeroid syndrome, Petty type",28,0,17,140,140,0,0.0011,0.003
5551,ORPHA:1627,Deletion 5q35 syndrome,14,0,9,23,23,0,0.0011,0.002
5552,ORPHA:598,Multiminicore myopathy,21,0,19,108,108,0,0.0011,0.002
5553,ORPHA:597,Central core disease,24,0,17,90,90,0,0.0011,0.002
5554,ORPHA:2932,Chronic inflammatory demyelinating polyneuropathy,17,0,10,108,108,0,0.0011,0.002
5555,ORPHA:588,Muscle-eye-brain disease,23,0,23,76,76,0,0.0011,0.002
5556,ORPHA:261190,Cleft palate-congenital heart defect-intellectual disability syndrome due to 15q14 microdeletion,28,0,14,92,92,0,0.0011,0.036
5557,ORPHA:314655,Severe neonatal hypotonia-seizures-encephalopathy syndrome due to 5q31.3 microdeletion,37,0,23,163,163,0,0.0011,0.015
5558,ORPHA:566,Congenital microcoria,18,0,8,153,153,0,0.0011,0.002
5559,ORPHA:254854,Pure mitochondrial myopathy,33,0,16,264,264,0,0.0011,0.01
5560,ORPHA:314603,Autosomal recessive spastic ataxia with leukoencephalopathy,16,0,10,68,68,0,0.0011,0.002
5561,ORPHA:542306,GNB5-related intellectual disability-cardiac arrhythmia syndrome,22,0,10,56,56,0,0.0011,0.004
5562,ORPHA:542310,Leukoencephalopathy with calcifications and cysts,26,0,18,325,325,0,0.0011,0.002
5563,ORPHA:2062,Progressive non-infectious anterior vertebral fusion,27,0,14,122,122,0,0.0011,0.003
5564,ORPHA:2066,Gamma-aminobutyric acid transaminase deficiency,22,0,13,109,109,0,0.0011,0.002
5565,ORPHA:2169,Methylcobalamin deficiency type cblE,50,0,40,251,251,0,0.0011,0.004
5566,ORPHA:248111,Juvenile Huntington disease,24,0,16,191,191,0,0.0011,0.002
5567,ORPHA:609,Tibial muscular dystrophy,16,0,4,70,70,0,0.0011,0.009
5568,ORPHA:447760,Autosomal recessive spastic paraplegia type 9B,29,0,21,205,205,0,0.0011,0.002
5569,ORPHA:1698,Mosaic trisomy 12 syndrome,19,0,10,19,19,0,0.0011,0.007
5570,ORPHA:71213,Retinal cavernous hemangioma,19,1,9,153,153,0,0.0011,0.002
5571,ORPHA:397946,Autosomal spastic paraplegia type 58,33,0,25,361,361,0,0.0011,0.004
5572,ORPHA:247604,Juvenile primary lateral sclerosis,15,0,9,75,75,0,0.0011,0.002
5573,ORPHA:397951,Microcephaly-thin corpus callosum-intellectual disability syndrome,18,0,15,81,81,0,0.0011,0.004
5574,ORPHA:363710,Spinocerebellar ataxia type 37,16,0,10,67,67,0,0.0011,0.002
5575,ORPHA:475,Isolated Joubert syndrome,37,0,27,147,147,0,0.0011,0.004
5576,ORPHA:527497,NKX6-2-related autosomal recessive hypomyelinating leukodystrophy,24,0,22,145,145,0,0.0011,0.004
5577,ORPHA:1727,22q11.2 duplication syndrome,40,0,26,136,136,0,0.0011,0.031
5578,ORPHA:1723,Mosaic trisomy 2 syndrome,24,0,20,61,61,0,0.0011,0.003
5579,ORPHA:1713,17p11.2 microduplication syndrome,35,0,22,157,157,0,0.0011,0.004
5580,ORPHA:79315,D-2-hydroxyglutaric aciduria,13,0,9,24,24,0,0.0011,0.002
5581,ORPHA:494,Keratoderma hereditarium mutilans,17,0,14,26,26,0,0.0011,0.002
5582,ORPHA:424,Familial hyperthyroidism due to mutations in TSH receptor,15,0,11,26,26,0,0.0011,0.002
5583,ORPHA:422,Idiopathic/heritable pulmonary arterial hypertension,13,0,9,30,30,0,0.0011,0.001
5584,ORPHA:572013,Posterior-predominant lissencephaly-broad flat pons and medulla-midline crossing defects syndrome,20,0,15,97,97,0,0.0011,0.004
5585,ORPHA:94065,15q24 microdeletion syndrome,52,0,36,236,236,0,0.0011,0.015
5586,ORPHA:101110,Spinocerebellar ataxia type 20,19,0,13,95,95,0,0.0011,0.002
5587,ORPHA:2183,Hydrocephalus-obesity-hypogonadism syndrome,16,0,7,13,13,0,0.0011,0.003
5588,ORPHA:2182,Hydrocephalus with stenosis of the aqueduct of Sylvius,15,0,11,49,49,0,0.0011,0.002
5589,ORPHA:99735,Myotonia permanens,21,0,20,42,42,0,0.0011,0.002
5590,ORPHA:99734,Myotonia fluctuans,21,0,10,65,65,0,0.0011,0.002
5591,ORPHA:2233,Hypogonadism-mitral valve prolapse-intellectual disability syndrome,15,0,10,14,14,0,0.0011,0.002
5592,ORPHA:279947,Postorgasmic illness syndrome,18,0,13,25,25,0,0.0011,0.002
5593,ORPHA:370079,Proximal 16p11.2 microduplication syndrome,38,0,24,198,198,0,0.0011,0.005
5594,ORPHA:2201,Palmoplantar keratoderma-spastic paralysis syndrome,12,0,9,20,20,0,0.0011,0.002
5595,ORPHA:79244,Pyruvate dehydrogenase E2 deficiency,31,1,18,209,209,0,0.0011,0.004
5596,ORPHA:231178,Usher syndrome type 2,21,0,18,87,87,0,0.0011,0.002
5597,ORPHA:371364,Hypotonia-speech impairment-severe cognitive delay syndrome,55,0,26,400,400,0,0.0011,0.004
5598,ORPHA:1797,Autosomal dominant spondylocostal dysostosis,22,0,14,90,90,0,0.0011,0.008
5599,ORPHA:231169,Usher syndrome type 1,16,0,13,41,41,0,0.0011,0.002
5600,ORPHA:397973,Intellectual disability-obesity-prognathism-eye and skin anomalies syndrome,27,0,16,77,77,0,0.0011,0.003
5601,ORPHA:1772,"45,X/46,XY mixed gonadal dysgenesis",60,0,32,355,355,0,0.0011,0.003
5602,ORPHA:1777,Temtamy syndrome,25,0,18,83,83,0,0.0011,0.004
5603,OMIM:117650,Cerebrocostomandibular syndrome,47,0,22,238,238,0,0.001,0.003
5604,OMIM:611091,"Intellectual developmental disorder, autosomal recessive 5",49,0,23,238,238,0,0.001,0.005
5605,OMIM:618512,O'donnell-Luria-Rodan syndrome,27,0,17,99,99,0,0.001,0.004
5606,OMIM:615803,"Pontocerebellar hypoplasia, type 10",46,0,24,301,301,0,0.001,0.024
5607,OMIM:620106,"Spastic paraplegia 88, autosomal dominant",19,0,11,141,141,0,0.001,0.002
5608,OMIM:614076,Hermansky-Pudlak syndrome 7,13,0,5,35,35,0,0.001,0.002
5609,OMIM:618658,Zimmermann-Laband syndrome 3,30,0,17,141,141,0,0.001,0.004
5610,OMIM:620310,Congenital myopathy 20,35,0,18,213,213,0,0.001,0.003
5611,OMIM:309548,"Intellectual developmental disorder, X-linked 109",19,0,12,66,66,0,0.001,0.005
5612,OMIM:618665,"Intellectual developmental disorder, autosomal recessive 72",23,0,10,69,69,0,0.001,0.004
5613,OMIM:613724,Leukoencephalopathy with dystonia and motor neuropathy,15,0,10,46,46,0,0.001,0.002
5614,OMIM:614077,Hermansky-Pudlak syndrome 8,28,0,14,180,180,0,0.001,0.002
5615,OMIM:621225,Congenital myopathy 26,25,0,14,80,80,0,0.001,0.01
5616,OMIM:613254,Tuberous sclerosis-2,38,0,17,248,248,0,0.001,0.004
5617,OMIM:614261,Microcephaly-Capillary malformation syndrome,40,0,25,148,148,0,0.001,0.002
5618,OMIM:610198,"3-methylglutaconic aciduria, type V",25,0,13,44,44,0,0.001,0.002
5619,OMIM:619194,Neurofacioskeletal syndrome with or without renal agenesis,58,0,30,348,348,0,0.001,0.005
5620,OMIM:252160,"Molybdenum cofactor deficiency, complementation group B",39,0,19,195,195,0,0.001,0.008
5621,OMIM:603457,Bosma arhinia microphthalmia syndrome,28,0,16,95,95,0,0.001,0.006
5622,OMIM:614671,Chromosome 16p11.2 duplication syndrome,18,0,11,42,42,0,0.001,0.005
5623,OMIM:118210,"Charcot-Marie-Tooth disease, axonal, type 2A1",18,0,11,84,84,0,0.001,0.003
5624,OMIM:620071,"Neurodevelopmental disorder with poor growth, spastic tetraplegia, and hearing loss",21,0,11,45,45,0,0.001,0.003
5625,OMIM:615948,Orofaciodigital syndrome XIV,47,0,23,276,276,0,0.001,0.004
5626,OMIM:118400,Cherubism,17,0,10,59,59,0,0.001,0.002
5627,OMIM:249620,Ohdo syndrome,31,0,23,109,109,0,0.001,0.005
5628,OMIM:302350,Nance-Horan syndrome,23,0,10,67,67,0,0.001,0.002
5629,OMIM:615424,Inclusion body myopathy with early-onset Paget disease without frontotemporal dementia 3,14,0,7,46,46,0,0.001,0.009
5630,OMIM:219200,"Cutis laxa, autosomal recessive, type IIA",40,0,25,186,186,0,0.001,0.005
5631,OMIM:254300,"Myasthenia, limb-girdle, familial",18,0,9,51,51,0,0.001,0.003
5632,OMIM:618470,Intellectual developmental disorder with severe speech and ambulation defects,20,0,9,73,73,0,0.001,0.003
5633,OMIM:612954,"Myopathy, myofibrillar, 6",32,1,15,174,174,0,0.001,0.01
5634,OMIM:612940,"Cutis laxa, autosomal recessive, type IIB",51,0,24,278,278,0,0.001,0.005
5635,OMIM:617804,Neurodevelopmental disorder with severe motor impairment and absent language,56,0,31,459,459,0,0.001,0.005
5636,OMIM:608703,Spinocerebellar ataxia 25,22,0,15,79,79,0,0.001,0.002
5637,OMIM:611252,"Spastic paraplegia 32, autosomal recessive",13,0,9,61,61,0,0.001,0.002
5638,OMIM:614882,Peroxisome biogenesis disorder 10A (Zellweger),18,0,11,32,32,0,0.001,0.004
5639,OMIM:614104,"Intellectual developmental disorder, autosomal dominant 7",59,0,30,442,442,0,0.001,0.014
5640,OMIM:224230,"Dyskeratosis congenita, autosomal recessive 1",24,0,17,67,67,0,0.001,0.004
5641,OMIM:619178,Myofibrillar myopathy 11,20,0,8,67,67,0,0.001,0.027
5642,OMIM:606070,Amyotrophic lateral sclerosis 21,23,0,12,94,94,0,0.001,0.011
5643,OMIM:617800,"Microcephaly 19, primary, autosomal recessive",12,0,6,31,31,0,0.001,0.002
5644,OMIM:221770,Polycystic lipomembranous osteodysplasia with sclerosing leukoencephalopathy,34,0,22,412,412,0,0.001,0.002
5645,OMIM:621587,Retinitis pigmentosa 107,24,0,12,122,122,0,0.001,0.002
5646,OMIM:617021,"Hydrops, lactic acidosis, and sideroblastic anemia",27,0,19,58,58,0,0.001,0.004
5647,OMIM:619024,Combined oxidative phosphorylation deficiency 49,12,0,5,17,17,0,0.001,0.002
5648,OMIM:618138,"Muscular dystrophy, limb-girdle, autosomal recessive 23",23,0,10,114,114,0,0.001,0.009
5649,OMIM:217980,"Corpus callosum, agenesis of, with facial anomalies and Robin sequence",43,0,26,206,206,0,0.001,0.003
5650,OMIM:239300,Hyperphosphatasia with impaired intellectual development syndrome 1,47,0,28,225,225,0,0.001,0.012
5651,OMIM:609008,Marfanoid habitus with situs inversus,19,0,9,40,40,0,0.001,0.002
5652,OMIM:619025,Combined oxidative phosphorylation deficiency 50,16,0,8,49,49,0,0.001,0.002
5653,OMIM:277480,"von Willebrand disease, type 3",12,0,4,66,66,0,0.001,0.001
5654,OMIM:253250,Mulibrey nanism,41,0,22,138,138,0,0.001,0.01
5655,OMIM:618529,"Robinow syndrome, autosomal recessive 2",34,0,16,199,199,0,0.001,0.003
5656,OMIM:239710,Acrofrontofacionasal dysostosis 2,25,0,12,81,81,0,0.001,0.002
5657,OMIM:615031,"Neuropathy, hereditary sensory and autonomic, type IX, with developmental delay",23,0,15,106,106,0,0.001,0.004
5658,OMIM:614105,Methylmalonate semialdehyde dehydrogenase deficiency,38,1,18,155,155,0,0.001,0.002
5659,OMIM:607812,Craniolenticulosutural dysplasia,41,0,18,282,282,0,0.001,0.009
5660,OMIM:610188,Joubert syndrome 5,27,0,14,83,83,0,0.001,0.004
5661,OMIM:615351,"Muscular dystrophy-dystroglycanopathy (congenital with impaired intellectual development), type B, 14",24,0,20,59,59,0,0.001,0.005
5662,OMIM:614701,Cornelia de Lange syndrome 4,45,0,21,300,300,0,0.001,0.011
5663,OMIM:614067,"Spastic paraplegia 52, autosomal recessive",30,0,17,157,157,0,0.001,0.004
5664,OMIM:248510,"Mannosidosis, beta",16,0,12,21,21,0,0.001,0.002
5665,OMIM:250410,Retinitis pigmentosa with or without skeletal anomalies,46,0,34,189,189,0,0.001,0.005
5666,OMIM:167210,Pachyonychia congenita 2,15,0,8,64,64,0,0.001,0.002
5667,OMIM:619542,King-Denborough syndrome,38,0,21,151,151,0,0.001,0.002
5668,OMIM:619556,"Intellectual developmental disorder with hypotonia, impaired speech, and dysmorphic facies",32,0,21,147,147,0,0.001,0.005
5669,OMIM:616881,"Leukodystrophy, hypomyelinating, 13",23,0,17,107,107,0,0.001,0.002
5670,OMIM:605355,"Nemaline myopathy 5, Amish type",14,0,9,48,48,0,0.001,0.005
5671,OMIM:619185,Joubert syndrome 37,34,0,15,79,79,0,0.001,0.002
5672,OMIM:620937,Kariminejad neurodevelopmental syndrome,37,0,18,183,183,0,0.001,0.004
5673,OMIM:100300,Adams-Oliver syndrome 1,39,0,30,153,153,0,0.001,0.004
5674,OMIM:617468,"Arthrogryposis multiplex congenita, neurogenic, with myelin defect",28,0,16,112,112,0,0.001,0.002
5675,OMIM:610475,"Pigmented nodular adrenocortical disease, primary, 2",22,0,9,32,32,0,0.001,0.003
5676,OMIM:620777,"Pulmonary hypertension, primary, 6",17,0,11,48,48,0,0.001,0.005
5677,OMIM:612921,3-M syndrome 2,33,0,13,263,263,0,0.001,0.002
5678,OMIM:616602,Craniosynostosis 6,23,0,15,110,110,0,0.001,0.002
5679,OMIM:182210,Shprintzen omphalocele syndrome,25,0,12,58,58,0,0.001,0.003
5680,OMIM:618820,Genitourinary and/or/brain malformation syndrome,47,0,24,216,216,0,0.001,0.008
5681,OMIM:616831,Luscan-Lumish syndrome,33,0,17,136,136,0,0.001,0.005
5682,OMIM:620428,"Neurodevelopmental disorder with motor and language delay, ocular defects, and brain abnormalities",42,0,26,280,280,0,0.001,0.005
5683,OMIM:614969,"Pontocerebellar hypoplasia, type 7",49,0,35,347,347,0,0.001,0.004
5684,OMIM:620158,Spinocerebellar ataxia 50,16,0,13,69,69,0,0.001,0.002
5685,OMIM:619040,Myofibrillar myopathy 10,19,0,8,63,63,0,0.001,0.002
5686,OMIM:605253,"Neuropathy, congenital hypomyelinating, 1, autosomal recessive",12,0,10,27,27,0,0.001,0.003
5687,OMIM:255320,Minicore myopathy with external ophthalmoplegia,32,0,21,150,150,0,0.001,0.01
5688,OMIM:105550,Amyotrophic lateral sclerosis and/or frontotemporal dementia 1,21,0,14,154,154,0,0.001,0.003
5689,OMIM:616749,"Heterotaxy, visceral, 7, autosomal",21,0,13,154,154,0,0.001,0.004
5690,OMIM:616211,Developmental and epileptic encephalopathy 28,47,0,27,443,443,0,0.001,0.002
5691,OMIM:617127,Orofaciodigital syndrome XV,15,0,6,19,19,0,0.001,0.002
5692,OMIM:235830,Histidinuria due to A renal tubular defect,13,0,6,10,10,0,0.001,0.004
5693,OMIM:615095,"Microcephaly 10, primary, autosomal recessive",20,0,10,74,74,0,0.001,0.002
5694,OMIM:612936,"Spastic paraplegia 50, autosomal recessive",32,0,20,187,187,0,0.001,0.004
5695,OMIM:607485,Frontotemporal lobar degeneration with TDP43 inclusions,24,0,10,253,253,0,0.001,0.002
5696,OMIM:619056,Neurodevelopmental disorder with speech impairment and dysmorphic facies,36,0,23,123,123,0,0.001,0.005
5697,OMIM:617090,"Microcephaly 17, primary, autosomal recessive",27,0,18,149,149,0,0.001,0.005
5698,OMIM:613751,"Heterotaxy, visceral, 4, autosomal",15,0,7,93,93,0,0.001,0.011
5699,OMIM:619268,Alzahrani-Kuwahara syndrome,35,0,20,96,96,0,0.001,0.006
5700,OMIM:617523,Neurodevelopmental disorder with midbrain and hindbrain malformations,26,0,17,86,86,0,0.001,0.005
5701,OMIM:608358,"Congenital myopathy 7A, myosin storage, autosomal dominant",23,0,5,139,139,0,0.001,0.01
5702,OMIM:600274,Frontotemporal dementia,17,0,9,136,136,0,0.001,0.002
5703,OMIM:614407,"Microcephaly, cerebellar hypoplasia, and cardiac conduction defect syndrome",32,0,19,118,118,0,0.001,0.003
5704,OMIM:601552,"Facial dysmorphism, lens dislocation, anterior segment abnormalities, and spontaneous filtering blebs",35,0,16,200,200,0,0.001,0.002
5705,OMIM:234050,"Trichothiodystrophy 4, nonphotosensitive",30,0,22,96,96,0,0.001,0.004
5706,OMIM:604360,"Spastic paraplegia 11, autosomal recessive",38,0,28,352,352,0,0.001,0.01
5707,OMIM:616228,"Myasthenic syndrome, congenital, 14",22,0,10,127,127,0,0.001,0.01
5708,OMIM:619641,Hengel-Maroofian-Schols syndrome,37,0,27,230,230,0,0.001,0.004
5709,OMIM:611590,"Renal tubular acidosis, distal, with hemolytic anemia",16,0,10,14,14,0,0.001,0.003
5710,OMIM:255125,"Myopathy with exercise intolerance, Swedish type",32,0,20,130,130,0,0.001,0.002
5711,OMIM:614563,"Cortical dysplasia, complex, with other brain malformations 13",26,0,14,168,168,0,0.001,0.004
5712,OMIM:617532,Intellectual developmental disorder with neuropsychiatric features,14,0,6,30,30,0,0.001,0.004
5713,OMIM:616638,Smith-Kingsmore syndrome,41,0,21,179,179,0,0.001,0.004
5714,OMIM:617268,"Neurodevelopmental disorder with hypotonia, seizures, and absent language",39,0,22,214,214,0,0.001,0.004
5715,OMIM:184840,"Stickler syndrome, type III",13,0,6,25,25,0,0.001,0.002
5716,OMIM:246560,Split-Hand/foot malformation 3,14,0,11,18,18,0,0.001,0.002
5717,OMIM:617296,"Spastic paraplegia, intellectual disability, nystagmus, and obesity",33,0,17,151,151,0,0.001,0.005
5718,OMIM:607734,"Charcot-Marie-Tooth disease, demyelinating, type 1F",16,0,11,79,79,0,0.001,0.003
5719,OMIM:617916,Neurodegeneration with brain iron accumulation 7,23,0,20,156,156,0,0.001,0.002
5720,OMIM:619873,Parenti-Mignot neurodevelopmental syndrome,24,0,13,90,90,0,0.001,0.005
5721,OMIM:614833,"Microcephaly, short stature, and polymicrogyria with or without seizures",23,0,16,115,115,0,0.001,0.004
5722,OMIM:618006,"Leukodystrophy, hypomyelinating, 17",23,0,15,92,92,0,0.001,0.003
5723,OMIM:601596,"Charcot-Marie-Tooth disease, type 4C",26,0,15,120,120,0,0.001,0.003
5724,OMIM:615722,Bosch-Boonstra-Schaaf optic atrophy syndrome,29,0,16,76,76,0,0.001,0.004
5725,OMIM:300696,"Myopathy, X-linked, with postural muscle atrophy",19,0,9,93,93,0,0.001,0.002
5726,OMIM:619124,Developmental and epileptic encephalopathy 89,43,0,20,245,245,0,0.001,0.004
5727,OMIM:613390,"Fanconi anemia, complementation group O",15,0,8,21,21,0,0.001,0.002
5728,OMIM:601186,"Microphthalmia, syndromic 9",42,0,20,158,158,0,0.001,0.024
5729,OMIM:257320,Lissencephaly 2,12,0,9,32,32,0,0.001,0.002
5730,OMIM:620439,"Intellectual developmental disorder, autosomal dominant 72",33,0,15,105,105,0,0.001,0.008
5731,OMIM:617281,"Epileptic encephalopathy, early infantile, 49",40,0,23,427,427,0,0.001,0.002
5732,OMIM:616606,Ring chromosome 14 syndrome,26,0,16,112,112,0,0.001,0.005
5733,OMIM:614039,"Cortical dysplasia, complex, with other brain malformations 1",18,0,13,108,108,0,0.001,0.005
5734,OMIM:620161,Congenital myopathy 15,16,0,9,40,40,0,0.001,0.002
5735,OMIM:604772,"Ventricular tachycardia, catecholaminergic polymorphic, 1, with or without atrial dysfunction and/or dilated cardiomyopathy",13,0,5,67,67,0,0.001,0.002
5736,OMIM:614575,"Cerebellar ataxia, neuropathy, and vestibular areflexia syndrome",25,0,15,147,147,0,0.001,0.002
5737,OMIM:619680,Marbach-Schaaf neurodevelopmental syndrome,36,0,17,198,198,0,0.001,0.002
5738,OMIM:612702,Hypogonadotropic hypogonadism 6 with or without anosmia,12,0,9,17,17,0,0.001,0.003
5739,OMIM:613811,"Pontocerebellar hypoplasia, type 2D",18,0,12,123,123,0,0.001,0.004
5740,OMIM:618763,Joubert syndrome 36,14,0,10,20,20,0,0.001,0.004
5741,OMIM:607855,"Muscular dystrophy, congenital, merosin deficient or partially deficient",16,0,15,36,36,0,0.001,0.005
5742,OMIM:614424,Joubert syndrome 14,43,0,24,217,217,0,0.001,0.004
5743,OMIM:607458,Spinocerebellar ataxia 18,13,0,8,38,38,0,0.001,0.002
5744,OMIM:618578,"Myopathy, congenital, progressive, with scoliosis",27,0,18,68,68,0,0.001,0.002
5745,OMIM:220210,Ritscher-Schinzel syndrome 1,35,0,21,130,130,0,0.001,0.003
5746,OMIM:619699,Ferguson-Bonni neurodevelopmental syndrome,15,0,10,13,13,0,0.001,0.002
5747,OMIM:268320,Rodrigues blindness,14,0,8,12,12,0,0.001,0.002
5748,OMIM:619909,"Pontocerebellar hypoplasia, type 17",26,0,15,76,76,0,0.001,0.002
5749,OMIM:617930,Chromosome 1p35 deletion syndrome,38,0,22,102,102,0,0.001,0.005
5750,OMIM:174000,"Tubulointerstitial kidney disease, autosomal dominant, 2",19,0,9,70,70,0,0.001,0.011
5751,OMIM:620352,"Developmental and epileptic encephalopathy 31B, autosomal recessive",39,0,22,290,290,0,0.001,0.002
5752,OMIM:616192,"Ataxia, combined cerebellar and peripheral, with hearing loss and diabetes mellitus",16,0,9,55,55,0,0.001,0.002
5753,OMIM:613954,Frontotemporal dementia and/or amyotrophic lateral sclerosis 6,25,0,14,154,154,0,0.001,0.002
5754,OMIM:609924,Aminoacylase 1 deficiency,18,0,15,39,39,0,0.001,0.002
5755,OMIM:618197,"Myasthenic syndrome, congenital, 23, presynaptic",16,0,8,54,54,0,0.001,0.002
5756,OMIM:616811,Combined oxidative phosphorylation deficiency 29,22,0,13,105,105,0,0.001,0.003
5757,OMIM:615465,Hartsfield syndrome,28,0,16,74,74,0,0.001,0.003
5758,OMIM:611603,Lissencephaly 3,22,0,16,195,195,0,0.001,0.004
5759,OMIM:146500,"Multiple system atrophy 1, susceptibility to",23,0,15,86,86,0,0.001,0.002
5760,OMIM:152950,"Microcephaly with or without chorioretinopathy, lymphedema, or impaired intellectual development",39,0,17,238,238,0,0.001,0.003
5761,OMIM:129500,Clouston syndrome,25,0,21,141,141,0,0.001,0.008
5762,OMIM:620958,Foveal hypoplasia 3,20,0,10,172,172,0,0.001,0.002
5763,OMIM:615539,"Ehlers-Danlos syndrome, musculocontractural type, 2",33,0,12,129,129,0,0.001,0.005
5764,OMIM:619473,Oculopharyngodistal myopathy 3,25,0,19,76,76,0,0.001,0.002
5765,OMIM:609304,"Epileptic encephalopathy, early infantile, 3",12,0,10,50,50,0,0.001,0.002
5766,OMIM:610127,"Ceroid lipofuscinosis, neuronal, 10",27,0,17,111,111,0,0.001,0.002
5767,OMIM:608768,Spinocerebellar ataxia 8,15,0,14,61,61,0,0.001,0.002
5768,OMIM:125310,"Cerebral arteriopathy, autosomal dominant, with subcortical infarctsand leukoencephalopathy",25,0,16,182,182,0,0.001,0.002
5769,OMIM:616393,"Intellectual developmental disorder, autosomal dominant 38",27,0,11,128,128,0,0.001,0.004
5770,OMIM:610245,Spinocerebellar ataxia 23,17,0,11,106,106,0,0.001,0.002
5771,OMIM:256030,"Nemaline myopathy 2, autosomal recessive",57,0,27,549,549,0,0.001,0.028
5772,OMIM:615314,Craniosynostosis 3,14,0,5,31,31,0,0.001,0.002
5773,OMIM:618142,"Microcephaly, facial dysmorphism, renal agenesis, and ambiguous genitalia syndrome",33,0,19,117,117,0,0.001,0.002
5774,OMIM:613573,Ectodermal dysplasia-syndactyly syndrome 1,19,0,14,78,78,0,0.001,0.002
5775,OMIM:257850,"Oculodentodigital dysplasia, autosomal recessive",47,0,22,355,355,0,0.001,0.005
5776,OMIM:218000,Agenesis of the corpus callosum with peripheral neuropathy,54,0,36,502,502,0,0.001,0.01
5777,OMIM:615704,"Poikiloderma, hereditary fibrosing, with tendon contractures, myopathy, and pulmonary fibrosis",19,0,17,29,29,0,0.001,0.002
5778,OMIM:617107,Thauvin-Robinet-Faivre syndrome,37,0,21,81,81,0,0.001,0.004
5779,OMIM:620542,"Neuronopathy, distal hereditary motor, autosomal recessive 10",24,0,14,115,115,0,0.001,0.002
5780,OMIM:618977,Optic atrophy 12,40,0,33,352,352,0,0.001,0.003
5781,OMIM:312920,"Spastic paraplegia 2, X-linked",19,0,15,92,92,0,0.001,0.002
5782,OMIM:616779,"Cerebral arteriopathy, autosomal dominant, with subcortical infarcts and leukoencephalopathy, type 2",14,0,10,82,82,0,0.001,0.002
5783,OMIM:105210,"Amyloidosis, hereditary, transthyretin-related",51,0,33,481,481,0,0.001,0.002
5784,OMIM:619476,Joubert syndrome 38,20,0,10,45,45,0,0.001,0.003
5785,OMIM:618973,"Neurodegeneration, infantile-onset, biotin-responsive",18,0,13,65,65,0,0.001,0.002
5786,OMIM:611228,"Charcot-Marie-Tooth disease, type 4J",14,0,9,51,51,0,0.001,0.002
5787,OMIM:257920,3MC syndrome 1,46,0,24,259,259,0,0.001,0.002
5788,OMIM:610644,"Palmoplantar hyperkeratosis with squamous cell carcinoma of skin and 46,xx sex reversal",18,0,6,32,32,0,0.001,0.002
5789,OMIM:300887,Linear skin defects with multiple congenital anomalies 2,28,0,18,55,55,0,0.001,0.004
5790,OMIM:619072,Neurodevelopmental disorder with seizures and brain atrophy,16,1,9,56,56,0,0.001,0.002
5791,OMIM:236500,"Multinucleated neurons, anhydramnios, renal dysplasia, cerebellar hypoplasia, and hydranencephaly",28,0,11,87,87,0,0.001,0.002
5792,OMIM:239800,"Hypertelorism, microtia, facial clefting syndrome",21,0,15,53,53,0,0.001,0.006
5793,OMIM:300717,"Myopathy, reducing body, X-linked, early-onset, severe",13,0,8,32,32,0,0.001,0.002
5794,OMIM:617507,Peho-Like syndrome,30,0,18,158,158,0,0.001,0.003
5795,OMIM:300514,"Fanconi anemia, complementation group B",30,0,18,40,40,0,0.001,0.003
5796,OMIM:616817,"Microcephaly, short stature, and impaired glucose metabolism 2",45,0,32,181,181,0,0.001,0.007
5797,OMIM:619517,Neurodevelopmental disorder with seizures and brain abnormalities,26,0,14,196,196,0,0.001,0.002
5798,OMIM:614594,Olmsted syndrome 1,17,0,11,68,68,0,0.001,0.002
5799,OMIM:164200,Oculodentodigital dysplasia,53,0,32,329,329,0,0.001,0.011
5800,OMIM:616354,"Spinocerebellar ataxia, autosomal recessive 20",49,0,35,330,330,0,0.001,0.005
5801,OMIM:615926,Webb-Dattani syndrome,26,0,13,72,72,0,0.001,0.003
5802,OMIM:191100,Tuberous sclerosis-1,37,0,17,241,241,0,0.001,0.004
5803,OMIM:172700,Pick disease of brain,17,0,9,136,136,0,0.001,0.002
5804,OMIM:619311,Hiatt-Neu-Cooper neurodevelopmental syndrome,22,0,9,61,61,0,0.001,0.005
5805,OMIM:122860,"Craniodiaphyseal dysplasia, autosomal dominant",22,0,12,64,64,0,0.001,0.002
5806,OMIM:619461,"Myasthenic syndrome, congenital, 7B, presynaptic, autosomal recessive",29,0,17,89,89,0,0.001,0.011
5807,OMIM:212066,"Congenital disorder of glycosylation, type IIa",57,0,30,389,389,0,0.001,0.015
5808,OMIM:621129,"Neurodegeneration, early-childhood-onset, with retinitis pigmentosa, sensorineural hearing loss, and demyelinating peripheral neuropathy ",29,0,20,115,115,0,0.001,0.003
5809,OMIM:607313,"Gaze palsy, familial horizontal, with progressive scoliosis, 1",16,0,10,40,40,0,0.001,0.002
5810,OMIM:601992,Friedreich ataxia 2,23,0,15,70,70,0,0.001,0.002
5811,OMIM:618347,Galloway-Mowat syndrome 6,31,0,22,120,120,0,0.001,0.005
5812,OMIM:620141,"Developmental delay, language impairment, and ocular abnormalities",26,0,14,100,100,0,0.001,0.004
5813,OMIM:150400,"Tooth agenesis, selective, 4",16,0,7,73,73,0,0.001,0.003
5814,OMIM:614019,Lissencephaly 4,16,0,10,58,58,0,0.001,0.004
5815,OMIM:606353,"Primary lateral sclerosis, juvenile",19,0,8,108,108,0,0.001,0.002
5816,OMIM:618186,"Neuropathy, congenital hypomyelinating, 3",40,0,26,193,193,0,0.001,0.002
5817,OMIM:618810,"Pontocerebellar hypoplasia, hypotonia, and respiratory insufficiency syndrome, neonatal lethal",24,0,15,39,39,0,0.001,0.004
5818,OMIM:500002,Mitochondrial myopathy with diabetes,22,0,16,90,90,0,0.001,0.002
5819,OMIM:105400,Amyotrophic lateral sclerosis 1,13,0,9,51,51,0,0.001,0.002
5820,OMIM:612469,WAGRO syndrome,32,0,18,101,101,0,0.001,0.002
5821,OMIM:300067,"Lissencephaly, X-linked, 1",15,0,12,56,56,0,0.001,0.005
5822,OMIM:181270,Scalp-ear-nipple syndrome,58,0,25,248,248,0,0.001,0.011
5823,OMIM:618346,"Microcephaly, growth deficiency, seizures, and brain malformations",24,0,14,67,67,0,0.001,0.002
5824,OMIM:617101,Intellectual developmental disorder with persistence of fetal hemoglobin,30,0,14,122,122,0,0.001,0.004
5825,OMIM:617364,Congenital heart defects and ectodermal dysplasia,27,0,16,114,114,0,0.001,0.006
5826,OMIM:270450,"Insulin-Like growth factor I, resistance to",52,0,29,286,286,0,0.001,0.005
5827,OMIM:620047,"Microcephaly 29, primary, autosomal recessive",17,0,6,48,48,0,0.001,0.004
5828,OMIM:300148,Mehmo syndrome,39,0,25,209,209,0,0.001,0.005
5829,OMIM:606889,Alzheimer disease-4,18,0,12,120,120,0,0.001,0.002
5830,OMIM:263570,"Polyglucosan body neuropathy, adult form",15,0,11,68,68,0,0.001,0.002
5831,OMIM:619759,Tessadori-van Haaften neurodevelopmental syndrome 2,21,0,11,41,41,0,0.001,0.005
5832,OMIM:249400,"Neurocutaneous melanosis, somatic",12,0,8,48,48,0,0.001,0.002
5833,OMIM:618484,"Arthrogryposis multiplex congenita 3, myogenic type",28,0,18,117,117,0,0.001,0.002
5834,OMIM:613710,Thiamine metabolism dysfunction syndrome 4 (bilateral striatal degenerationand progressive polyneuropathy type),12,0,11,27,27,0,0.001,0.002
5835,OMIM:601499,"Axenfeld-rieger syndrome, type 2",23,0,12,52,52,0,0.001,0.003
5836,OMIM:618862,"Neurodevelopmental disorder with hypotonia, microcephaly, and seizures",32,0,18,144,144,0,0.001,0.005
5837,OMIM:258040,OEIS complex,32,0,11,183,183,0,0.001,0.009
5838,OMIM:202400,"Afibrinogenemia, congenitalhypofibrinogenemia, congenital, included",14,0,2,82,82,0,0.001,0.003
5839,OMIM:300968,"Intellectual developmental disorder, X-linked 99, syndromic, female-restricted",57,0,35,256,256,0,0.001,0.005
5840,OMIM:619189,Li-Campeau syndrome,25,0,14,26,26,0,0.001,0.004
5841,OMIM:258450,"Progressive external ophthalmoplegia with mitochondrial DNA deletions,autosomal recessive",59,0,33,461,461,0,0.001,0.002
5842,OMIM:612989,Optic atrophy 7 with or without auditory neuropathy,12,0,11,36,36,0,0.001,0.002
5843,OMIM:620250,"Neurodevelopmental disorder with seizures, spasticity, and complete or partial agenesis of the corpus callosum",49,0,25,356,356,0,0.001,0.005
5844,OMIM:615599,"Neurodevelopmental disorder with feeding difficulties, thin corpus callosum, and foot deformity",17,0,14,79,79,0,0.001,0.005
5845,OMIM:149730,Lacrimoauriculodentodigital syndrome-1,49,1,18,360,360,0,0.001,0.008
5846,OMIM:613671,"Impaired intellectual development, anterior maxillary protrusion, and strabismus",15,0,9,29,29,0,0.001,0.004
5847,OMIM:616051,"Microcephaly 13, primary, autosomal recessive",21,0,10,50,50,0,0.001,0.002
5848,OMIM:613673,"Anemia, dyserythropoietic congenital, type IV",29,0,14,96,96,0,0.001,0.01
5849,OMIM:301043,"Holoprosencephaly 13, X-linked",31,0,15,98,98,0,0.001,0.01
5850,OMIM:615982,Bardet-Biedl syndrome 4,14,0,14,16,16,0,0.001,0.002
5851,OMIM:619835,"3-methylglutaconic aciduria, type VIIA, autosomal dominant",17,0,11,59,59,0,0.001,0.002
5852,OMIM:620865,"Ehlers-Danlos syndrome, classic-like, 3",18,0,12,48,48,0,0.001,0.002
5853,OMIM:617011,"Macrocephaly, dysmorphic facies, and psychomotor retardation",41,0,20,185,185,0,0.001,0.004
5854,OMIM:300942,Chromosome Xq26.3 duplication syndrome,23,0,16,47,47,0,0.001,0.003
5855,OMIM:617788,"Intellectual developmental disorder, autosomal dominant 51",34,0,16,152,152,0,0.001,0.005
5856,OMIM:615821,"Cardiomyopathy, dilated, with woolly hair, keratoderma, and tooth agenesis",15,0,10,52,52,0,0.001,0.003
5857,OMIM:615809,"Pontocerebellar hypoplasia, type 9",33,0,22,209,209,0,0.001,0.004
5858,OMIM:255200,"Myopathy, centronuclear, 2",31,0,21,128,128,0,0.001,0.004
5859,OMIM:620469,"Cranial dysinnervation disorder, congenital, with absent corneal reflex and developmental delay",26,0,14,83,83,0,0.001,0.002
5860,OMIM:618109,"Intellectual developmental disorder, autosomal recessive 65",34,0,17,109,109,0,0.001,0.004
5861,OMIM:618492,Neurodevelopmental disorder with microcephaly and structural brain anomalies,29,0,17,207,207,0,0.001,0.004
5862,OMIM:255995,Congenital myopathy 13,40,0,26,197,197,0,0.001,0.007
5863,OMIM:227330,"Faciodigitogenital syndrome, autosomal recessive",36,0,16,192,192,0,0.001,0.003
5864,OMIM:610031,"Cortical dysplasia, complex, with other brain malformations 7",25,0,19,214,214,0,0.001,0.005
5865,OMIM:610743,"Spinocerebellar ataxia, autosomal recessive 8",19,0,16,58,58,0,0.001,0.002
5866,OMIM:148820,"Waardenburg syndrome, type 3",36,0,17,204,204,0,0.001,0.004
5867,OMIM:600430,Chromosome 2q37 deletion syndrome,43,0,26,219,219,0,0.001,0.005
5868,OMIM:614684,"Hypertelorism and other facial dysmorphism, brachydactyly, genital abnormalities, impaired intellectual development, and recurrent inflammatory episodes",25,0,11,61,61,0,0.001,0.002
5869,OMIM:616078,"Intellectual developmental disorder, autosomal dominant 29",57,0,36,351,351,0,0.001,0.005
5870,OMIM:618733,Neuromuscular disease and ocular or auditory anomalies with or without seizures,32,0,18,98,98,0,0.001,0.004
5871,OMIM:301091,"Epilepsy, X-linked 2, with or without impaired intellectual development and dysmorphic features",24,0,14,86,86,0,0.001,0.004
5872,OMIM:613676,Seckel syndrome 4,12,0,4,18,18,0,0.001,0.002
5873,OMIM:620519,Arrhythmogenic cardiomyopathy with variable ectodermal abnormalities,31,1,17,133,133,0,0.001,0.006
5874,OMIM:615763,"Cortical dysplasia, complex, with other brain malformations 5",16,0,9,81,81,0,0.001,0.002
5875,OMIM:617809,Geleophysic dysplasia 3,28,1,15,60,60,0,0.001,0.003
5876,OMIM:259775,Raine syndrome,50,0,26,463,463,0,0.001,0.003
5877,OMIM:257980,Odontoonychodermal dysplasia,32,0,14,327,327,0,0.001,0.009
5878,OMIM:601104,"Supranuclear palsy, progressive, 1",33,0,14,413,413,0,0.001,0.002
5879,OMIM:617982,Ververi-Brady syndrome,34,0,19,104,104,0,0.001,0.005
5880,OMIM:616322,"Myasthenic syndrome, congenital, 3B, fast-channel",14,0,12,23,23,0,0.001,0.001
5881,OMIM:616684,"Charcot-Marie-Tooth disease, type 4K",14,0,12,32,32,0,0.001,0.002
5882,OMIM:300749,Intellectual developmental disorder and microcephaly with pontine and cerebellar hypoplasia,49,0,32,290,290,0,0.001,0.004
5883,OMIM:616479,"Progressive external ophthalmoplegia with mitochondrial DNA deletions, autosomal recessive 2",42,0,30,269,269,0,0.001,0.002
5884,OMIM:137940,Hypotrichosis-Lymphedema-Telangiectasia-Renal defect syndrome,28,0,16,132,132,0,0.001,0.025
5885,OMIM:306700,Hemophilia A,13,0,3,68,68,0,0.001,0.002
5886,OMIM:101000,"Neurofibromatosis, type II",29,0,17,166,166,0,0.001,0.008
5887,OMIM:618050,"Intellectual developmental disorder, autosomal dominant 57",50,0,31,223,223,0,0.001,0.005
5888,OMIM:615574,Asparagine synthetase deficiency,58,0,31,626,626,0,0.001,0.024
5889,OMIM:613477,"Epileptic encephalopathy, early infantile, 5",19,0,10,127,127,0,0.001,0.002
5890,OMIM:601701,Arthrogryposis and ectodermal dysplasia,29,0,23,155,155,0,0.001,0.003
5891,OMIM:620718,Orofaciodigital syndrome XX,29,0,17,110,110,0,0.001,0.002
5892,OMIM:619833,Neurodevelopmental disorder with neuromuscular and skeletal abnormalities,58,0,32,384,384,0,0.001,0.021
5893,OMIM:601098,"Charcot-Marie-Tooth disease, demyelinating, type 1C",18,0,10,106,106,0,0.001,0.003
5894,OMIM:620888,Neurodevelopmental disorder with characteristic facial and ectodermal features and tetraparesis 1,38,0,24,212,212,0,0.001,0.002
5895,OMIM:193400,"von Willebrand disease, type 1",16,0,4,90,90,0,0.001,0.011
5896,OMIM:617598,Mosaic variegated aneuploidy syndrome 3,16,0,9,12,12,0,0.001,0.002
5897,OMIM:618443,Neurodevelopmental disorder with or without variable brain abnormalities,60,1,33,421,421,0,0.001,0.021
5898,OMIM:619173,"Neurodegeneration, childhood-onset, hypotonia, respiratory insufficiency and brain imaging abnormalities",26,0,13,37,37,0,0.001,0.002
5899,OMIM:616081,"Pontocerebellar hypoplasia, type 1C",19,0,14,45,45,0,0.001,0.002
5900,OMIM:304100,"Corpus callosum, partial agenesis of, X-linked",17,0,14,82,82,0,0.001,0.004
5901,OMIM:137200,"Neuromyotonia and axonal neuropathy, autosomal recessive",12,0,9,17,17,0,0.001,0.002
5902,OMIM:248450,Manitoba oculotrichoanal syndrome,15,0,6,30,30,0,0.001,0.003
5903,ORPHA:231147,Silver-Russell syndrome due to maternal uniparental disomy of chromosome 11,20,0,16,26,26,0,0.001,0.003
5904,ORPHA:220497,Joubert syndrome with renal defect,36,0,26,141,141,0,0.001,0.004
5905,ORPHA:353,Gamma-sarcoglycan-related limb-girdle muscular dystrophy R5,27,0,6,176,176,0,0.001,0.01
5906,ORPHA:101030,Subependymal nodular heterotopia,23,0,15,183,183,0,0.001,0.002
5907,ORPHA:444072,Cerebellar-facial-dental syndrome,52,0,27,266,266,0,0.001,0.004
5908,ORPHA:101029,Sub-cortical nodular heterotopia,15,0,15,81,81,0,0.001,0.003
5909,ORPHA:328,Congenital factor X deficiency,19,0,4,123,123,0,0.001,0.004
5910,ORPHA:325,Congenital factor II deficiency,19,0,5,138,138,0,0.001,0.015
5911,ORPHA:327,Congenital factor VII deficiency,12,0,5,46,46,0,0.001,0.002
5912,ORPHA:16,Blue cone monochromatism,12,0,9,66,66,0,0.001,0.002
5913,ORPHA:3173,Infantile spasms-broad thumbs syndrome,15,1,12,26,26,0,0.001,0.002
5914,ORPHA:3163,SHORT syndrome,37,0,23,150,150,0,0.001,0.003
5915,ORPHA:85285,"X-linked intellectual disability, Schimke type",26,0,14,70,70,0,0.001,0.004
5916,ORPHA:85282,MEHMO syndrome,25,0,15,50,50,0,0.001,0.003
5917,ORPHA:75857,6q terminal deletion syndrome,49,0,31,275,275,0,0.001,0.004
5918,ORPHA:80,Antiphospholipid syndrome,38,0,16,163,163,0,0.001,0.002
5919,ORPHA:401768,Proximal myopathy with extrapyramidal signs,22,0,14,101,101,0,0.001,0.002
5920,ORPHA:98,Autosomal recessive spastic ataxia of Charlevoix-Saguenay,38,0,28,449,449,0,0.001,0.003
5921,ORPHA:3236,Conductive deafness-ptosis-skeletal anomalies syndrome,16,0,12,25,25,0,0.001,0.002
5922,ORPHA:401777,Optic atrophy-intellectual disability syndrome,39,0,26,193,193,0,0.001,0.004
5923,ORPHA:99857,Secondary syringomyelia,26,0,14,195,195,0,0.001,0.002
5924,ORPHA:99852,Ravine syndrome,14,0,11,24,24,0,0.001,0.002
5925,ORPHA:3224,Deafness-genital anomalies-metacarpal and metatarsal synostosis syndrome,28,0,21,52,52,0,0.001,0.002
5926,ORPHA:79,Congenital alpha2-antiplasmin deficiency,12,0,3,31,31,0,0.001,0.002
5927,ORPHA:3207,White matter hypoplasia-corpus callosum agenesis-intellectual disability syndrome,17,0,10,50,50,0,0.001,0.002
5928,ORPHA:444013,Combined oxidative phosphorylation defect type 23,27,0,17,67,67,0,0.001,0.004
5929,ORPHA:1475,Renal coloboma syndrome,14,0,11,31,31,0,0.001,0.002
5930,ORPHA:2789,Lateral meningocele syndrome,41,0,23,235,235,0,0.001,0.002
5931,ORPHA:1443,Ring chromosome 19 syndrome,16,0,10,23,23,0,0.001,0.005
5932,ORPHA:1433,Choroidal atrophy-alopecia syndrome,16,0,8,48,48,0,0.001,0.002
5933,ORPHA:2754,Orofaciodigital syndrome type 6,52,0,34,259,259,0,0.001,0.004
5934,ORPHA:274,Bernard-Soulier syndrome,21,0,6,126,126,0,0.001,0.004
5935,ORPHA:2842,Penoscrotal transposition,20,0,13,53,53,0,0.001,0.002
5936,ORPHA:99125,Congenital total pulmonary venous return anomaly,40,0,22,342,342,0,0.001,0.01
5937,ORPHA:46627,Char syndrome,28,0,16,98,98,0,0.001,0.002
5938,ORPHA:2836,PEHO syndrome,42,0,25,231,231,0,0.001,0.007
5939,ORPHA:2822,Autosomal recessive spastic paraplegia type 11,49,0,39,599,599,0,0.001,0.004
5940,ORPHA:314978,X-linked non progressive cerebellar ataxia,14,0,8,49,49,0,0.001,0.002
5941,ORPHA:99106,"Atrial septal defect, ostium primum type",38,0,20,290,290,0,0.001,0.01
5942,ORPHA:2812,Parana hard skin syndrome,12,0,7,10,10,0,0.001,0.002
5943,ORPHA:257,Epidermolysis bullosa simplex with muscular dystrophy,19,0,17,43,43,0,0.001,0.002
5944,ORPHA:245,Nager syndrome,29,0,23,119,119,0,0.001,0.002
5945,ORPHA:236,Trisomy 9p syndrome,27,0,16,85,85,0,0.001,0.004
5946,ORPHA:329178,Congenital muscular dystrophy with intellectual disability and severe epilepsy,40,0,20,136,136,0,0.001,0.004
5947,ORPHA:97355,Caribbean parkinsonism,26,0,16,235,235,0,0.001,0.002
5948,ORPHA:97339,Dural sinus malformation with arteriovenous shunt,48,0,31,471,471,0,0.001,0.002
5949,ORPHA:137831,X-linked intellectual disability-cerebellar hypoplasia syndrome,33,0,16,274,274,0,0.001,0.004
5950,ORPHA:96055,Tetrasomy 21 syndrome,17,0,8,45,45,0,0.001,0.004
5951,ORPHA:3270,Radioulnar synostosis-developmental delay-hypotonia syndrome,20,0,14,46,46,0,0.001,0.003
5952,ORPHA:158687,Lethal acantholytic erosive disorder,27,0,15,72,72,0,0.001,0.003
5953,ORPHA:2058,Fryns-Smeets-Thiry syndrome,19,0,8,67,67,0,0.001,0.002
5954,ORPHA:137754,Aminoacylase 1 deficiency,13,0,9,16,16,0,0.001,0.002
5955,ORPHA:352470,DNA2-related mitochondrial DNA deletion syndrome,20,0,11,33,33,0,0.001,0.002
5956,ORPHA:2031,Hepatic fibrosis-renal cysts-intellectual disability syndrome,29,0,20,53,53,0,0.001,0.003
5957,ORPHA:3363,Trichomegaly-retina pigmentary degeneration-dwarfism syndrome,22,0,18,36,36,0,0.001,0.003
5958,ORPHA:85325,"X-linked intellectual disability, Stevenson type",22,0,12,38,38,0,0.001,0.004
5959,ORPHA:2001,Cleft lip/palate-intestinal malrotation-cardiopathy syndrome,14,0,7,28,28,0,0.001,0.002
5960,ORPHA:572333,Blepharophimosis-ptosis-epicanthus inversus syndrome plus,35,0,11,166,166,0,0.001,0.003
5961,ORPHA:171680,Lissencephaly due to TUBA1A mutation,29,0,19,308,308,0,0.001,0.002
5962,ORPHA:60015,Enlarged parietal foramina,20,0,13,68,68,0,0.001,0.002
5963,ORPHA:3306,Inverted duplicated chromosome 15 syndrome,40,0,29,150,150,0,0.001,0.003
5964,ORPHA:3309,Tetrasomy 5p syndrome,44,0,25,226,226,0,0.001,0.01
5965,ORPHA:250972,Polymicrogyria with optic nerve hypoplasia,14,0,8,78,78,0,0.001,0.002
5966,ORPHA:289522,Microtriplication 11q24.1 syndrome,38,0,18,176,176,0,0.001,0.005
5967,ORPHA:99095,Congenital Gerbode defect,28,0,13,180,180,0,0.001,0.032
5968,ORPHA:1596,Distal deletion 15q syndrome,59,0,37,251,251,0,0.001,0.002
5969,ORPHA:139578,Mutilating hereditary sensory neuropathy with spastic paraplegia,18,0,11,99,99,0,0.001,0.003
5970,ORPHA:401820,Autosomal recessive spastic paraplegia type 67,15,0,12,94,94,0,0.001,0.004
5971,ORPHA:401830,Autosomal recessive spastic paraplegia type 69,13,0,9,55,55,0,0.001,0.004
5972,ORPHA:93950,"X-linked intellectual disability, Sutherland-Haan type",18,0,9,37,37,0,0.001,0.004
5973,ORPHA:324422,ALG13-CDG,19,0,7,52,52,0,0.001,0.002
5974,ORPHA:324410,X-linked intellectual disability-cardiomegaly-congestive heart failure syndrome,30,0,13,95,95,0,0.001,0.004
5975,ORPHA:93929,Cloacal exstrophy,24,0,15,100,100,0,0.001,0.004
5976,ORPHA:105,Atresia of urethra,14,1,9,46,46,0,0.001,0.005
5977,ORPHA:504476,Cerebellar ataxia with neuropathy and bilateral vestibular areflexia syndrome,16,0,9,57,57,0,0.001,0.002
5978,ORPHA:130,Brugada syndrome,12,0,6,66,66,0,0.001,0.001
5979,ORPHA:300493,Sagliker syndrome,13,0,8,11,11,0,0.001,0.002
5980,ORPHA:124,Diamond-Blackfan anemia,59,0,31,252,252,0,0.001,0.013
5981,ORPHA:96147,Kleefstra syndrome due to 9q34 microdeletion,55,0,36,387,387,0,0.001,0.004
5982,ORPHA:251383,CK syndrome,34,0,21,179,179,0,0.001,0.005
5983,ORPHA:280397,Familial Alzheimer-like prion disease,12,0,6,45,45,0,0.001,0.002
5984,ORPHA:96191,Paternal uniparental disomy of chromosome 6 syndrome,30,0,22,69,69,0,0.001,0.004
5985,ORPHA:75249,Familial isolated restrictive cardiomyopathy,20,0,11,77,77,0,0.001,0.01
5986,ORPHA:96184,Temple syndrome due to maternal uniparental disomy of chromosome 14,35,0,19,100,100,0,0.001,0.005
5987,ORPHA:980,Absence of the pulmonary artery,37,0,28,258,258,0,0.001,0.01
5988,ORPHA:96186,Maternal uniparental disomy of chromosome 20 syndrome,15,0,10,21,21,0,0.001,0.002
5989,ORPHA:171612,Autosomal dominant spastic paraplegia type 37,16,0,11,63,63,0,0.001,0.002
5990,ORPHA:282166,Inherited Creutzfeldt-Jakob disease,50,0,23,921,921,0,0.001,0.002
5991,ORPHA:261584,5q22 microdeletion syndrome,35,0,12,142,142,0,0.001,0.01
5992,ORPHA:3002,Immune thrombocytopenia,20,0,9,84,84,0,0.001,0.001
5993,ORPHA:513436,Autosomal recessive spastic paraplegia type 78,27,0,17,216,216,0,0.001,0.002
5994,ORPHA:1295,Brachytelephalangy-dysmorphism-Kallmann syndrome,19,0,11,49,49,0,0.001,0.002
5995,ORPHA:85458,Hereditary cerebral amyloid angiopathy,13,0,8,67,67,0,0.001,0.002
5996,ORPHA:98756,Spinocerebellar ataxia type 2,27,0,21,197,197,0,0.001,0.002
5997,ORPHA:98759,Spinocerebellar ataxia type 17,19,0,13,155,155,0,0.001,0.002
5998,ORPHA:83629,Leukoencephalopathy-spondyloepimetaphyseal dysplasia syndrome,23,0,15,94,94,0,0.001,0.002
5999,ORPHA:1236,Severe microbrachycephaly-intellectual disability-athetoid cerebral palsy syndrome,32,0,17,142,142,0,0.001,0.003
6000,ORPHA:184,Cherubism,15,0,12,23,23,0,0.001,0.003
6001,ORPHA:35107,Desmosterolosis,56,0,42,288,288,0,0.001,0.008
6002,ORPHA:2512,Autosomal recessive primary microcephaly,17,0,11,45,45,0,0.001,0.004
6003,ORPHA:3088,Revesz syndrome,17,0,11,21,21,0,0.001,0.002
6004,ORPHA:391307,Severe intellectual disability-short stature-behavioral abnormalities-facial dysmorphism syndrome,29,0,20,110,110,0,0.001,0.004
6005,ORPHA:319171,Distal 17p13.1 microdeletion syndrome,23,0,11,93,93,0,0.001,0.002
6006,ORPHA:893,WAGR syndrome,18,0,16,27,27,0,0.001,0.002
6007,ORPHA:3044,Intellectual disability-dysmorphism-hypogonadism-diabetes mellitus syndrome,22,0,6,46,46,0,0.001,0.004
6008,ORPHA:886,Usher syndrome,37,0,28,152,152,0,0.001,0.003
6009,ORPHA:137608,Segmental outgrowth-lipomatosis-arteriovenous malformation-epidermal nevus syndrome,19,0,18,29,29,0,0.001,0.002
6010,ORPHA:171433,Intermediate nemaline myopathy,28,0,14,106,106,0,0.001,0.003
6011,ORPHA:1393,Cerebrocostomandibular syndrome,26,0,17,65,65,0,0.001,0.002
6012,ORPHA:98879,Hemophilia B,14,0,2,47,47,0,0.001,0.002
6013,ORPHA:480898,Global developmental delay-visual anomalies-progressive cerebellar atrophy-truncal hypotonia syndrome,31,0,19,119,119,0,0.001,0.004
6014,ORPHA:921,Abruzzo-Erickson syndrome,24,0,18,45,45,0,0.001,0.002
6015,ORPHA:268810,Isolated posterior meningocele,21,0,15,112,112,0,0.001,0.002
6016,ORPHA:169186,Autosomal recessive centronuclear myopathy,36,0,22,181,181,0,0.001,0.004
6017,ORPHA:49827,Thiamine-responsive megaloblastic anemia syndrome,20,0,18,26,26,0,0.001,0.005
6018,ORPHA:1330,Partial atrioventricular septal defect,25,0,13,214,214,0,0.001,0.038
6019,ORPHA:98807,"Primary dystonia, DYT13 type",14,0,10,78,78,0,0.001,0.002
6020,ORPHA:93101,Renal hypoplasia,20,1,13,106,106,0,0.001,0.005
6021,ORPHA:90064,Acute peripheral arterial occlusion,17,0,13,27,27,0,0.001,0.002
6022,ORPHA:90058,Spinal cord injury,15,0,8,38,38,0,0.001,0.002
6023,ORPHA:314404,Autosomal dominant cerebellar ataxia-deafness-narcolepsy syndrome,28,0,21,214,214,0,0.001,0.002
6024,ORPHA:1827,Acromelic frontonasal dysplasia,37,0,22,187,187,0,0.001,0.004
6025,ORPHA:1825,Epiphyseal dysplasia-hearing loss-dysmorphism syndrome,25,0,17,49,49,0,0.001,0.002
6026,ORPHA:324604,Classic multiminicore myopathy,28,0,15,123,123,0,0.001,0.002
6027,ORPHA:313947,2q23.1 microduplication syndrome,37,0,20,138,138,0,0.001,0.024
6028,ORPHA:420492,"Adult-onset cervical dystonia, DYT23 type",17,0,13,79,79,0,0.001,0.002
6029,ORPHA:1083,Microlissencephaly,22,1,18,173,173,0,0.001,0.004
6030,ORPHA:168593,Sudden infant death-dysgenesis of the testes syndrome,16,0,14,13,13,0,0.001,0.002
6031,ORPHA:2399,Nasopalpebral lipoma-coloboma syndrome,29,0,16,146,146,0,0.001,0.002
6032,ORPHA:31825,Methanol poisoning,29,0,22,120,120,0,0.001,0.002
6033,ORPHA:2345,Isolated Klippel-Feil syndrome,32,0,23,101,101,0,0.001,0.002
6034,ORPHA:251937,Gangliocytoma,26,0,19,177,177,0,0.001,0.003
6035,ORPHA:2302,Asbestos intoxication,35,0,17,267,267,0,0.001,0.006
6036,ORPHA:2309,Pachyonychia congenita,27,0,11,128,128,0,0.001,0.002
6037,ORPHA:2305,Isotretinoin syndrome,12,0,9,16,16,0,0.001,0.002
6038,ORPHA:293939,Distal Xq28 microduplication syndrome,43,0,23,214,214,0,0.001,0.006
6039,ORPHA:98916,Acute inflammatory demyelinating polyradiculoneuropathy,12,0,7,19,19,0,0.001,0.002
6040,ORPHA:98905,Congenital multicore myopathy with external ophthalmoplegia,44,1,23,327,327,0,0.001,0.058
6041,ORPHA:1895,Edinburgh malformation syndrome,28,0,18,84,84,0,0.001,0.002
6042,ORPHA:397709,Intellectual disability-coarse face-macrocephaly-cerebellar hypotrophy syndrome,54,0,30,421,421,0,0.001,0.004
6043,ORPHA:1997,Blepharo-cheilo-odontic syndrome,14,0,8,21,21,0,0.001,0.003
6044,ORPHA:90308,Capillary-lymphatic-venous malformation with segmental distribution,31,0,27,92,92,0,0.001,0.01
6045,ORPHA:280679,Moyamoya angiopathy-short stature-facial dysmorphism-hypergonadotropic hypogonadism syndrome,27,0,17,53,53,0,0.001,0.003
6046,ORPHA:251071,8p23.1 microdeletion syndrome,49,0,31,213,213,0,0.001,0.004
6047,ORPHA:251076,8p23.1 duplication syndrome,18,0,12,17,17,0,0.001,0.004
6048,ORPHA:251056,6q25.2q25.3 microdeletion syndrome,32,1,23,113,113,0,0.001,0.004
6049,ORPHA:1927,Emery-Nelson syndrome,12,0,5,30,30,0,0.001,0.002
6050,ORPHA:157846,Neuroferritinopathy,43,0,20,636,636,0,0.001,0.002
6051,ORPHA:251038,3q29 microduplication syndrome,30,0,19,125,125,0,0.001,0.008
6052,ORPHA:100070,Progressive non-fluent aphasia,28,0,15,351,351,0,0.001,0.002
6053,ORPHA:300751,Familial dilated cardiomyopathy with conduction defect due to LMNA mutation,17,0,14,92,92,0,0.001,0.004
6054,ORPHA:1909,Indomethacin embryofetopathy,12,0,9,12,12,0,0.001,0.003
6055,ORPHA:66631,CEDNIK syndrome,33,0,26,105,105,0,0.001,0.005
6056,ORPHA:261265,17q12 microdeletion syndrome,21,0,15,38,38,0,0.001,0.004
6057,ORPHA:621,Autosomal recessive methemoglobinemia,26,0,15,142,142,0,0.001,0.004
6058,ORPHA:624,Familial multiple nevi flammei,23,0,23,46,46,0,0.001,0.002
6059,ORPHA:616,Medulloblastoma,34,0,22,231,231,0,0.001,0.004
6060,ORPHA:610,Bethlem muscular dystrophy,38,0,19,473,473,0,0.001,0.01
6061,ORPHA:320385,Hereditary sensory and autonomic neuropathy due to TECPR2 mutation,23,0,15,96,96,0,0.001,0.004
6062,ORPHA:320375,Autosomal recessive spastic paraplegia type 55,27,0,20,138,138,0,0.001,0.002
6063,ORPHA:637,Full NF2-related schwannomatosis,47,0,32,502,502,0,0.001,0.003
6064,ORPHA:638,Neurofibromatosis-Noonan syndrome,18,0,12,10,10,0,0.001,0.002
6065,ORPHA:705,Pendred syndrome,15,0,12,20,20,0,0.001,0.003
6066,ORPHA:261211,16p11.2p12.2 microdeletion syndrome,43,0,21,170,170,0,0.001,0.024
6067,ORPHA:353327,Congenital myasthenic syndrome with glycosylation defect,36,0,19,363,363,0,0.001,0.01
6068,ORPHA:1174,Cerebellar ataxia-ectodermal dysplasia syndrome,12,0,6,10,10,0,0.001,0.002
6069,ORPHA:1129,Arachnodactyly-abnormal ossification-intellectual disability syndrome,15,0,7,41,41,0,0.001,0.004
6070,ORPHA:163654,Spondyloepiphyseal dysplasia-brachydactyly-speech disorder syndrome,39,0,19,274,274,0,0.001,0.003
6071,ORPHA:397725,COASY protein-associated neurodegeneration,13,0,11,78,78,0,0.001,0.002
6072,ORPHA:280763,Severe intellectual disability and progressive spastic paraplegia,37,0,18,249,249,0,0.001,0.004
6073,ORPHA:466934,VPS11-related autosomal recessive hypomyelinating leukodystrophy,24,0,17,126,126,0,0.001,0.004
6074,ORPHA:141333,Biemond syndrome type 2,12,0,10,11,11,0,0.001,0.002
6075,ORPHA:314647,Non-progressive cerebellar ataxia with intellectual disability,37,0,20,258,258,0,0.001,0.004
6076,ORPHA:1621,3q13 microdeletion syndrome,17,0,10,36,36,0,0.001,0.002
6077,ORPHA:457193,KAT6-related intellectual disability-craniofacial anomalies-cardiac defects syndrome,39,0,24,136,136,0,0.001,0.024
6078,ORPHA:314679,Cerebrofacioarticular syndrome,44,0,30,162,162,0,0.001,0.004
6079,ORPHA:268249,Mycophenolate mofetil embryopathy,28,0,20,41,41,0,0.001,0.002
6080,ORPHA:254886,Autosomal recessive progressive external ophthalmoplegia,42,0,31,248,248,0,0.001,0.002
6081,ORPHA:319487,Familial papillary or follicular thyroid carcinoma,15,0,9,20,20,0,0.001,0.002
6082,ORPHA:42775,PHACE syndrome,34,0,26,173,173,0,0.001,0.003
6083,ORPHA:487825,Pierpont syndrome,48,0,24,252,252,0,0.001,0.004
6084,ORPHA:2095,Gorlin-Chaudhry-Moss syndrome,28,0,18,107,107,0,0.001,0.003
6085,ORPHA:2073,Narcolepsy type 1,30,0,20,194,194,0,0.001,0.002
6086,ORPHA:284339,Pontocerebellar hypoplasia type 7,37,0,26,187,187,0,0.001,0.004
6087,ORPHA:436245,Retinitis pigmentosa-juvenile cataract-short stature-intellectual disability syndrome,27,0,13,87,87,0,0.001,0.004
6088,ORPHA:261102,Distal 7q11.23 microduplication syndrome,14,0,12,40,40,0,0.001,0.004
6089,ORPHA:468661,Autosomal recessive spastic paraplegia type 74,19,0,11,58,58,0,0.001,0.002
6090,ORPHA:464288,Short stature-brachydactyly-obesity-global developmental delay syndrome,45,0,24,196,196,0,0.001,0.004
6091,ORPHA:221091,Trigeminal neuralgia,17,0,9,52,52,0,0.001,0.002
6092,ORPHA:2115,Harrod syndrome,26,0,17,60,60,0,0.001,0.003
6093,ORPHA:447757,Autosomal dominant spastic paraplegia type 9B,21,0,12,128,128,0,0.001,0.002
6094,ORPHA:238750,4q21 microdeletion syndrome,42,0,24,215,215,0,0.001,0.004
6095,ORPHA:2108,Hallermann-Streiff syndrome,50,0,35,314,314,0,0.001,0.011
6096,ORPHA:363654,X-linked parkinsonism-spasticity syndrome,14,0,4,70,70,0,0.001,0.002
6097,ORPHA:3411,Double uterus-hemivagina-renal agenesis syndrome,12,0,5,30,30,0,0.001,0.002
6098,ORPHA:93474,Scheie syndrome,18,0,15,22,22,0,0.001,0.003
6099,ORPHA:1662,Restrictive dermopathy,58,0,28,295,295,0,0.001,0.006
6100,ORPHA:314769,Somatomammotropinoma,60,0,34,312,312,0,0.001,0.006
6101,ORPHA:79326,ALG2-CDG,25,0,16,105,105,0,0.001,0.004
6102,ORPHA:1716,Distal duplication 18q syndrome,31,0,17,127,127,0,0.001,0.003
6103,ORPHA:369873,Obesity due to SIM1 deficiency,13,1,9,32,32,0,0.001,0.002
6104,ORPHA:94080,Non-functioning paraganglioma,31,0,17,70,70,0,0.001,0.002
6105,ORPHA:94066,Severe intellectual disability-epilepsy-anal anomalies-distal phalangeal hypoplasia,16,0,9,35,35,0,0.001,0.002
6106,ORPHA:284417,"Phosphoserine aminotransferase deficiency, infantile/juvenile form",40,0,17,204,204,0,0.001,0.002
6107,ORPHA:94063,12q14 microdeletion syndrome,37,0,23,132,132,0,0.001,0.005
6108,ORPHA:101111,Spinocerebellar ataxia type 25,23,0,12,89,89,0,0.001,0.002
6109,ORPHA:85179,Infantile osteopetrosis with neuroaxonal dysplasia,15,1,12,55,55,0,0.001,0.002
6110,ORPHA:403,Familial hyperaldosteronism type I,19,0,13,33,33,0,0.001,0.003
6111,ORPHA:2185,Congenital hydrocephalus,21,0,14,53,53,0,0.001,0.005
6112,ORPHA:2180,Hydrocephalus-costovertebral dysplasia-Sprengel anomaly syndrome,29,0,16,111,111,0,0.001,0.002
6113,ORPHA:228402,2q23.1 microdeletion syndrome,32,0,20,139,139,0,0.001,0.004
6114,ORPHA:369939,Severe motor and intellectual disabilities-sensorineural deafness-dystonia syndrome,20,0,18,71,71,0,0.001,0.002
6115,ORPHA:2261,"Hypospadias-intellectual disability, Goldblatt type syndrome",15,0,10,29,29,0,0.001,0.002
6116,ORPHA:2260,Oligomeganephronia,30,0,16,80,80,0,0.001,0.005
6117,ORPHA:2254,Pontocerebellar hypoplasia type 1,29,0,23,145,145,0,0.001,0.002
6118,ORPHA:2211,Hypertelorism-hypospadias-polysyndactyly syndrome,34,0,19,129,129,0,0.001,0.002
6119,ORPHA:2209,Maternal phenylketonuria syndrome,32,0,23,89,89,0,0.001,0.004
6120,ORPHA:35689,Primary lateral sclerosis,23,0,10,175,175,0,0.001,0.002
6121,ORPHA:255138,Pyruvate dehydrogenase E1-beta deficiency,23,0,18,109,109,0,0.001,0.002
6122,ORPHA:363722,Alexander disease type II,20,0,16,100,100,0,0.001,0.002
6123,ORPHA:357074,"Autosomal recessive cutis laxa type 2, classic type",56,0,28,329,329,0,0.001,0.004
6124,ORPHA:1786,"Acrofacial dysostosis, Catania type",35,0,20,164,164,0,0.001,0.004
6125,OMIM:300419,"Intellectual developmental disorder, X-linked 29",12,0,6,10,10,0,0.0009,0.002
6126,OMIM:613686,"Spondylocostal dysostosis 4, autosomal recessive",29,0,16,91,91,0,0.0009,0.002
6127,OMIM:618506,Coffin-Siris syndrome 10,25,1,12,86,86,0,0.0009,0.005
6128,OMIM:277450,"Vitamin K-dependent clotting factors, combined deficiency of, 1",17,0,8,82,82,0,0.0009,0.002
6129,OMIM:187900,"Bleeding disorder, platelet-type, 17",16,0,6,120,120,0,0.0009,0.001
6130,OMIM:615156,"Progressive external ophthalmoplegia with mitochondrial DNA deletions,autosomal dominant, 6",25,0,14,57,57,0,0.0009,0.002
6131,OMIM:617796,"Intellectual developmental disorder, autosomal dominant 52",55,0,29,288,288,0,0.0009,0.008
6132,OMIM:615368,Lethal congenital contracture syndrome 5,16,0,10,23,23,0,0.0009,0.002
6133,OMIM:617557,Gabriele-De vries syndrome,53,0,28,299,299,0,0.0009,0.005
6134,OMIM:615382,Nephronophthisis 16,12,0,5,21,21,0,0.0009,0.009
6135,OMIM:615433,Chromosome 3q13.31 deletion syndrome,29,0,17,81,81,0,0.0009,0.002
6136,OMIM:619816,"Epidermolysis bullosa, junctional 5A, intermediate",12,0,5,46,46,0,0.0009,0.002
6137,OMIM:616258,Meckel syndrome 12,22,1,7,49,49,0,0.0009,0.002
6138,OMIM:306900,Hemophilia B,14,0,4,67,67,0,0.0009,0.001
6139,OMIM:616728,"Cleft palate, psychomotor retardation, and distinctive facial features",39,0,20,158,158,0,0.0009,0.002
6140,OMIM:179613,Recombinant chromosome 8 syndrome,45,0,29,209,209,0,0.0009,0.004
6141,OMIM:615009,Schuurs-Hoeijmakers syndrome,41,0,21,118,118,0,0.0009,0.005
6142,OMIM:608716,"Microcephaly 5, primary, autosomal recessive",30,0,21,192,192,0,0.0009,0.005
6143,OMIM:620703,Yuksel-Vogel-Bauser syndrome,17,0,8,22,22,0,0.0009,0.002
6144,OMIM:231200,Bernard-Soulier syndrome,13,0,5,78,78,0,0.0009,0.001
6145,OMIM:609583,Joubert syndrome 4,17,0,10,46,46,0,0.0009,0.002
6146,OMIM:613096,"Spastic paraplegia 36, autosomal dominant",13,0,8,41,41,0,0.0009,0.002
6147,OMIM:300590,Cornelia de Lange syndrome 2,37,0,19,211,211,0,0.0009,0.004
6148,OMIM:603736,"Ohdo syndrome, Say-Barber-Biesecker-Young-Simpson variant",24,0,13,70,70,0,0.0009,0.004
6149,OMIM:618302,"Intellectual developmental disorder, autosomal recessive 68",19,0,12,56,56,0,0.0009,0.002
6150,OMIM:602400,"Ichthyosis, congenital, autosomal recessive 11",17,0,11,88,88,0,0.0009,0.003
6151,OMIM:105120,"Amyloidosis, Finnish type",16,0,8,25,25,0,0.0009,0.007
6152,OMIM:616501,"Mitochondrial complex IV deficiency, nuclear type 13",14,0,9,22,22,0,0.0009,0.006
6153,OMIM:613684,Rubinstein-Taybi syndrome 2,43,0,25,263,263,0,0.0009,0.005
6154,OMIM:611722,"Krabbe disease, atypical, due to saposin A deficiency",16,0,10,58,58,0,0.0009,0.002
6155,OMIM:619356,"Onychodystrophy, osteodystrophy, impaired intellectual development, and seizures syndrome",27,0,15,75,75,0,0.0009,0.004
6156,OMIM:612561,Diamond-Blackfan anemia 6,21,0,16,40,40,0,0.0009,0.003
6157,OMIM:615583,Verheij syndrome,37,0,24,168,168,0,0.0009,0.002
6158,OMIM:620510,Xerosis and growth failure with immune and pulmonary dysfunction syndrome,27,0,17,45,45,0,0.0009,0.002
6159,OMIM:614514,"Thrombophilia due to protein S deficiency, autosomal recessive",12,0,7,39,39,0,0.0009,0.001
6160,OMIM:614931,"Ectodermal dysplasia 9, hair/nail type",18,0,13,69,69,0,0.0009,0.002
6161,OMIM:618663,"Epileptic encephalopathy, early infantile, 81",17,0,9,50,50,0,0.0009,0.004
6162,OMIM:245552,Lambotte syndrome,14,0,9,17,17,0,0.0009,0.002
6163,OMIM:155100,Macrothrombocytopenia and granulocyte inclusions with or without nephritis or sensorineural hearing loss,17,0,7,93,93,0,0.0009,0.001
6164,OMIM:258850,Orofaciodigital syndrome III,16,0,9,26,26,0,0.0009,0.002
6165,OMIM:602771,Rigid spine muscular dystrophy 1,33,0,16,195,195,0,0.0009,0.005
6166,OMIM:256100,Nephronophthisis 1,12,0,4,28,28,0,0.0009,0.004
6167,OMIM:619184,"Short stature, facial dysmorphism, and skeletal anomalies with or without cardiac anomalies 2",39,0,24,201,201,0,0.0009,0.004
6168,OMIM:273800,Glanzmann thrombasthenia,19,0,7,171,171,0,0.0009,0.001
6169,OMIM:177980,"Pterygia, impaired intellectual development, and distinctive craniofacial features",21,0,12,50,50,0,0.0009,0.002
6170,OMIM:601494,"Cardiomyopathy, dilated, 1D",12,0,5,55,55,0,0.0009,0.005
6171,OMIM:613735,Brain malformations with or without urinary tract defects,30,0,14,109,109,0,0.0009,0.005
6172,OMIM:300958,"Intellectual developmental disorder, X-linked, syndrome, snijders Blok type",27,0,19,100,100,0,0.0009,0.002
6173,OMIM:612946,Hadziselimovic syndrome,31,0,19,70,70,0,0.0009,0.004
6174,OMIM:613443,"Neurodevelopmental disorder with hypotonia, stereotypic hand movements, and impaired language",33,0,12,156,156,0,0.0009,0.004
6175,OMIM:203100,"Albinism, oculocutaneous, type IA",16,0,10,72,72,0,0.0009,0.002
6176,OMIM:180500,"Axenfeld-Rieger syndrome, type 1",23,0,9,84,84,0,0.0009,0.002
6177,OMIM:151100,Leopard syndrome 1,44,0,25,152,152,0,0.0009,0.002
6178,OMIM:615280,Cardiofaciocutaneous syndrome 4,39,0,27,134,134,0,0.0009,0.002
6179,OMIM:616212,"Lissencephaly 6, with microcephaly",30,0,17,176,176,0,0.0009,0.002
6180,OMIM:619690,Brunet-Wagner neurodevelopmental syndrome,23,0,12,77,77,0,0.0009,0.002
6181,OMIM:621333,Infection-induced acute-onset axonal neuropathy,22,0,11,74,74,0,0.0009,0.002
6182,OMIM:620830,Auroneurodental syndrome,27,0,13,64,64,0,0.0009,0.002
6183,OMIM:613544,Chromosome 6q11-q14 deletion syndrome,31,0,12,138,138,0,0.0009,0.004
6184,OMIM:618161,Joubert syndrome 35,25,1,14,50,50,0,0.0009,0.002
6185,OMIM:617694,Al Kaissi syndrome,54,0,29,379,379,0,0.0009,0.005
6186,OMIM:619691,"Trichothiodystrophy 8, nonphotosensitive",24,0,11,72,72,0,0.0009,0.002
6187,OMIM:616549,"Klippel-Feil syndrome 4, autosomal recessive, with myopathy and facial dysmorphism",24,0,11,109,109,0,0.0009,0.002
6188,OMIM:606772,"Impaired intellectual development, obesity, mandibular prognathism, and eye and skin anomalies",17,0,11,28,28,0,0.0009,0.005
6189,OMIM:147950,Hypogonadotropic hypogonadism 2 with or without anosmia,23,0,15,40,40,0,0.0009,0.002
6190,OMIM:177850,"Pseudoxanthoma elasticum, forme fruste",23,0,13,73,73,0,0.0009,0.002
6191,OMIM:618766,"Arthrogryposis multiplex congenita, neurogenic, with agenesis of the corpus callosum",24,1,12,69,69,0,0.0009,0.002
6192,OMIM:615524,"Microphthalmia, syndromic 12",15,0,10,15,15,0,0.0009,0.002
6193,OMIM:612513,Chromosome 2p16.1-p15 deletion syndrome,60,1,36,350,350,0,0.0009,0.004
6194,OMIM:310440,"Myopathy, X-linked, with excessive autophagy",19,0,14,79,79,0,0.0009,0.01
6195,OMIM:619877,Dentici-Novelli neurodevelopmental syndrome,26,0,13,91,91,0,0.0009,0.002
6196,OMIM:617682,Pilarowski-Bjornsson syndrome,20,0,10,61,61,0,0.0009,0.004
6197,OMIM:619724,"Dystonia 34, myoclonic",13,0,7,36,36,0,0.0009,0.001
6198,OMIM:615490,"Charcot-Marie-Tooth disease, axonal, type 2R",18,0,10,52,52,0,0.0009,0.002
6199,OMIM:615862,Nephronophthisis 18,12,0,8,13,13,0,0.0009,0.002
6200,OMIM:621331,Brain small vessel disease 5 with osteoporosis,17,0,11,95,95,0,0.0009,0.002
6201,OMIM:614188,Craniosynostosis and dental anomalies,47,0,21,537,537,0,0.0009,0.004
6202,OMIM:609654,Short stature and facioauriculothoracic malformations,16,0,12,30,30,0,0.0009,0.001
6203,OMIM:615286,"Neurodevelopmental disorder with brain abnormalities, poor growth, and dysmorphic facies",24,0,17,91,91,0,0.0009,0.002
6204,OMIM:618577,Neurodevelopmental disorder with structural brain anomalies and dysmorphic facies,26,0,17,93,93,0,0.0009,0.004
6205,OMIM:139090,Gray platelet syndrome,13,0,5,67,67,0,0.0009,0.001
6206,OMIM:617877,"Short stature, facial dysmorphism, and skeletal anomalies with or without cardiac anomalies 1",39,0,15,174,174,0,0.0009,0.002
6207,OMIM:273900,Thrombocytopenia 3,13,0,6,69,69,0,0.0009,0.001
6208,OMIM:607721,Noonan syndrome-like with loose anagen hair 1,60,0,35,235,235,0,0.0009,0.004
6209,OMIM:614749,Hyperphosphatasia with impaired intellectual development syndrome 2,31,0,17,102,102,0,0.0009,0.005
6210,OMIM:153670,"Bernard-Soulier syndrome, type A2, autosomal dominant",15,0,6,94,94,0,0.0009,0.001
6211,OMIM:601345,"Ectodermal dysplasia with natal teeth, Turnpenny type",15,0,9,66,66,0,0.0009,0.006
6212,OMIM:613225,"Factor XIII, A subunit, deficiency of",12,0,5,66,66,0,0.0009,0.001
6213,OMIM:540000,"Mitochondrial myopathy, encephalopathy, lactic acidosis, and stroke-like episodes",25,0,17,47,47,0,0.0009,0.002
6214,OMIM:164180,Oculocerebrocutaneous syndrome,20,0,16,50,50,0,0.0009,0.002
6215,OMIM:613192,"Intellectual developmental disorder, autosomal recessive 13",24,0,11,106,106,0,0.0009,0.005
6216,OMIM:311200,Orofaciodigital syndrome I,59,0,35,419,419,0,0.0009,0.017
6217,OMIM:301013,"Intellectual developmental disorder, X-linked 107",20,0,10,60,60,0,0.0009,0.004
6218,OMIM:220220,Dandy-Walker malformation with postaxial polydactyly,25,0,11,96,96,0,0.0009,0.002
6219,OMIM:619859,Phosphoribosylaminoimidazole carboxylase deficiency,21,0,9,48,48,0,0.0009,0.003
6220,OMIM:148050,KBG syndrome,54,0,26,393,393,0,0.0009,0.01
6221,OMIM:157170,Holoprosencephaly 2,37,0,20,178,178,0,0.0009,0.004
6222,OMIM:617914,"Microcephaly 20, primary, autosomal recessive",27,0,15,115,115,0,0.0009,0.005
6223,OMIM:218350,Craniofacial dyssynostosis with short stature,26,0,16,67,67,0,0.0009,0.002
6224,OMIM:618825,"Intellectual developmental disorder, autosomal dominant 63, with macrocephaly",30,0,11,152,152,0,0.0009,0.005
6225,OMIM:277580,Waardenburg-Shah syndrome,16,0,11,29,29,0,0.0009,0.002
6226,OMIM:619694,Developmental delay with variable neurologic and brain abnormalities,32,0,21,137,137,0,0.0009,0.002
6227,OMIM:620001,"Neurodevelopmental disorder with spasticity, seizures, and brain abnormalities",33,0,13,163,163,0,0.0009,0.002
6228,OMIM:616564,Noonan syndrome 10,41,0,24,138,138,0,0.0009,0.011
6229,OMIM:619657,"Congenital heart defects, multiple types, 8, with or without heterotaxy",44,0,21,204,204,0,0.0009,0.007
6230,OMIM:244200,Hypogonadotropic hypogonadism 3 with or without anosmia,17,0,10,27,27,0,0.0009,0.002
6231,OMIM:617478,Structural heart defects and renal anomalies syndrome,23,0,17,58,58,0,0.0009,0.003
6232,OMIM:618975,"Myopathy, congenital, with diaphragmatic defects, respiratory insufficiency, and dysmorphic facies",41,0,16,199,199,0,0.0009,0.015
6233,OMIM:615074,GAND syndrome,23,0,12,58,58,0,0.0009,0.004
6234,OMIM:619869,Neurocardiofaciodigital syndrome,32,0,21,89,89,0,0.0009,0.002
6235,OMIM:300895,"Ohdo syndrome, X-linked",58,0,34,333,333,0,0.0009,0.022
6236,OMIM:619074,"Cleft palate, proliferative retinopathy, and developmental delay",20,0,14,40,40,0,0.0009,0.002
6237,OMIM:620193,Lacrimoauriculodentodigital syndrome-3,16,0,10,35,35,0,0.0009,0.002
6238,OMIM:618381,"Facial dysmorphism, hypertrichosis, epilepsy, intellectual/developmental delay, and gingival overgrowth syndrome",36,0,19,183,183,0,0.0009,0.005
6239,OMIM:117000,Central core disease,20,0,12,86,86,0,0.0009,0.002
6240,OMIM:618815,"Chromosome 1p36.33 duplication syndrome, ATAD3 gene cluster",18,0,13,20,20,0,0.0009,0.002
6241,OMIM:219730,Ventriculomegaly with cystic kidney disease,14,0,9,18,18,0,0.0009,0.002
6242,OMIM:605676,"Cardiomyopathy, dilated, with woolly hair and keratoderma",21,0,14,85,85,0,0.0009,0.002
6243,OMIM:614753,Malan syndrome,33,0,20,157,157,0,0.0009,0.005
6244,OMIM:609528,"Cerebral dysgenesis, neuropathy, ichthyosis, and palmoplantar keratoderma syndrome",24,0,13,70,70,0,0.0009,0.004
6245,OMIM:618343,Polymicrogyria with or without vascular-type EDS,41,0,26,171,171,0,0.0009,0.003
6246,OMIM:609460,Goldberg-Shprintzen syndrome,41,0,21,193,193,0,0.0009,0.004
6247,OMIM:619303,"Pontocerebellar hypoplasia, type 1E",14,0,8,31,31,0,0.0009,0.002
6248,OMIM:604387,Nephronophthisis 3,14,0,7,55,55,0,0.0009,0.005
6249,OMIM:617660,"Vertebral, cardiac, renal, and limb defects syndrome 1",22,0,11,30,30,0,0.0009,0.004
6250,OMIM:300882,Cornelia de Lange syndrome 5,50,0,30,298,298,0,0.0009,0.024
6251,OMIM:600268,Oculoectodermal syndrome,38,0,24,127,127,0,0.0009,0.002
6252,OMIM:164210,Hemifacial microsomia,53,0,33,277,277,0,0.0009,0.009
6253,OMIM:618619,Weiss-Kruszka syndrome,35,0,18,108,108,0,0.0009,0.004
6254,OMIM:620386,"Nemaline myopathy 5B, autosomal recessive, childhood-onset",20,0,13,120,120,0,0.0009,0.002
6255,OMIM:309520,Lujan-Fryns syndrome,45,0,25,245,245,0,0.0009,0.002
6256,OMIM:620191,"Neurodevelopmental disorder with hypotonia, dysmorphic facies, and skin abnormalities",41,0,22,155,155,0,0.0009,0.005
6257,OMIM:616351,"Neurodevelopmental disorder with hypotonia, speech delay, and dysmorphic facies",25,0,9,67,67,0,0.0009,0.004
6258,OMIM:608027,"Pontocerebellar hypoplasia, type 3",32,0,19,134,134,0,0.0009,0.002
6259,OMIM:601003,Brody myopathy,16,0,13,46,46,0,0.0009,0.002
6260,OMIM:606744,Seckel syndrome 2,21,0,12,52,52,0,0.0009,0.002
6261,OMIM:621106,"Tubulointerstitial kidney disease, autosomal dominant 6",15,0,10,68,68,0,0.0009,0.005
6262,OMIM:619314,Buratti-Harel syndrome,29,0,17,47,47,0,0.0009,0.002
6263,OMIM:236100,Holoprosencephaly 1,24,0,15,54,54,0,0.0009,0.004
6264,OMIM:214400,"Charcot-Marie-Tooth disease, type 4A",20,0,11,112,112,0,0.0009,0.003
6265,OMIM:610687,"Nemaline myopathy 7, autosomal recessive",35,0,20,288,288,0,0.0009,0.002
6266,OMIM:620156,"Cortical dysplasia, complex, with other brain malformations 11",30,0,17,122,122,0,0.0009,0.002
6267,OMIM:618608,"Intellectual developmental disorder with nasal speech, dysmorphic facies, and variable skeletal anomalies",20,0,12,48,48,0,0.0009,0.002
6268,OMIM:218400,"Craniometaphyseal dysplasia, autosomal recessive",22,0,13,110,110,0,0.0009,0.003
6269,OMIM:621261,"Cardiomyopathy, dilated, 2M, autosomal recessive",34,0,14,243,243,0,0.0009,0.012
6270,OMIM:300676,"Intellectual developmental disorder, X-linked syndromic 14",23,0,11,66,66,0,0.0009,0.002
6271,OMIM:163800,Sick sinus syndrome 2,20,1,7,190,190,0,0.0009,0.002
6272,OMIM:611773,"Angiopathy, hereditary, with nephropathy, aneurysms, and muscle cramps",13,0,11,24,24,0,0.0009,0.002
6273,OMIM:616342,Lissencephaly 7 with cerebellar hypoplasia,22,0,12,73,73,0,0.0009,0.002
6274,OMIM:616430,Combined oxidative phosphorylation deficiency 25,25,0,14,42,42,0,0.0009,0.002
6275,OMIM:619267,Glanzmann thrombasthenia 2,13,0,2,78,78,0,0.0009,0.001
6276,OMIM:616801,"Hypotonia, infantile, with psychomotor retardation and characteristic facies 2",50,0,21,364,364,0,0.0009,0.003
6277,OMIM:257300,Mosaic variegated aneuploidy syndrome 1,57,0,31,291,291,0,0.0009,0.031
6278,OMIM:601399,"Platelet disorder, familial, with associated myeloid malignancy",19,0,8,157,157,0,0.0009,0.001
6279,OMIM:611174,Hamamy syndrome,53,0,26,413,413,0,0.0009,0.004
6280,OMIM:619702,"Heterotaxy, visceral, 12, autosomal",26,0,13,277,277,0,0.0009,0.003
6281,OMIM:613398,Warsaw breakage syndrome,24,0,16,46,46,0,0.0009,0.004
6282,OMIM:612938,"Growth retardation, developmental delay, coarse facies, and earlydeath",31,0,20,120,120,0,0.0009,0.002
6283,OMIM:123000,Craniometaphyseal dysplasia,56,0,25,522,522,0,0.0009,0.011
6284,OMIM:310300,"Emery-Dreifuss muscular dystrophy 1, X-linked",18,0,8,44,44,0,0.0009,0.002
6285,OMIM:616784,Joubert syndrome 26,16,0,11,22,22,0,0.0009,0.003
6286,OMIM:600858,"Cardiomyopathy, familial hypertrophic, 6",16,0,8,105,105,0,0.0009,0.006
6287,OMIM:618959,"Epileptic encephalopathy, early infantile, 88",16,0,5,41,41,0,0.0009,0.002
6288,OMIM:619306,Neurodevelopmental disorder with dysmorphic facies and cerebellar hypoplasia,34,0,10,165,165,0,0.0009,0.002
6289,OMIM:264800,Pseudoxanthoma elasticum,26,1,14,122,122,0,0.0009,0.003
6290,OMIM:164310,Oculopharyngodistal myopathy 1,41,0,27,148,148,0,0.0009,0.003
6291,OMIM:617760,"Myopathy, centronuclear, 6, with fiber-type disproportion",20,0,9,139,139,0,0.0009,0.003
6292,OMIM:614296,"Wolfram-like syndrome, autosomal dominant",18,0,12,36,36,0,0.0009,0.002
6293,OMIM:300000,Opitz GBBB syndrome,40,0,16,178,178,0,0.0009,0.011
6294,OMIM:614080,Multiple congenital anomalies-hypotonia-seizures syndrome 1,54,0,32,218,218,0,0.0009,0.004
6295,OMIM:607016,Scheie syndrome,20,0,7,37,37,0,0.0009,0.002
6296,OMIM:300997,"Intellectual developmental disorder, X-linked 106",19,0,12,26,26,0,0.0009,0.004
6297,OMIM:269921,Sialuria,35,0,14,142,142,0,0.0009,0.004
6298,OMIM:255160,"Myopathy, myosin storage, autosomal recessive",30,0,14,118,118,0,0.0009,0.01
6299,OMIM:615957,Spinocerebellar ataxia 38,12,0,9,37,37,0,0.0009,0.002
6300,OMIM:616286,Lethal congenital contracture syndrome 7,17,0,12,52,52,0,0.0009,0.002
6301,OMIM:174300,Orofaciodigital syndrome V,46,0,25,239,239,0,0.0009,0.004
6302,OMIM:602032,"Ectodermal dysplasia 4, hair/nail type",14,0,9,68,68,0,0.0009,0.001
6303,OMIM:618929,"Agenesis of corpus callosum, cardiac, ocular, and genital syndrome",49,0,16,279,279,0,0.0009,0.005
6304,OMIM:621164,"Polycystic kidney disease 9, susceptibility to",15,0,5,52,52,0,0.0009,0.004
6305,OMIM:617763,"Short stature, hearing loss, retinitis pigmentosa, and distinctive facies",41,0,22,138,138,0,0.0009,0.004
6306,OMIM:619955,Dworschak-Punetha neurodevelopmental syndrome,23,0,13,63,63,0,0.0009,0.002
6307,OMIM:613075,"Macrocephaly, alopecia, cutis laxa, and scoliosis",46,1,31,214,214,0,0.0009,0.008
6308,OMIM:613707,Leopard syndrome 3,32,0,13,92,92,0,0.0009,0.003
6309,OMIM:618652,Neurooculocardiogenitourinary syndrome,27,0,13,59,59,0,0.0009,0.004
6310,OMIM:300215,"Lissencephaly, X-linked, 2",29,0,16,104,104,0,0.0009,0.004
6311,OMIM:616681,"Microcephaly 16, primary, autosomal recessive",21,0,13,50,50,0,0.0009,0.002
6312,OMIM:620327,"Neurodegeneration with developmental delay, early respiratory failure, myoclonic seizures, and brain abnormalities",25,0,19,65,65,0,0.0009,0.002
6313,OMIM:615411,"Cortical dysplasia, complex, with other brain malformations 3",14,0,12,66,66,0,0.0009,0.002
6314,OMIM:615834,"Intellectual developmental disorder, autosomal dominant 26",44,0,22,255,255,0,0.0009,0.005
6315,OMIM:119500,Popliteal pterygium syndrome,19,0,7,43,43,0,0.0009,0.002
6316,OMIM:620535,"Developmental delay, dysmorphic facies, and brain anomalies",22,0,15,58,58,0,0.0009,0.002
6317,OMIM:253700,"Muscular dystrophy, limb-girdle, type 2C",18,1,8,68,68,0,0.0009,0.002
6318,OMIM:620486,"Bleeding disorder, platelet-type, 25",12,0,2,66,66,0,0.0009,0.001
6319,OMIM:310200,Duchenne muscular dystrophy,30,0,16,128,128,0,0.0009,0.004
6320,OMIM:300952,Linear skin defects with multiple congenital anomalies 3,22,0,11,29,29,0,0.0009,0.002
6321,OMIM:615560,Otofaciocervical syndrome 2,21,0,5,57,57,0,0.0009,0.004
6322,OMIM:620240,"Developmental delay with hypotonia, myopathy, and brain abnormalities",25,0,16,116,116,0,0.0009,0.002
6323,OMIM:615760,"Microcephaly, progressive, with seizures and cerebral and cerebellar atrophy",21,0,10,85,85,0,0.0009,0.002
6324,OMIM:618330,Global developmental delay with or without impaired intellectual development,25,0,15,57,57,0,0.0009,0.005
6325,OMIM:312830,Scarf syndrome,34,0,12,154,154,0,0.0009,0.003
6326,OMIM:609942,Noonan syndrome 3,57,0,29,334,334,0,0.0009,0.004
6327,OMIM:309545,"Intellectual developmental disorder, X-linked syndromic 12",12,0,7,21,21,0,0.0009,0.005
6328,OMIM:620452,Amyotrophic lateral sclerosis 28,17,0,10,49,49,0,0.0009,0.002
6329,OMIM:618872,Nizon-Isidor syndrome,44,0,22,224,224,0,0.0009,0.024
6330,OMIM:618655,"Myopathy, distal, 6, adult onset",12,0,5,45,45,0,0.0009,0.003
6331,OMIM:601853,Gomez-Lopez-Hernandez syndrome,39,0,21,224,224,0,0.0009,0.002
6332,OMIM:300979,Xq25 duplication syndrome,21,0,16,77,77,0,0.0009,0.005
6333,OMIM:164300,Oculopharyngeal muscular dystrophy,14,0,10,23,23,0,0.0009,0.002
6334,OMIM:618292,"Neurodevelopmental disorder with impaired intellectual development, hypotonia, and ataxia",20,0,10,66,66,0,0.0009,0.002
6335,OMIM:618286,"Macrocephaly, acquired, with impaired intellectual development",24,0,13,115,115,0,0.0009,0.005
6336,OMIM:604320,"Spinal muscular atrophy, distal, autosomal recessive, 1",30,0,21,82,82,0,0.0009,0.005
6337,ORPHA:199302,Isolated cleft lip,18,0,9,24,24,0,0.0009,0.002
6338,ORPHA:252054,Hemangioblastoma,16,0,8,47,47,0,0.0009,0.002
6339,ORPHA:99050,Abnormal origin of right or left pulmonary artery from the aorta,26,0,16,225,225,0,0.0009,0.01
6340,ORPHA:228384,5q14.3 microdeletion syndrome,24,0,13,87,87,0,0.0009,0.004
6341,ORPHA:330054,Congenital cataract-progressive muscular hypotonia-hearing loss-developmental delay syndrome,12,0,7,10,10,0,0.0009,0.002
6342,ORPHA:171829,6q16 microdeletion syndrome,32,0,17,123,123,0,0.0009,0.005
6343,ORPHA:101016,Isolated congenital long QT syndrome,12,0,7,31,31,0,0.0009,0.002
6344,ORPHA:457359,Megalencephaly-severe kyphoscoliosis-overgrowth syndrome,54,0,23,350,350,0,0.0009,0.004
6345,ORPHA:326,Congenital factor V deficiency,19,0,5,123,123,0,0.0009,0.001
6346,ORPHA:457365,Intellectual disability-muscle weakness-short stature-facial dysmorphism syndrome,24,0,12,59,59,0,0.0009,0.005
6347,ORPHA:370980,Congenital muscular dystrophy without intellectual disability,26,0,18,159,159,0,0.0009,0.003
6348,ORPHA:485405,16p12.1p12.3 triplication syndrome,44,0,21,166,166,0,0.0009,0.004
6349,ORPHA:330012,High altitude pulmonary edema,21,0,17,49,49,0,0.0009,0.002
6350,ORPHA:85284,BRESEK syndrome,28,0,21,59,59,0,0.0009,0.004
6351,ORPHA:85280,X-linked intellectual disability-cubitus valgus-dysmorphism syndrome,17,1,8,37,37,0,0.0009,0.002
6352,ORPHA:555874,Congenital tricuspid valve dysplasia,20,0,11,66,66,0,0.0009,0.002
6353,ORPHA:87,Apert syndrome,59,0,42,428,428,0,0.0009,0.006
6354,ORPHA:73229,HANAC syndrome,17,0,14,46,46,0,0.0009,0.002
6355,ORPHA:3220,Deafness-enamel hypoplasia-nail defects syndrome,33,0,26,104,104,0,0.0009,0.003
6356,ORPHA:3222,Phosphoribosylpyrophosphate synthetase superactivity,13,0,12,10,10,0,0.0009,0.002
6357,ORPHA:73223,Global developmental delay-osteopenia-ectodermal defect syndrome,39,0,18,180,180,0,0.0009,0.008
6358,ORPHA:3219,Fountain syndrome,44,0,30,226,226,0,0.0009,0.003
6359,ORPHA:177926,Bleeding disorder in hemophilia A carriers,12,0,3,66,66,0,0.0009,0.001
6360,ORPHA:1464,Univentricular heart,14,0,9,28,28,0,0.0009,0.003
6361,ORPHA:2792,Otofaciocervical syndrome,23,0,16,42,42,0,0.0009,0.004
6362,ORPHA:357175,Short ulna-dysmorphism-hypotonia-intellectual disability syndrome,25,0,10,92,92,0,0.0009,0.004
6363,ORPHA:411986,Early-onset epileptic encephalopathy-cortical blindness-intellectual disability-facial dysmorphism syndrome,36,0,15,227,227,0,0.0009,0.002
6364,ORPHA:57145,SUNCT syndrome,23,0,13,45,45,0,0.0009,0.002
6365,ORPHA:99147,Acquired von Willebrand syndrome,27,0,10,202,202,0,0.0009,0.011
6366,ORPHA:2849,Perlman syndrome,38,0,22,144,144,0,0.0009,0.01
6367,ORPHA:99105,"Atrial septal defect, sinus venosus type",27,0,16,220,220,0,0.0009,0.001
6368,ORPHA:217,Isolated Dandy-Walker malformation,20,0,13,94,94,0,0.0009,0.005
6369,ORPHA:246,Postaxial acrofacial dysostosis,20,0,14,45,45,0,0.0009,0.002
6370,ORPHA:141099,Proboscis lateralis,49,0,31,398,398,0,0.0009,0.002
6371,ORPHA:300305,11p15.4 microduplication syndrome,18,0,9,37,37,0,0.0009,0.005
6372,ORPHA:275766,Idiopathic pulmonary arterial hypertension,16,0,9,55,55,0,0.0009,0.002
6373,ORPHA:2026,Gingival fibromatosis-hypertrichosis syndrome,13,0,8,32,32,0,0.0009,0.006
6374,ORPHA:3353,Trichodermodysplasia-dental alterations syndrome,19,0,14,74,74,0,0.0009,0.003
6375,ORPHA:60039,Pudendal nerve entrapment syndrome,13,0,3,43,43,0,0.0009,0.001
6376,ORPHA:420179,Malan overgrowth syndrome,38,0,19,200,200,0,0.0009,0.002
6377,ORPHA:3338,Toriello-Carey syndrome,46,0,33,201,201,0,0.0009,0.004
6378,ORPHA:3339,Oculoectodermal syndrome,36,0,27,85,85,0,0.0009,0.004
6379,ORPHA:85317,X-linked intellectual disability-hypogammaglobulinemia-progressive neurological deterioration syndrome,21,0,13,48,48,0,0.0009,0.002
6380,ORPHA:250999,1q41q42 microdeletion syndrome,32,0,20,79,79,0,0.0009,0.004
6381,ORPHA:3304,Fallot complex-intellectual disability-growth delay syndrome,33,0,15,94,94,0,0.0009,0.003
6382,ORPHA:1598,Monosomy 18p syndrome,38,0,27,148,148,0,0.0009,0.005
6383,ORPHA:1580,Distal deletion 10p syndrome,31,0,21,68,68,0,0.0009,0.004
6384,ORPHA:209004,Polyneuropathy associated with IgM monoclonal gammopathy,19,0,7,56,56,0,0.0009,0.003
6385,ORPHA:306542,Frontonasal dysplasia-severe microphthalmia-severe facial clefting syndrome,29,0,20,147,147,0,0.0009,0.003
6386,ORPHA:2882,Sitosterolemia,13,0,5,13,13,0,0.0009,0.002
6387,ORPHA:2884,Piebaldism,19,0,12,62,62,0,0.0009,0.003
6388,ORPHA:1545,Crisponi syndrome,22,0,16,51,51,0,0.0009,0.002
6389,ORPHA:154,Familial isolated dilated cardiomyopathy,13,0,8,10,10,0,0.0009,0.002
6390,ORPHA:93958,Oromandibular dystonia,21,0,12,83,83,0,0.0009,0.002
6391,ORPHA:113,Bazex-Dupré-Christol syndrome,15,0,10,50,50,0,0.0009,0.004
6392,ORPHA:98791,Alpha-thalassemia-intellectual disability syndrome linked to chromosome 16,32,0,20,132,132,0,0.0009,0.002
6393,ORPHA:96125,Distal deletion 6p syndrome,39,0,21,177,177,0,0.0009,0.004
6394,ORPHA:96178,Ring chromosome 16 syndrome,19,0,11,43,43,0,0.0009,0.005
6395,ORPHA:96168,Monosomy 13q34 syndrome,35,0,19,93,93,0,0.0009,0.004
6396,ORPHA:3019,Ramon syndrome,17,0,14,17,17,0,0.0009,0.003
6397,ORPHA:1292,Brachymorphism-onychodysplasia-dysphalangism syndrome,38,0,20,223,223,0,0.0009,0.003
6398,ORPHA:352577,Bainbridge-Ropers syndrome,41,0,19,263,263,0,0.0009,0.004
6399,ORPHA:83628,LUMBAR syndrome,17,0,10,61,61,0,0.0009,0.004
6400,ORPHA:1234,Bartsocas-Papas syndrome,26,0,20,99,99,0,0.0009,0.002
6401,ORPHA:2560,Moebius syndrome-axonal neuropathy-hypogonadotropic hypogonadism syndrome,15,0,9,25,25,0,0.0009,0.002
6402,ORPHA:401923,9q31.1q31.3 microdeletion syndrome,22,0,5,45,45,0,0.0009,0.003
6403,ORPHA:189,Hidrotic ectodermal dysplasia,27,0,14,281,281,0,0.0009,0.002
6404,ORPHA:2518,Autosomal recessive chorioretinopathy-microcephaly syndrome,22,0,16,52,52,0,0.0009,0.003
6405,ORPHA:91412,Marcus-Gunn syndrome,21,0,14,55,55,0,0.0009,0.002
6406,ORPHA:480907,X-linked intellectual disability-global development delay-facial dysmorphism-sacral caudal remnant syndrome,45,0,24,292,292,0,0.0009,0.005
6407,ORPHA:217385,17p13.3 microduplication syndrome,19,0,9,45,45,0,0.0009,0.002
6408,ORPHA:217346,19q13.11 microdeletion syndrome,40,0,25,117,117,0,0.0009,0.005
6409,ORPHA:217340,17q21.31 microduplication syndrome,25,0,15,97,97,0,0.0009,0.004
6410,ORPHA:434179,Orofaciodigital syndrome type 14,42,0,20,261,261,0,0.0009,0.004
6411,ORPHA:853,Fetal and neonatal alloimmune thrombocytopenia,17,0,10,64,64,0,0.0009,0.002
6412,ORPHA:939,3-hydroxyisobutyric aciduria,15,0,11,32,32,0,0.0009,0.002
6413,ORPHA:166063,Pontocerebellar hypoplasia type 4,14,0,6,26,26,0,0.0009,0.002
6414,ORPHA:3109,Mayer-Rokitansky-Küster-Hauser syndrome,24,0,14,69,69,0,0.0009,0.011
6415,ORPHA:903,Von Willebrand disease,20,0,10,140,140,0,0.0009,0.011
6416,ORPHA:98878,Hemophilia A,14,0,6,47,47,0,0.0009,0.004
6417,ORPHA:171445,Muscle filaminopathy,22,0,12,66,66,0,0.0009,0.009
6418,ORPHA:1389,Cortical blindness-intellectual disability-polydactyly syndrome,14,0,8,18,18,0,0.0009,0.002
6419,ORPHA:1387,Cataract-intellectual disability-hypogonadism syndrome,30,0,21,102,102,0,0.0009,0.002
6420,ORPHA:920,Ablepharon macrostomia syndrome,39,0,27,138,138,0,0.0009,0.004
6421,ORPHA:276432,Ogden syndrome,41,0,28,189,189,0,0.0009,0.002
6422,ORPHA:1358,Carey-Fineman-Ziter syndrome,36,0,25,168,168,0,0.0009,0.002
6423,ORPHA:1344,Isolated atrial standstill,32,0,22,189,189,0,0.0009,0.006
6424,ORPHA:1327,"Camptodactyly syndrome, Guadalajara type 1",47,1,25,383,383,0,0.0009,0.004
6425,ORPHA:86818,Alport syndrome-intellectual disability-midface hypoplasia-elliptocytosis syndrome,22,0,14,35,35,0,0.0009,0.005
6426,ORPHA:1302,Cryptogenic organizing pneumonia,27,0,17,101,101,0,0.0009,0.003
6427,ORPHA:1882,Hypohidrotic ectodermal dysplasia-hypothyroidism-ciliary dyskinesia syndrome,15,1,11,29,29,0,0.0009,0.004
6428,ORPHA:1809,"Hidrotic ectodermal dysplasia, Halal type",18,0,10,60,60,0,0.0009,0.002
6429,ORPHA:65286,3q29 microdeletion syndrome,44,0,25,190,190,0,0.0009,0.008
6430,ORPHA:1812,Ectodermal dysplasia-intellectual disability-central nervous system malformation syndrome,39,0,24,146,146,0,0.0009,0.004
6431,ORPHA:747,Autoimmune pulmonary alveolar proteinosis,20,1,14,49,49,0,0.0009,0.005
6432,ORPHA:774,Hereditary hemorrhagic telangiectasia,36,0,22,363,363,0,0.0009,0.027
6433,ORPHA:46059,Lathosterolosis,45,0,29,211,211,0,0.0009,0.009
6434,ORPHA:1071,Ankyloblepharon-ectodermal defects-cleft lip/palate syndrome,59,0,30,527,527,0,0.0009,0.003
6435,ORPHA:261323,21q22.11q22.12 microdeletion syndrome,59,0,26,359,359,0,0.0009,0.004
6436,ORPHA:849,Glanzmann thrombasthenia,14,0,3,69,69,0,0.0009,0.001
6437,ORPHA:284169,Facial dysmorphism-developmental delay-behavioral abnormalities syndrome due to 10p11.21p12.31 microdeletion,46,0,32,203,203,0,0.0009,0.005
6438,ORPHA:521258,Xq25 microduplication syndrome,20,0,15,76,76,0,0.0009,0.004
6439,ORPHA:2325,Epidermolysis bullosa simplex with anodontia/hypodontia,19,0,15,46,46,0,0.0009,0.003
6440,ORPHA:2321,Jung syndrome,17,0,11,34,34,0,0.0009,0.006
6441,ORPHA:2328,Kapur-Toriello syndrome,22,0,14,23,23,0,0.0009,0.004
6442,ORPHA:98911,Distal myotilinopathy,37,0,17,284,284,0,0.0009,0.003
6443,ORPHA:70589,Bronchopulmonary dysplasia,27,0,19,194,194,0,0.0009,0.006
6444,ORPHA:157835,Paroxysmal hemicrania,19,0,12,37,37,0,0.0009,0.002
6445,ORPHA:31150,Tangier disease,22,0,11,37,37,0,0.0009,0.004
6446,ORPHA:1926,Diabetic embryopathy,32,0,27,77,77,0,0.0009,0.003
6447,ORPHA:251019,2q32q33 deletion syndrome,43,0,25,240,240,0,0.0009,0.004
6448,ORPHA:66629,Goldberg-Shprintzen megacolon syndrome,23,0,17,56,56,0,0.0009,0.004
6449,ORPHA:398189,Focal facial dermal dysplasia type IV,17,0,15,34,34,0,0.0009,0.003
6450,ORPHA:627,Nance-Horan syndrome,27,0,15,115,115,0,0.0009,0.002
6451,ORPHA:615,Familial atrial myxoma,18,0,11,41,41,0,0.0009,0.004
6452,ORPHA:445062,Juvenile-onset diabetes mellitus-central and peripheral neurodegeneration syndrome,15,0,9,56,56,0,0.0009,0.002
6453,ORPHA:435628,Keppen-Lubinsky syndrome,42,0,24,219,219,0,0.0009,0.004
6454,ORPHA:284227,TEMPI syndrome,14,0,11,25,25,0,0.0009,0.007
6455,ORPHA:140936,Lelis syndrome,22,0,10,100,100,0,0.0009,0.007
6456,ORPHA:1145,Infantile-onset X-linked spinal muscular atrophy,37,0,23,249,249,0,0.0009,0.003
6457,ORPHA:1133,AREDYLD syndrome,26,0,16,61,61,0,0.0009,0.003
6458,ORPHA:2409,Lowry-MacLean syndrome,52,0,29,304,304,0,0.0009,0.024
6459,ORPHA:2973,"46,XX difference of sex development-anorectal anomalies syndrome",15,0,8,40,40,0,0.0009,0.002
6460,ORPHA:1636,Distal monosomy 7q36 syndrome,30,0,21,115,115,0,0.0009,0.002
6461,ORPHA:1620,Distal deletion 3p syndrome,34,0,22,169,169,0,0.0009,0.002
6462,ORPHA:500533,Polyhydramnios-megalencephaly-symptomatic epilepsy syndrome,34,0,20,128,128,0,0.0009,0.002
6463,ORPHA:521445,Microcephaly-facial dysmorphism-ocular anomalies-multiple congenital anomalies syndrome,27,1,12,70,70,0,0.0009,0.002
6464,ORPHA:2083,Prominent glabella-microcephaly-hypogenitalism syndrome,31,0,18,95,95,0,0.0009,0.002
6465,ORPHA:99688,Dermotrichic syndrome,17,0,13,19,19,0,0.0009,0.002
6466,ORPHA:261112,Monosomy 9p syndrome,58,0,35,482,482,0,0.0009,0.015
6467,ORPHA:2067,GAPO syndrome,54,0,35,307,307,0,0.0009,0.003
6468,ORPHA:284388,Reversible cerebral vasoconstriction syndrome,24,0,15,175,175,0,0.0009,0.002
6469,ORPHA:3449,Weill-Marchesani syndrome,21,0,15,46,46,0,0.0009,0.002
6470,ORPHA:2117,Hartsfield syndrome,17,0,10,32,32,0,0.0009,0.002
6471,ORPHA:221061,Familial cerebral cavernous malformation,25,1,16,147,147,0,0.0009,0.002
6472,ORPHA:79134,DEND syndrome,18,0,7,23,23,0,0.0009,0.002
6473,ORPHA:3403,Uhl anomaly,15,0,8,79,79,0,0.0009,0.012
6474,ORPHA:1677,Familial idiopathic dilatation of the right atrium,24,0,13,175,175,0,0.0009,0.02
6475,ORPHA:1660,Dermoodontodysplasia,16,1,9,65,65,0,0.0009,0.003
6476,ORPHA:252183,Neurofibroma,26,0,12,158,158,0,0.0009,0.003
6477,ORPHA:357001,19p13.13 microdeletion syndrome,47,0,27,269,269,0,0.0009,0.008
6478,ORPHA:1756,Caudal duplication,15,0,11,31,31,0,0.0009,0.003
6479,ORPHA:85199,Craniosynostosis-anal anomalies-porokeratosis syndrome,35,0,23,246,246,0,0.0009,0.004
6480,ORPHA:1738,Trisomy 4p syndrome,30,0,19,90,90,0,0.0009,0.002
6481,ORPHA:465,Congenital plasminogen activator inhibitor type 1 deficiency,23,0,6,145,145,0,0.0009,0.004
6482,ORPHA:1707,Distal duplication 15q syndrome,29,0,19,133,133,0,0.0009,0.003
6483,ORPHA:1703,Mosaic trisomy 14 syndrome,30,0,20,71,71,0,0.0009,0.004
6484,ORPHA:98434,Hereditary combined deficiency of vitamin K-dependent clotting factors,31,0,14,249,249,0,0.0009,0.002
6485,ORPHA:521308,Frontonasal dysplasia-bifid nose-upper limb anomalies syndrome,21,0,12,77,77,0,0.0009,0.002
6486,ORPHA:2189,Hydrolethalus,28,0,18,57,57,0,0.0009,0.002
6487,ORPHA:2282,Dysmorphism-short stature-deafness-difference of sex development syndrome,30,0,19,72,72,0,0.0009,0.004
6488,ORPHA:2221,Acquired hypertrichosis lanuginosa,18,0,12,34,34,0,0.0009,0.002
6489,ORPHA:2220,Hypertrichosis cubiti,27,0,20,108,108,0,0.0009,0.004
6490,ORPHA:231183,Usher syndrome type 3,12,0,11,22,22,0,0.0009,0.002
6491,ORPHA:592574,Menke-Hennekam syndrome,44,0,29,169,169,0,0.0009,0.005
6492,ORPHA:79280,Alpha-N-acetylgalactosaminidase deficiency type 2,18,0,12,38,38,0,0.0009,0.002
6493,ORPHA:1780,Thakker-Donnai syndrome,25,0,9,47,47,0,0.0009,0.003
6494,ORPHA:1770,XY type gonadal dysgenesis-associated anomalies syndrome,26,0,16,56,56,0,0.0009,0.003
6495,ORPHA:1778,Facial dysmorphism-shawl scrotum-joint laxity syndrome,24,0,11,59,59,0,0.0009,0.002
6496,ORPHA:231160,Familial cerebral saccular aneurysm,15,0,10,72,72,0,0.0009,0.004
6497,OMIM:619383,"Neurodevelopmental disorder with hypotonia, facial dysmorphism, and brain abnormalities",60,0,31,388,388,0,0.0008,0.004
6498,OMIM:619142,Cardioacrofacial dysplasia 1,15,0,8,39,39,0,0.0008,0.002
6499,OMIM:618300,"Ciliary dyskinesia, primary, 40",17,0,10,38,38,0,0.0008,0.002
6500,OMIM:615355,Noonan syndrome 8,30,0,19,52,52,0,0.0008,0.002
6501,OMIM:610205,Alagille syndrome 2,18,0,12,32,32,0,0.0008,0.005
6502,OMIM:620113,"Neurodevelopmental disorder with growth retardation, dysmorphic facies, and corpus callosum abnormalities",48,0,23,234,234,0,0.0008,0.005
6503,OMIM:619745,Noonan syndrome 14,47,1,20,229,229,0,0.0008,0.012
6504,OMIM:110100,"Blepharophimosis, epicanthus inversus, and ptosis",24,0,11,63,63,0,0.0008,0.002
6505,OMIM:619790,Oculopharyngodistal myopathy 4,19,0,11,40,40,0,0.0008,0.002
6506,OMIM:618129,"Muscular dystrophy, limb-girdle, autosomal dominant 4",14,0,9,56,56,0,0.0008,0.002
6507,OMIM:101805,"Acrofacial dysostosis, Catania type",23,0,13,93,93,0,0.0008,0.002
6508,OMIM:609757,Williams-Beuren region duplication syndrome,40,0,25,171,171,0,0.0008,0.002
6509,OMIM:620138,"Myopathy with myalgia, increased serum creatine kinase, and with or without episodic rhabdomyolysis",20,0,10,77,77,0,0.0008,0.01
6510,OMIM:613243,"Cardiomyopathy, familial hypertrophic, 13",14,0,6,56,56,0,0.0008,0.002
6511,OMIM:611087,"Polyhydramnios, megalencephaly, and symptomatic epilepsy",31,0,18,92,92,0,0.0008,0.004
6512,OMIM:314320,Trigonocephaly with short stature and developmental delay,22,0,10,71,71,0,0.0008,0.004
6513,OMIM:609637,Holoprosencephaly 5,34,0,15,203,203,0,0.0008,0.004
6514,OMIM:614114,Mosaic variegated aneuploidy syndrome 2,48,0,28,225,225,0,0.0008,0.003
6515,OMIM:616920,Heart and brain malformation syndrome,38,0,15,172,172,0,0.0008,0.002
6516,OMIM:613870,"Hirschsprung disease, cardiac defects, and autonomic dysfunction",19,0,10,23,23,0,0.0008,0.002
6517,OMIM:615959,Centronuclear myopathy 5,20,0,13,59,59,0,0.0008,0.002
6518,OMIM:608840,"Muscular dystrophy-dystroglycanopathy (congenital with impaired intellectual development), type B, 6",29,0,18,158,158,0,0.0008,0.004
6519,OMIM:277720,"Whistling face syndrome, recessive form",27,0,9,189,189,0,0.0008,0.003
6520,OMIM:300580,"Myopathy, congenital, with fiber-type disproportion, X-linked",15,0,8,23,23,0,0.0008,0.002
6521,OMIM:620458,Auriculocondylar syndrome 2B,27,0,11,82,82,0,0.0008,0.004
6522,OMIM:619227,"Vertebral, cardiac, tracheoesophageal, renal, and limb defects",28,0,14,90,90,0,0.0008,0.008
6523,OMIM:617746,Sweeney-Cox syndrome,49,0,15,306,306,0,0.0008,0.003
6524,OMIM:620075,"Neurodevelopmental disorder with facial dysmorphism, absent language, and pseudo-Pelger-Huet anomaly",43,0,19,240,240,0,0.0008,0.005
6525,OMIM:621343,Congenital myopathy 27,20,0,9,41,41,0,0.0008,0.002
6526,OMIM:160150,Centronuclear myopathy 1,31,0,20,230,230,0,0.0008,0.01
6527,OMIM:619179,"Microcephaly 26, primary, autosomal dominant",38,0,13,194,194,0,0.0008,0.002
6528,OMIM:620249,"Congenital myopathy 10B, mild variant",38,0,22,295,295,0,0.0008,0.005
6529,OMIM:144755,Hyperostosis cranialis interna,18,0,12,46,46,0,0.0008,0.002
6530,OMIM:616894,"Robinow syndrome, autosomal dominant 3",52,0,24,402,402,0,0.0008,0.003
6531,OMIM:171300,Pheochromocytoma,16,0,9,39,39,0,0.0008,0.002
6532,OMIM:619595,"Developmental delay, hypotonia, musculoskeletal defects, and behavioral abnormalities",30,0,17,130,130,0,0.0008,0.008
6533,OMIM:600775,Craniosynostosis 4,20,0,7,84,84,0,0.0008,0.002
6534,OMIM:618106,"Intellectual developmental disorder, autosomal dominant 58",39,0,17,174,174,0,0.0008,0.005
6535,OMIM:231005,"Gaucher disease, type IIIC",17,0,12,32,32,0,0.0008,0.002
6536,OMIM:606072,Rippling muscle disease,12,0,5,45,45,0,0.0008,0.001
6537,OMIM:106995,Anonychia-Onychodystrophy with hypoplasia or absence of distal phalanges,13,0,6,24,24,0,0.0008,0.002
6538,OMIM:614607,Coffin-Siris syndrome 2,48,0,33,269,269,0,0.0008,0.006
6539,OMIM:165500,Optic atrophy 1,14,0,9,56,56,0,0.0008,0.002
6540,OMIM:133020,"Erythermalgia, primary",13,0,8,11,11,0,0.0008,0.001
6541,OMIM:616789,Impaired intellectual development and distinctive facial features with or without cardiac defects,34,0,17,143,143,0,0.0008,0.004
6542,OMIM:618571,"Neurodevelopmental disorder with cataracts, poor growth, and dysmorphic facies",39,0,20,186,186,0,0.0008,0.002
6543,OMIM:621469,Moyamoya disease 8,27,0,15,105,105,0,0.0008,0.005
6544,OMIM:619733,Inclusion body myopathy and brain white matter abnormalities,23,0,11,107,107,0,0.0008,0.009
6545,OMIM:616158,"Neurodevelopmental disorder with neonatal respiratory insufficiency, hypotonia, and feeding difficulties",26,0,15,85,85,0,0.0008,0.004
6546,OMIM:616819,"Corpus callosum, agenesis of, with facial anomalies and cerebellar ataxia",22,0,10,74,74,0,0.0008,0.004
6547,OMIM:601419,"Myopathy, myofibrillar, 1",15,0,10,34,34,0,0.0008,0.002
6548,OMIM:614202,Rafiq syndrome,43,0,22,282,282,0,0.0008,0.005
6549,OMIM:611554,Leopard syndrome 2,18,0,6,41,41,0,0.0008,0.002
6550,OMIM:617333,Intellectual developmental disorder with dysmorphic facies and ptosis,35,0,19,137,137,0,0.0008,0.005
6551,OMIM:300484,Orofaciodigital syndrome VIII,17,0,10,20,20,0,0.0008,0.002
6552,OMIM:619322,Marbach-Rustad progeroid syndrome,32,0,17,125,125,0,0.0008,0.002
6553,OMIM:619320,"Intellectual developmental disorder, autosomal dominant 65",45,0,18,345,345,0,0.0008,0.005
6554,OMIM:615297,Adams-Oliver syndrome 4,13,0,8,22,22,0,0.0008,0.002
6555,OMIM:619122,Vertebral hypersegmentation and orofacial anomalies,20,0,7,65,65,0,0.0008,0.002
6556,OMIM:300860,"Intellectual developmental disorder, X-linked syndromic, Nascimento type",39,0,16,178,178,0,0.0008,0.005
6557,OMIM:620748,Megalencephaly-polydactyly syndrome,38,0,21,149,149,0,0.0008,0.005
6558,OMIM:613792,Chromosome 3pter-p25 deletion syndrome,58,0,29,488,488,0,0.0008,0.024
6559,OMIM:616827,"Muscular dystrophy, limb-girdle, type 2W",12,0,9,23,23,0,0.0008,0.002
6560,OMIM:309500,Renpenning syndrome,60,0,35,337,337,0,0.0008,0.004
6561,OMIM:613744,"Spastic paraplegia 51, autosomal recessive",37,0,17,214,214,0,0.0008,0.004
6562,OMIM:125250,"Optic atrophy with or without deafness, ophthalmoplegia, myopathy, ataxia, and neuropathy",22,0,15,102,102,0,0.0008,0.002
6563,OMIM:272950,Teebi-Shaltout syndrome,43,1,19,226,226,0,0.0008,0.002
6564,OMIM:601224,Potocki-Shaffer syndrome,24,0,10,150,150,0,0.0008,0.002
6565,OMIM:618761,Catifa syndrome,22,0,13,61,61,0,0.0008,0.004
6566,OMIM:611553,Noonan syndrome 5,38,0,19,133,133,0,0.0008,0.004
6567,OMIM:268850,Richieri-Costa/guion-Almeida syndrome,31,0,19,132,132,0,0.0008,0.003
6568,OMIM:619244,Neurodevelopmental disorder with cerebral atrophy and variable facial dysmorphism,38,0,18,244,244,0,0.0008,0.005
6569,OMIM:129490,"Ectodermal dysplasia 10A, hypohidrotic/hair/nail type, autosomal dominant",13,0,8,45,45,0,0.0008,0.002
6570,OMIM:612098,"Cardiomyopathy, familial hypertrophic, 11",17,0,11,105,105,0,0.0008,0.002
6571,OMIM:141300,"Hemifacial atrophy, progressive",16,0,11,28,28,0,0.0008,0.002
6572,OMIM:618774,CEBALID syndrome,36,0,18,187,187,0,0.0008,0.005
6573,OMIM:616559,Noonan syndrome 9,17,0,9,16,16,0,0.0008,0.002
6574,OMIM:618548,"Epileptic encephalopathy, early infantile, 77",36,0,17,137,137,0,0.0008,0.004
6575,OMIM:619695,Rauch-Steindl syndrome,41,0,19,179,179,0,0.0008,0.008
6576,OMIM:615859,Developmental and epileptic encephalopathy 23,32,0,13,183,183,0,0.0008,0.002
6577,OMIM:115197,"Cardiomyopathy, familial hypertrophic, 4",27,0,17,195,195,0,0.0008,0.01
6578,OMIM:609242,Kanzaki disease,25,0,12,76,76,0,0.0008,0.003
6579,OMIM:169100,Char syndrome,17,0,7,23,23,0,0.0008,0.004
6580,OMIM:300867,Kabuki syndrome 2,50,0,31,220,220,0,0.0008,0.004
6581,OMIM:194072,"Wilms tumor, aniridia, genitourinary anomalies and impaired intellectual development syndrome",12,0,8,36,36,0,0.0008,0.001
6582,OMIM:617336,"Nemaline myopathy 11, autosomal recessive",15,0,7,27,27,0,0.0008,0.002
6583,OMIM:604804,"Microcephaly 3, primary, autosomal recessive",15,0,8,32,32,0,0.0008,0.004
6584,OMIM:201180,Acrofrontofacionasal dysostosis 1,28,0,16,117,117,0,0.0008,0.002
6585,OMIM:617070,"Progressive external ophthalmoplegia with mitochondrial DNA deletions, autosomal recessive 4",18,0,14,35,35,0,0.0008,0.002
6586,OMIM:616420,"Leukodystrophy, hypomyelinating, 10",37,0,17,215,215,0,0.0008,0.002
6587,OMIM:620192,Lacrimoauriculodentodigital syndrome-2,14,0,7,33,33,0,0.0008,0.002
6588,OMIM:618974,Li-Ghorgani-Weisz-Hubshman syndrome,27,0,17,73,73,0,0.0008,0.002
6589,OMIM:300472,"Corpus callosum, agenesis of, with impaired intellectual development, ocular coloboma and micrognathia",31,0,15,81,81,0,0.0008,0.014
6590,OMIM:618021,Tetraamelia syndrome 2,14,0,5,19,19,0,0.0008,0.005
6591,OMIM:613174,Chromosome 5p13 duplication syndrome,45,0,26,248,248,0,0.0008,0.004
6592,OMIM:618009,Intellectual developmental disorder 61,19,0,5,50,50,0,0.0008,0.002
6593,OMIM:618779,Coffin-Siris syndrome 11,22,0,9,71,71,0,0.0008,0.005
6594,OMIM:613823,Seckel syndrome 5,30,0,21,146,146,0,0.0008,0.003
6595,OMIM:201550,Adducted thumbs syndrome,15,0,9,36,36,0,0.0008,0.002
6596,OMIM:618590,"Neurodevelopmental disorder with brain anomalies, seizures, and scoliosis",49,0,22,265,265,0,0.0008,0.003
6597,OMIM:300896,"Congenital disorder of glycosylation, type IIm",42,0,22,198,198,0,0.0008,0.004
6598,OMIM:300263,"Intellectual developmental disorder, X-linked syndromic, Siderius type",19,0,9,62,62,0,0.0008,0.005
6599,OMIM:608423,"Muscular dystrophy, limb-girdle, autosomal dominant 2",20,0,8,108,108,0,0.0008,0.01
6600,OMIM:621270,"Cardiomyopathy, familial hypertrophic, 31",35,0,17,213,213,0,0.0008,0.007
6601,OMIM:167730,Nasopalpebral lipoma-coloboma syndrome,22,0,9,106,106,0,0.0008,0.002
6602,OMIM:300707,STAR syndrome,41,0,16,131,131,0,0.0008,0.002
6603,OMIM:613215,Chromosome 17p13.3 duplication syndrome,42,0,17,256,256,0,0.0008,0.002
6604,OMIM:620185,Atelis syndrome 2,42,0,22,152,152,0,0.0008,0.002
6605,OMIM:619880,Neurodevelopmental disorder with poor growth and skeletal anomalies,29,0,13,163,163,0,0.0008,0.002
6606,OMIM:618797,"Neurodevelopmental disorder with hypotonia, neonatal respiratory insufficiency, and thermodysregulation",33,0,14,102,102,0,0.0008,0.002
6607,OMIM:614230,Chromosome 8q21.11 deletion syndrome,41,0,20,178,178,0,0.0008,0.002
6608,OMIM:142946,Holoprosencephaly 4,15,0,6,37,37,0,0.0008,0.002
6609,OMIM:620157,"Intellectual developmental disorder, autosomal dominant 70",33,0,16,176,176,0,0.0008,0.007
6610,OMIM:613204,"Muscular dystrophy, congenital, due to integrin alpha-7 deficiency",12,0,9,39,39,0,0.0008,0.005
6611,OMIM:618580,"Epileptic encephalopathy, early infantile, 80",45,0,28,163,163,0,0.0008,0.002
6612,OMIM:619113,COACH syndrome 3,16,0,10,28,28,0,0.0008,0.002
6613,OMIM:617666,Fraser syndrome 2,26,0,8,47,47,0,0.0008,0.004
6614,OMIM:102150,Acromegaloid facial appearance syndrome,18,0,6,67,67,0,0.0008,0.004
6615,OMIM:610733,Noonan syndrome 4,44,0,22,129,129,0,0.0008,0.002
6616,OMIM:614541,Chromosome 16q22 deletion syndrome,34,0,16,167,167,0,0.0008,0.002
6617,OMIM:600252,Lowry-Maclean syndrome,12,0,9,20,20,0,0.0008,0.004
6618,OMIM:620155,Rabin-Pappas syndrome,40,0,21,197,197,0,0.0008,0.007
6619,OMIM:618804,Sandestig-Stefanova syndrome,34,1,13,130,130,0,0.0008,0.002
6620,OMIM:253601,"Muscular dystrophy, limb-girdle, type 2B",13,0,7,37,37,0,0.0008,0.002
6621,OMIM:262190,"Pineal hyperplasia, insulin-resistant diabetes mellitus, and somatic abnormalities",21,0,11,38,38,0,0.0008,0.003
6622,OMIM:615879,Tatton-Brown-Rahman syndrome,37,1,17,151,151,0,0.0008,0.004
6623,OMIM:300661,Phosphoribosylpyrophosphate synthetase superactivity,38,0,24,89,89,0,0.0008,0.005
6624,OMIM:617667,Fraser syndrome 3,20,0,7,24,24,0,0.0008,0.003
6625,OMIM:618971,Tolchin-Le Caignec syndrome,37,0,14,192,192,0,0.0008,0.004
6626,OMIM:175050,Juvenile polyposis/hereditary hemorrhagic telangiectasia syndrome,14,0,9,29,29,0,0.0008,0.003
6627,OMIM:619460,Luo-Schoch-Yamamoto syndrome,33,0,12,111,111,0,0.0008,0.004
6628,OMIM:613603,Chromosome 4q32.1-q32.2 triplication syndrome,41,0,23,252,252,0,0.0008,0.008
6629,OMIM:616734,"Skin creases, congenital symmetric circumferential, 2",52,0,26,296,296,0,0.0008,0.005
6630,OMIM:614651,"Coenzyme Q10 deficiency, primary, 2",15,0,8,14,14,0,0.0008,0.002
6631,OMIM:613102,Hypotrichosis and recurrent skin vesicles,14,0,9,62,62,0,0.0008,0.002
6632,OMIM:618916,"Epileptic encephalopathy, early infantile, 87",21,0,9,59,59,0,0.0008,0.004
6633,OMIM:147250,Solitary median maxillary central incisor,22,0,15,75,75,0,0.0008,0.004
6634,OMIM:615981,Bardet-Biedl syndrome 2,39,0,20,113,113,0,0.0008,0.004
6635,OMIM:520000,"Diabetes and deafness, maternally inherited",14,0,14,17,17,0,0.0008,0.002
6636,OMIM:619188,"Intellectual developmental disorder, autosomal dominant 64",39,0,20,212,212,0,0.0008,0.005
6637,OMIM:616324,"Myasthenic syndrome, congenital, 4B, fast-channel",13,0,10,29,29,0,0.0008,0.001
6638,OMIM:614527,Chromosome 17q12 deletion syndrome,54,1,32,299,299,0,0.0008,0.005
6639,OMIM:616867,Spinal muscular atrophy with congenital bone fractures 2,23,0,14,58,58,0,0.0008,0.002
6640,OMIM:616866,Spinal muscular atrophy with congenital bone fractures 1,31,0,18,93,93,0,0.0008,0.003
6641,OMIM:619566,"Muscular dystrophy, limb-girdle, autosomal recessive 27",26,0,16,143,143,0,0.0008,0.004
6642,OMIM:619980,Braddock-Carey syndrome 1,32,0,16,115,115,0,0.0008,0.003
6643,OMIM:617991,"Developmental delay, intellectual disability, obesity, and dysmorphic features",37,0,20,121,121,0,0.0008,0.004
6644,OMIM:272440,Filippi syndrome,31,0,22,98,98,0,0.0008,0.003
6645,OMIM:185070,Stormorken syndrome,26,0,14,48,48,0,0.0008,0.002
6646,OMIM:156610,"Skin creases, congenital symmetric circumferential, 1",34,0,16,172,172,0,0.0008,0.005
6647,OMIM:616938,Coffin-Siris syndrome 5,31,0,17,137,137,0,0.0008,0.006
6648,OMIM:214300,"Klippel-Feil syndrome, autosomal recessive",13,0,8,23,23,0,0.0008,0.001
6649,OMIM:613854,"Congenital heart defects, multiple types, 6",14,0,9,91,91,0,0.0008,0.003
6650,OMIM:620246,Congenital myopathy 18 due to dihydropyridine receptor defect,12,0,7,21,21,0,0.0008,0.002
6651,OMIM:123500,Crouzon syndrome,29,0,19,148,148,0,0.0008,0.008
6652,OMIM:609944,"Ectodermal dysplasia, sensorineural hearing loss, and distinctive facial features",23,0,13,81,81,0,0.0008,0.002
6653,OMIM:617602,Congenital heart defects and skeletal malformations syndrome,45,0,21,216,216,0,0.0008,0.004
6654,OMIM:617158,"Myopathy, distal, with rimmed vacuoles",13,0,3,44,44,0,0.0008,0.009
6655,OMIM:158170,Chromosome 9P deletion syndrome,56,0,23,396,396,0,0.0008,0.005
6656,OMIM:613266,"Waardenburg syndrome, type 4C",13,0,8,18,18,0,0.0008,0.002
6657,OMIM:603511,"Muscular dystrophy, limb-girdle, type 1E",18,0,9,69,69,0,0.0008,0.002
6658,OMIM:123100,Craniosynostosis 1,14,0,5,56,56,0,0.0008,0.001
6659,OMIM:602342,Pierpont syndrome,59,0,27,395,395,0,0.0008,0.005
6660,OMIM:247990,Macdermot-Winter syndrome,15,0,8,17,17,0,0.0008,0.002
6661,OMIM:618736,Structural brain anomalies with impaired intellectual development and craniosynostosis,21,0,14,100,100,0,0.0008,0.002
6662,OMIM:258865,Orofaciodigital syndrome IX,23,0,15,53,53,0,0.0008,0.002
6663,OMIM:613885,"Meckel syndrome, type 8",22,0,11,53,53,0,0.0008,0.002
6664,OMIM:603116,CDAGS syndrome,26,0,17,143,143,0,0.0008,0.001
6665,OMIM:601846,Vacuolar neuromyopathy,13,0,5,39,39,0,0.0008,0.009
6666,OMIM:609200,"Myopathy, myofibrillar, 3",16,0,9,49,49,0,0.0008,0.003
6667,OMIM:602433,"Amyotrophic lateral sclerosis 4, juvenile",17,0,8,94,94,0,0.0008,0.003
6668,OMIM:620725,Bethlem myopathy 1B,13,0,8,66,66,0,0.0008,0.002
6669,OMIM:615761,"Intellectual developmental disorder, autosomal dominant 23",38,0,19,197,197,0,0.0008,0.005
6670,ORPHA:438216,PURA-related severe neonatal hypotonia-seizures-encephalopathy syndrome due to a point mutation,38,0,17,293,293,0,0.0008,0.003
6671,ORPHA:141132,Craniofacial microsomia,29,0,20,82,82,0,0.0008,0.002
6672,ORPHA:141152,Isolated congenital hypoglossia/aglossia,16,0,12,21,21,0,0.0008,0.002
6673,ORPHA:40366,Acitretin/etretinate embryopathy,26,0,17,79,79,0,0.0008,0.003
6674,ORPHA:87884,Rare non-syndromic genetic deafness,13,0,6,66,66,0,0.0008,0.001
6675,ORPHA:369950,Intellectual disability-seizures-macrocephaly-obesity syndrome,50,0,32,198,198,0,0.0008,0.006
6676,ORPHA:85290,"X-linked intellectual disability, Wilson type",16,0,9,33,33,0,0.0008,0.002
6677,ORPHA:85286,"X-linked intellectual disability, Shashi type",12,0,9,18,18,0,0.0008,0.004
6678,ORPHA:85276,"X-linked intellectual disability, Armfield type",38,0,22,147,147,0,0.0008,0.004
6679,ORPHA:3253,Cleft lip/palate-ectodermal dysplasia syndrome,41,0,25,245,245,0,0.0008,0.003
6680,ORPHA:3242,Renpenning syndrome,42,0,24,184,184,0,0.0008,0.003
6681,ORPHA:46,Adenylosuccinate lyase deficiency,17,0,7,64,64,0,0.0008,0.004
6682,ORPHA:438178,Fatty acyl-CoA reductase 1 deficiency,22,0,10,70,70,0,0.0008,0.004
6683,ORPHA:1514,Craniodigital-intellectual disability syndrome,14,0,9,32,32,0,0.0008,0.002
6684,ORPHA:1513,Craniodiaphyseal dysplasia,13,0,9,23,23,0,0.0008,0.002
6685,ORPHA:96097,Distal duplication 5q syndrome,30,0,19,98,98,0,0.0008,0.004
6686,ORPHA:178303,8q22.1 microdeletion syndrome,32,0,20,164,164,0,0.0008,0.002
6687,ORPHA:168984,CLAPO syndrome,19,0,13,35,35,0,0.0008,0.002
6688,ORPHA:237,Duplication of urethra,26,1,10,221,221,0,0.0008,0.004
6689,ORPHA:399058,Alpha-B crystallin-related late-onset myopathy,21,0,12,97,97,0,0.0008,0.002
6690,ORPHA:3282,Multifocal atrial tachycardia,25,0,19,173,173,0,0.0008,0.002
6691,ORPHA:502430,Weiss-Kruszka Syndrome,29,0,17,66,66,0,0.0008,0.002
6692,ORPHA:3384,Common arterial trunk,36,0,25,374,374,0,0.0008,0.006
6693,ORPHA:3369,Trigonocephaly-short stature-developmental delay syndrome,23,0,9,88,88,0,0.0008,0.004
6694,ORPHA:85329,X-linked intellectual disability-hypotonia-facial dysmorphism-aggressive behavior syndrome,19,0,12,49,49,0,0.0008,0.004
6695,ORPHA:53721,Spinal arteriovenous metameric syndrome,20,0,14,42,42,0,0.0008,0.002
6696,ORPHA:79499,Autosomal dominant deafness-onychodystrophy syndrome,20,0,14,44,44,0,0.0008,0.002
6697,ORPHA:2890,Pili torti-onychodysplasia syndrome,20,0,11,116,116,0,0.0008,0.002
6698,ORPHA:1532,Gómez-López-Hernández syndrome,22,0,14,60,60,0,0.0008,0.002
6699,ORPHA:93946,Hamel cerebro-palato-cardiac syndrome,13,0,7,27,27,0,0.0008,0.004
6700,ORPHA:96172,Ring chromosome 3 syndrome,21,0,14,52,52,0,0.0008,0.002
6701,ORPHA:495875,Cerebello-oculo-facio-genital syndrome,52,0,22,338,338,0,0.0008,0.003
6702,ORPHA:96167,Recombinant 8 syndrome,46,0,35,171,171,0,0.0008,0.004
6703,ORPHA:137675,Histiocytoid cardiomyopathy,44,0,33,152,152,0,0.0008,0.004
6704,ORPHA:2575,Cystic fibrosis-gastritis-megaloblastic anemia syndrome,18,0,10,17,17,0,0.0008,0.004
6705,ORPHA:1248,Maxillonasal dysplasia,20,0,10,98,98,0,0.0008,0.003
6706,ORPHA:2563,MOMO syndrome,43,0,21,216,216,0,0.0008,0.002
6707,ORPHA:477993,Palatal anomalies-widely spaced teeth-facial dysmorphism-developmental delay syndrome,42,0,23,184,184,0,0.0008,0.006
6708,ORPHA:2528,"Microcephaly-microcornea syndrome, Seemanova type",15,0,11,30,30,0,0.0008,0.002
6709,ORPHA:2516,Microcephaly-cardiac defect-lung malsegmentation syndrome,23,0,16,64,64,0,0.0008,0.002
6710,ORPHA:75389,Brain malformation-congenital heart disease-postaxial polydactyly syndrome,24,0,15,31,31,0,0.0008,0.002
6711,ORPHA:263297,Glycogen storage disease with severe cardiomyopathy due to glycogenin deficiency,22,0,9,85,85,0,0.0008,0.011
6712,ORPHA:217335,RIN2 syndrome,28,0,16,76,76,0,0.0008,0.002
6713,ORPHA:3047,"Blepharophimosis-intellectual disability syndrome, SBBYS type",43,0,28,162,162,0,0.0008,0.004
6714,ORPHA:98826,Myelodysplastic neoplasm with low blasts,14,0,10,55,55,0,0.0008,0.001
6715,ORPHA:276422,10q22.3q23.3 microduplication syndrome,21,0,13,38,38,0,0.0008,0.004
6716,ORPHA:90042,Primary familial and congenital erythrocytosis,15,0,14,21,21,0,0.0008,0.001
6717,ORPHA:1329,Complete atrioventricular septal defect,34,0,22,213,213,0,0.0008,0.004
6718,ORPHA:168624,"Familial scaphocephaly syndrome, McGillivray type",14,0,7,46,46,0,0.0008,0.002
6719,ORPHA:1807,Focal facial dermal dysplasia type III,23,0,11,105,105,0,0.0008,0.008
6720,ORPHA:261337,Distal 22q11.2 microduplication syndrome,57,0,29,428,428,0,0.0008,0.008
6721,ORPHA:1064,Aniridia-renal agenesis-psychomotor retardation syndrome,16,0,7,31,31,0,0.0008,0.002
6722,ORPHA:1051,Ramos-Arroyo syndrome,46,0,21,268,268,0,0.0008,0.009
6723,ORPHA:261304,Paternal 20q13.2q13.3 microdeletion syndrome,24,0,13,48,48,0,0.0008,0.003
6724,ORPHA:2332,KBG syndrome,40,0,22,238,238,0,0.0008,0.003
6725,ORPHA:466688,Severe intellectual disability-corpus callosum agenesis-facial dysmorphism-cerebellar ataxia syndrome,23,0,11,89,89,0,0.0008,0.004
6726,ORPHA:1970,Facial dysmorphism-macrocephaly-myopia-Dandy-Walker malformation syndrome,29,0,18,92,92,0,0.0008,0.002
6727,ORPHA:1928,Congenital lobar emphysema,13,0,11,11,11,0,0.0008,0.002
6728,ORPHA:1920,Toluene embryopathy,22,0,14,55,55,0,0.0008,0.002
6729,ORPHA:663,Mitochondrial DNA-related progressive external ophthalmoplegia,16,0,6,29,29,0,0.0008,0.002
6730,ORPHA:261295,20p12.3 microdeletion syndrome,23,0,13,68,68,0,0.0008,0.002
6731,ORPHA:1915,Fetal alcohol syndrome,32,0,22,111,111,0,0.0008,0.004
6732,ORPHA:1913,Fetal trimethadione syndrome,26,0,19,63,63,0,0.0008,0.004
6733,ORPHA:424107,Congenital myopathy with myasthenic-like onset,22,0,15,77,77,0,0.0008,0.004
6734,ORPHA:457050,Autosomal dominant mitochondrial myopathy with exercise intolerance,13,0,7,27,27,0,0.0008,0.002
6735,ORPHA:52022,Potocki-Shaffer syndrome,23,0,14,66,66,0,0.0008,0.004
6736,ORPHA:261250,16q24.3 microdeletion syndrome,47,0,24,224,224,0,0.0008,0.028
6737,ORPHA:2439,Patterson-Stevenson-Fontaine syndrome,12,0,7,31,31,0,0.0008,0.002
6738,ORPHA:314575,Intellectual disability-hypotonia-brachycephaly-pyloric stenosis-cryptorchidism syndrome,14,0,6,29,29,0,0.0008,0.002
6739,ORPHA:247768,Müllerian aplasia and hyperandrogenism,22,0,11,50,50,0,0.0008,0.002
6740,ORPHA:1642,Distal deletion 9p syndrome,27,0,16,72,72,0,0.0008,0.004
6741,ORPHA:560,Marshall syndrome,42,0,28,320,320,0,0.0008,0.003
6742,ORPHA:531,Miller-Dieker syndrome,18,0,11,28,28,0,0.0008,0.002
6743,ORPHA:2077,German syndrome,32,0,23,139,139,0,0.0008,0.004
6744,ORPHA:319514,Combined oxidative phosphorylation defect type 13,33,0,18,133,133,0,0.0008,0.002
6745,ORPHA:238769,1q44 microdeletion syndrome,33,0,19,149,149,0,0.0008,0.004
6746,ORPHA:363659,20q11.2 microduplication syndrome,53,0,24,414,414,0,0.0008,0.004
6747,ORPHA:3424,Velo-facial-skeletal syndrome,18,0,8,51,51,0,0.0008,0.002
6748,ORPHA:363618,LMNA-related cardiocutaneous progeria syndrome,27,0,18,100,100,0,0.0008,0.007
6749,ORPHA:2983,Difference of sex development-intellectual disability syndrome,23,0,11,47,47,0,0.0008,0.002
6750,ORPHA:397941,MAN1B1-CDG,53,0,22,407,407,0,0.0008,0.004
6751,ORPHA:1752,Trisomy 8q syndrome,30,0,17,107,107,0,0.0008,0.004
6752,ORPHA:1747,Mosaic trisomy 7 syndrome,18,0,12,24,24,0,0.0008,0.003
6753,ORPHA:1745,Distal duplication 6p syndrome,33,0,21,75,75,0,0.0008,0.002
6754,ORPHA:252164,Benign schwannoma,24,0,18,64,64,0,0.0008,0.002
6755,ORPHA:459061,Craniofacial dysplasia-short stature-ectodermal anomalies-intellectual disability syndrome,40,0,25,220,220,0,0.0008,0.003
6756,ORPHA:2250,Hyposmia-nasal and ocular hypoplasia-hypogonadotropic hypogonadism syndrome,32,0,19,148,148,0,0.0008,0.002
6757,ORPHA:99736,Acetazolamide-responsive myotonia,12,0,12,13,13,0,0.0008,0.002
6758,ORPHA:329874,Idiopathic giant cell myocarditis,17,0,6,81,81,0,0.0008,0.009
6759,ORPHA:1784,Acrofrontofacionasal dysostosis,29,0,19,97,97,0,0.0008,0.003
6760,ORPHA:1787,"Acrofacial dysostosis, Palagonia type",29,0,15,161,161,0,0.0008,0.002
6761,OMIM:619426,White-Kernohan syndrome,45,0,14,268,268,0,0.0007,0.01
6762,OMIM:619354,"Deafness, cataract, impaired intellectual development, and polyneuropathy",14,0,4,20,20,0,0.0007,0.002
6763,OMIM:613309,Diamond-Blackfan anemia 10,26,0,18,51,51,0,0.0007,0.002
6764,OMIM:225060,Cleft lip/palate-ectodermal dysplasia syndrome,26,0,16,133,133,0,0.0007,0.002
6765,OMIM:619989,Neurodevelopmental disorder with speech delay and variable ocular anomalies,22,0,12,73,73,0,0.0007,0.005
6766,OMIM:300801,Chromosome xp11.23-p11.22 duplication syndrome,32,0,14,143,143,0,0.0007,0.005
6767,OMIM:620098,Developmental delay with variable intellectual disability and dysmorphic facies,53,0,25,464,464,0,0.0007,0.008
6768,OMIM:154230,"46,xy sex reversal 4",26,0,9,78,78,0,0.0007,0.011
6769,OMIM:614473,"Arterial calcification, generalized, of infancy, 2",14,1,6,68,68,0,0.0007,0.002
6770,OMIM:273390,Tetra-Amelia with ectodermal dysplasia and lacrimal duct abnormalities,17,0,6,38,38,0,0.0007,0.004
6771,OMIM:619343,"Chromosome 1p36 deletion syndrome, proximal",35,0,22,167,167,0,0.0007,0.003
6772,OMIM:614883,Peroxisome biogenesis disorder 11A (Zellweger),20,0,12,37,37,0,0.0007,0.002
6773,OMIM:300143,"Intellectual developmental disorder, X-linked 21",18,0,6,33,33,0,0.0007,0.002
6774,OMIM:613509,Chromosome 4q21 deletion syndrome,15,0,7,28,28,0,0.0007,0.002
6775,OMIM:618879,"Neurodevelopmental disorder with hypotonia and cerebellar atrophy, with or without seizures",16,0,9,23,23,0,0.0007,0.002
6776,OMIM:210745,"Blepharophimosis with ptosis, syndactyly, and short stature",16,0,8,39,39,0,0.0007,0.002
6777,OMIM:617752,Clark-Baraitser syndrome,37,0,18,249,249,0,0.0007,0.005
6778,OMIM:604314,Blepharophimosis with facial and genital anomalies and impaired intellectual development,47,0,17,306,306,0,0.0007,0.002
6779,OMIM:618729,Liang-Wang syndrome,24,0,11,83,83,0,0.0007,0.002
6780,OMIM:614072,Hermansky-Pudlak syndrome 3,15,0,11,36,36,0,0.0007,0.002
6781,OMIM:613550,Nephronophthisis 11,15,0,8,22,22,0,0.0007,0.002
6782,OMIM:618175,Warburg-Cinotti syndrome,35,0,14,112,112,0,0.0007,0.005
6783,OMIM:209885,Barber-Say syndrome,47,0,25,304,304,0,0.0007,0.005
6784,OMIM:619493,"Congenital disorder of glycosylation, type 2V",34,0,15,140,140,0,0.0007,0.021
6785,OMIM:618823,"Myopathy, congenital proximal, with minicore lesions",15,0,8,29,29,0,0.0007,0.002
6786,OMIM:300519,Martin-Probst syndrome,28,0,14,67,67,0,0.0007,0.005
6787,OMIM:106260,Hay-Wells syndrome,40,0,25,213,213,0,0.0007,0.008
6788,OMIM:613224,Noonan syndrome 6,47,0,24,149,149,0,0.0007,0.004
6789,OMIM:305100,"Ectodermal dysplasia 1, hypohidrotic, X-linked",44,0,21,412,412,0,0.0007,0.003
6790,OMIM:164220,Schilbach-Rott syndrome,20,0,8,58,58,0,0.0007,0.002
6791,OMIM:613026,"Chromosome 19q13.11 deletion syndrome, distal",48,0,29,239,239,0,0.0007,0.004
6792,OMIM:615668,Chromosome 5q12 deletion syndrome,42,0,24,187,187,0,0.0007,0.005
6793,OMIM:616201,Chronic atrial and intestinal dysrhythmia,12,0,7,37,37,0,0.0007,0.002
6794,OMIM:613838,"Cardiomyopathy, familial hypertrophic, 16",12,0,8,46,46,0,0.0007,0.002
6795,OMIM:202650,Agnathia-Otocephaly complex,22,0,8,43,43,0,0.0007,0.002
6796,OMIM:612313,Glass syndrome,55,0,26,497,497,0,0.0007,0.005
6797,OMIM:620767,Seckel syndrome 11,35,0,17,164,164,0,0.0007,0.005
6798,OMIM:123790,Beare-Stevenson cutis gyrata syndrome,52,0,23,320,320,0,0.0007,0.004
6799,OMIM:618950,Suleiman-El-Hattab syndrome,50,0,23,299,299,0,0.0007,0.004
6800,OMIM:609273,Nemaline myopathy 6,12,0,8,37,37,0,0.0007,0.002
6801,OMIM:618342,"Intellectual developmental disorder with abnormal behavior, microcephaly, and short stature",47,0,25,370,370,0,0.0007,0.005
6802,OMIM:619504,Chopra-Amiel-Gordon syndrome,34,0,20,178,178,0,0.0007,0.008
6803,OMIM:210700,"Microcephalic primordial dwarfism, Montreal type",12,0,9,11,11,0,0.0007,0.002
6804,OMIM:608390,"Myotonia, potassium-aggravated",12,0,9,24,24,0,0.0007,0.001
6805,OMIM:618828,"Nabais Sa-de Vries syndrome, type 1",37,0,14,228,228,0,0.0007,0.005
6806,OMIM:613564,Chromosome 2p12-p11.2 deletion syndrome,33,0,17,132,132,0,0.0007,0.002
6807,OMIM:612242,Chromosome 10q22.3-q23.2 deletion syndrome,14,0,5,22,22,0,0.0007,0.002
6808,OMIM:612530,Chromosome 1q41-q42 deletion syndrome,47,0,26,302,302,0,0.0007,0.004
6809,OMIM:613604,"Chromosome 16p12.2-p11.2 deletion syndrome, 7.1- to 8.7-mb",38,0,16,185,185,0,0.0007,0.024
6810,OMIM:619103,"Neurodevelopmental disorder with dysmorphic facies, sleep disturbance, and brain abnormalities",38,1,15,197,197,0,0.0007,0.004
6811,OMIM:612863,Chromosome 6q25-q25 deletion syndrome,47,0,18,237,237,0,0.0007,0.004
6812,OMIM:616812,"Muscular dystrophy, limb-girdle, autosomal recessive 25",17,0,12,38,38,0,0.0007,0.002
6813,OMIM:610536,"Mandibulofacial dysostosis, Guion-Almeida type",34,0,19,178,178,0,0.0007,0.004
6814,OMIM:614744,"Facial paresis, hereditary congenital, 3",27,0,12,149,149,0,0.0007,0.028
6815,OMIM:615102,Tyshchenko syndrome,27,0,17,30,30,0,0.0007,0.004
6816,OMIM:604379,Hypotrichosis 7,13,0,11,69,69,0,0.0007,0.002
6817,OMIM:619304,"Pontocerebellar hypoplasia, type 1F",20,0,12,67,67,0,0.0007,0.002
6818,OMIM:193500,"Waardenburg syndrome, type 1",26,0,9,87,87,0,0.0007,0.002
6819,OMIM:301025,Paganini-Miozzo syndrome,24,0,8,50,50,0,0.0007,0.002
6820,OMIM:608751,"Cardiomyopathy, familial hypertrophic, 8",13,0,6,66,66,0,0.0007,0.002
6821,OMIM:266280,RAPADILINO syndrome,23,0,15,73,73,0,0.0007,0.002
6822,OMIM:620022,"Stickler syndrome, type VI",12,1,5,12,12,0,0.0007,0.002
6823,OMIM:613205,LMNA-related congenital muscular dystrophy,31,0,20,167,167,0,0.0007,0.01
6824,OMIM:617260,"Global developmental delay, absent or hypoplastic corpus callosum, and dysmorphic facies",41,0,21,179,179,0,0.0007,0.004
6825,OMIM:608156,Nablus mask-like facial syndrome,51,0,21,522,522,0,0.0007,0.002
6826,OMIM:618027,Coffin-Siris syndrome 7,52,0,24,274,274,0,0.0007,0.01
6827,OMIM:614609,Coffin-Siris syndrome 4,45,0,28,263,263,0,0.0007,0.004
6828,OMIM:614838,Hypogonadotropic hypogonadism 9 with or without anosmia,12,0,6,14,14,0,0.0007,0.002
6829,OMIM:135500,Zimmermann-Laband syndrome 1,53,0,28,322,322,0,0.0007,0.006
6830,OMIM:618622,"Neurodevelopmental disorder with microcephaly, arthrogryposis, and structural brain anomalies",43,1,15,276,276,0,0.0007,0.002
6831,OMIM:614583,Baraitser-Winter syndrome 2,27,0,16,106,106,0,0.0007,0.002
6832,OMIM:620183,"Microcephaly 30, primary, autosomal recessive",20,0,10,39,39,0,0.0007,0.002
6833,OMIM:616592,Kosaki overgrowth syndrome,24,0,11,47,47,0,0.0007,0.002
6834,OMIM:617883,"Fanconi anemia, complementation group S",30,0,21,111,111,0,0.0007,0.005
6835,OMIM:604169,Left ventricular noncompaction 1,15,0,7,92,92,0,0.0007,0.006
6836,OMIM:616708,Desanto-Shinawi syndrome,37,0,20,144,144,0,0.0007,0.002
6837,OMIM:618731,Neurodevelopmental disorder with brain anomalies and with or without vertebral or cardiac anomalies,28,0,16,103,103,0,0.0007,0.003
6838,OMIM:278150,Hypotrichosis 8,13,0,8,69,69,0,0.0007,0.001
6839,OMIM:190440,Trigonocephaly 1,19,0,5,79,79,0,0.0007,0.005
6840,OMIM:604292,"Ectrodactyly, ectodermal dysplasia, and cleft lip/palate syndrome 3",57,0,31,356,356,0,0.0007,0.003
6841,OMIM:618644,"Osteogenesis imperfecta, type XX",30,0,14,157,157,0,0.0007,0.002
6842,OMIM:615162,"Intellectual developmental disorder, autosomal recessive 35",24,0,10,106,106,0,0.0007,0.004
6843,OMIM:601088,Ayme-Gripp syndrome,41,0,19,266,266,0,0.0007,0.002
6844,OMIM:220500,Doors syndrome,52,0,31,274,274,0,0.0007,0.004
6845,OMIM:273400,"Tetramelic deficiencies, ectodermal dysplasia, deformed ears, andother abnormalities",16,0,13,12,12,0,0.0007,0.002
6846,OMIM:606242,Kondoh syndrome,16,0,9,34,34,0,0.0007,0.002
6847,OMIM:243310,Baraitser-Winter syndrome 1,44,0,26,216,216,0,0.0007,0.004
6848,OMIM:618874,"Chromosome 17q11.2 duplication syndrome, 1.4-Mb",28,0,19,108,108,0,0.0007,0.008
6849,OMIM:133100,"Erythrocytosis, familial, 1",13,0,6,17,17,0,0.0007,0.001
6850,OMIM:129400,Rapp-Hodgkin syndrome,44,0,20,320,320,0,0.0007,0.002
6851,OMIM:620910,Otofacial neurodevelopmental syndrome,30,0,16,116,116,0,0.0007,0.004
6852,OMIM:606519,PHACE association,24,0,15,104,104,0,0.0007,0.003
6853,OMIM:618737,"Pachygyria, microcephaly, developmental delay, and dysmorphic facies, with or without seizures",23,0,8,99,99,0,0.0007,0.002
6854,OMIM:620294,"Congenital heart defects, multiple types, 9",16,0,7,66,66,0,0.0007,0.002
6855,OMIM:616901,"Developmental delay with short stature, dysmorphic features, and sparse hair",25,0,15,90,90,0,0.0007,0.004
6856,OMIM:610828,Holoprosencephaly 7,50,0,16,550,550,0,0.0007,0.008
6857,OMIM:300614,"Deafness, X-linked 5",13,0,10,25,25,0,0.0007,0.002
6858,OMIM:618333,Menke-Hennekam syndrome 2,28,0,11,123,123,0,0.0007,0.005
6859,OMIM:300990,"Midface hypoplasia, hearing impairment, elliptocytosis, and nephrocalcinosis",43,0,24,167,167,0,0.0007,0.005
6860,OMIM:606482,"Charcot-Marie-Tooth disease, dominant intermediate B",12,0,8,37,37,0,0.0007,0.003
6861,OMIM:610829,Holoprosencephaly 9,56,0,26,537,537,0,0.0007,0.004
6862,OMIM:122430,Ramos-Arroyo syndrome,20,0,10,39,39,0,0.0007,0.002
6863,OMIM:616733,"Coenzyme Q10 deficiency, primary, 8",23,0,18,18,18,0,0.0007,0.001
6864,OMIM:141750,"Alpha-thalassemia/impaired intellectual development syndrome, deletion type",44,0,22,224,224,0,0.0007,0.005
6865,OMIM:618654,"Myopathy, congenital with structured cores and Z-line abnormalities",20,0,13,59,59,0,0.0007,0.002
6866,OMIM:611936,Chromosome 3q29 duplication syndrome,17,0,8,60,60,0,0.0007,0.008
6867,OMIM:611705,Congenital myopathy 5 with cardiomyopathy,23,0,13,88,88,0,0.0007,0.002
6868,ORPHA:79414,Woolly hair nevus,12,0,5,16,16,0,0.0007,0.002
6869,ORPHA:2701,Noonan syndrome-like disorder with loose anagen hair,29,0,20,88,88,0,0.0007,0.006
6870,ORPHA:2707,"Oculocerebrofacial syndrome, Kaufman type",44,0,24,303,303,0,0.0007,0.004
6871,ORPHA:347,Frasier syndrome,16,0,7,81,81,0,0.0007,0.005
6872,ORPHA:228399,8q12 microduplication syndrome,20,0,9,43,43,0,0.0007,0.002
6873,ORPHA:178464,Hereditary myopathy with early respiratory failure,24,0,8,147,147,0,0.0007,0.009
6874,ORPHA:583097,Congenital infiltrating lipomatosis of the face,20,1,9,76,76,0,0.0007,0.002
6875,ORPHA:555877,FLNA-related X-linked myxomatous valvular dysplasia,24,0,14,48,48,0,0.0007,0.002
6876,ORPHA:82,Hereditary thrombophilia due to congenital antithrombin deficiency,12,0,3,48,48,0,0.0007,0.001
6877,ORPHA:49,Penile agenesis,28,0,12,120,120,0,0.0007,0.004
6878,ORPHA:1457,Coarctation of aorta,16,0,12,120,120,0,0.0007,0.002
6879,ORPHA:488437,SIX2-related frontonasal dysplasia,19,0,7,82,82,0,0.0007,0.001
6880,ORPHA:1529,Craniofacial-deafness-hand syndrome,17,0,7,65,65,0,0.0007,0.002
6881,ORPHA:1519,SPECC1L-related hypertelorism syndrome,39,0,20,187,187,0,0.0007,0.003
6882,ORPHA:1516,Non-syndromic bilambdoid and sagittal craniosynostosis,29,0,17,134,134,0,0.0007,0.002
6883,ORPHA:280200,Microform holoprosencephaly,34,0,22,87,87,0,0.0007,0.003
6884,ORPHA:2835,Pectus excavatum-macrocephaly-dysplastic nails syndrome,15,0,10,44,44,0,0.0007,0.002
6885,ORPHA:2057,Blepharophimosis-ptosis-esotropia-syndactyly-short stature syndrome,13,0,6,27,27,0,0.0007,0.002
6886,ORPHA:36367,Distal deletion 1q syndrome,15,0,9,38,38,0,0.0007,0.004
6887,ORPHA:3366,Non-syndromic metopic craniosynostosis,12,0,2,25,25,0,0.0007,0.002
6888,ORPHA:2022,Endocardial fibroelastosis,16,0,11,15,15,0,0.0007,0.002
6889,ORPHA:2003,Cleft lip/palate-deafness-sacral lipoma syndrome,12,0,8,22,22,0,0.0007,0.002
6890,ORPHA:3305,Tetraploidy syndrome,17,0,11,26,26,0,0.0007,0.002
6891,ORPHA:3307,Tetrasomy 18p syndrome,18,0,11,52,52,0,0.0007,0.002
6892,ORPHA:1555,Cutis gyrata-acanthosis nigricans-craniosynostosis syndrome,44,1,26,203,203,0,0.0007,0.003
6893,ORPHA:2863,Short stature-wormian bones-dextrocardia syndrome,25,0,18,72,72,0,0.0007,0.003
6894,ORPHA:93945,"X-linked intellectual disability, Porteous type",14,0,6,18,18,0,0.0007,0.004
6895,ORPHA:93947,"X-linked intellectual disability, Golabi-Ito-Hall type",19,0,11,38,38,0,0.0007,0.002
6896,ORPHA:123,Björnstad syndrome,12,0,9,18,18,0,0.0007,0.002
6897,ORPHA:990,Agnathia-holoprosencephaly-situs inversus syndrome,19,0,9,25,25,0,0.0007,0.002
6898,ORPHA:399103,Autosomal recessive distal nebulin myopathy,16,0,3,67,67,0,0.0007,0.009
6899,ORPHA:137634,Overgrowth-macrocephaly-facial dysmorphism syndrome,26,0,15,60,60,0,0.0007,0.002
6900,ORPHA:1299,Branchioskeletogenital syndrome,55,0,18,634,634,0,0.0007,0.003
6901,ORPHA:85451,ATTRV122I amyloidosis,25,0,17,123,123,0,0.0007,0.006
6902,ORPHA:137667,Capillary malformation-arteriovenous malformation,29,0,22,120,120,0,0.0007,0.006
6903,ORPHA:401935,14q24.1q24.3 microdeletion syndrome,24,0,11,57,57,0,0.0007,0.002
6904,ORPHA:139474,17q11.2 microduplication syndrome,16,0,12,55,55,0,0.0007,0.005
6905,ORPHA:293725,"Blepharophimosis-intellectual disability syndrome, Verloes type",32,0,6,140,140,0,0.0007,0.003
6906,ORPHA:324581,Benign Samaritan congenital myopathy,19,0,9,37,37,0,0.0007,0.002
6907,ORPHA:3092,Fixed subaortic stenosis,28,0,16,260,260,0,0.0007,0.003
6908,ORPHA:860,Congenitally uncorrected transposition of the great arteries,31,0,24,281,281,0,0.0007,0.003
6909,ORPHA:894,Waardenburg syndrome type 1,32,0,18,127,127,0,0.0007,0.003
6910,ORPHA:3038,Delayed speech-facial asymmetry-strabismus-ear lobe creases syndrome,14,0,7,23,23,0,0.0007,0.005
6911,ORPHA:1394,Cerebrofaciothoracic dysplasia,35,0,18,175,175,0,0.0007,0.002
6912,ORPHA:1355,Congenital heart defect-round face-developmental delay syndrome,12,0,7,18,18,0,0.0007,0.002
6913,ORPHA:50812,Zellweger-like syndrome without peroxisomal anomalies,22,0,13,62,62,0,0.0007,0.004
6914,ORPHA:91359,Chronic pneumonitis of infancy,13,0,10,36,36,0,0.0007,0.001
6915,ORPHA:620102,Non-syndromic unicoronal craniosynostosis,14,0,9,42,42,0,0.0007,0.002
6916,ORPHA:1832,Osteosclerotic bone dysplasia,20,0,9,82,82,0,0.0007,0.006
6917,ORPHA:782,Axenfeld-Rieger syndrome,21,0,11,46,46,0,0.0007,0.002
6918,ORPHA:743,Severe hereditary thrombophilia due to congenital protein S deficiency,14,0,11,33,33,0,0.0007,0.002
6919,ORPHA:284160,8q21.11 microdeletion syndrome,39,0,23,204,204,0,0.0007,0.002
6920,ORPHA:1974,Autosomal recessive faciodigitogenital syndrome,34,0,12,215,215,0,0.0007,0.002
6921,ORPHA:52055,Corpus callosum agenesis-intellectual disability-coloboma-micrognathia syndrome,24,0,16,58,58,0,0.0007,0.002
6922,ORPHA:1968,Flat face-microstomia-ear anomaly syndrome,32,0,13,218,218,0,0.0007,0.003
6923,ORPHA:261290,Trisomy 17p syndrome,50,0,31,307,307,0,0.0007,0.004
6924,ORPHA:1912,Fetal hydantoin syndrome,30,0,19,69,69,0,0.0007,0.002
6925,ORPHA:398173,Focal facial dermal dysplasia type II,13,0,3,28,28,0,0.0007,0.001
6926,ORPHA:216694,Congenitally corrected transposition of the great arteries,49,0,27,990,990,0,0.0007,0.003
6927,ORPHA:77300,Auricular abnormalities-cleft lip with or without cleft palate-ocular abnormalities syndrome,22,0,15,78,78,0,0.0007,0.003
6928,ORPHA:1110,Aortic arch anomaly-facial dysmorphism-intellectual disability syndrome,23,0,12,85,85,0,0.0007,0.002
6929,ORPHA:574,21q deletion syndrome,26,0,16,60,60,0,0.0007,0.004
6930,ORPHA:3473,Zimmermann-Laband syndrome,43,0,23,214,214,0,0.0007,0.002
6931,ORPHA:3427,Double outlet left ventricle,17,0,12,56,56,0,0.0007,0.002
6932,ORPHA:34217,Naxos disease,14,0,9,32,32,0,0.0007,0.001
6933,ORPHA:79133,Focal facial dermal dysplasia type I,17,0,6,94,94,0,0.0007,0.007
6934,ORPHA:1695,Non-distal duplication 10q syndrome,24,0,15,84,84,0,0.0007,0.002
6935,ORPHA:79113,Mandibulofacial dysostosis-microcephaly syndrome,30,0,18,132,132,0,0.0007,0.005
6936,ORPHA:1699,Trisomy 12p syndrome,31,0,16,109,109,0,0.0007,0.004
6937,ORPHA:2985,Pseudoprogeria syndrome,20,0,12,58,58,0,0.0007,0.002
6938,ORPHA:1702,Non-distal duplication 13q syndrome,27,0,17,94,94,0,0.0007,0.002
6939,ORPHA:439,Isolated right ventricular hypoplasia,19,0,11,80,80,0,0.0007,0.002
6940,ORPHA:2299,Aortic arch interruption,32,0,23,279,279,0,0.0007,0.003
6941,ORPHA:1790,Hypomandibular faciocranial dysostosis,26,0,13,99,99,0,0.0007,0.009
6942,ORPHA:1779,Dysmorphism-cleft palate-loose skin syndrome,12,0,8,24,24,0,0.0007,0.002
6943,OMIM:615750,Moyamoya disease 6 with achalasia,12,0,6,25,25,0,0.0006,0.002
6944,OMIM:618499,Noonan syndrome 11,24,0,11,41,41,0,0.0006,0.002
6945,OMIM:620107,Orofaciodigital syndrome XIX,40,0,17,384,384,0,0.0006,0.005
6946,OMIM:620067,Cardiac valvular dysplasia 2,16,0,8,91,91,0,0.0006,0.002
6947,OMIM:620475,"Thrombocytopenia 8, with dysmorphic features and developmental delay",35,0,14,161,161,0,0.0006,0.002
6948,OMIM:605637,"Myopathy, proximal, and ophthalmoplegia",18,0,12,69,69,0,0.0006,0.002
6949,OMIM:616313,"Myasthenic syndrome, congenital, 2A, slow-channel",25,0,11,124,124,0,0.0006,0.002
6950,OMIM:613451,Frontonasal dysplasia 2,49,0,23,439,439,0,0.0006,0.004
6951,OMIM:613680,Beaulieu-Boycott-Innes syndrome,22,1,11,70,70,0,0.0006,0.004
6952,OMIM:621236,"Rhabdomyolysis, susceptibility to, 2",15,0,9,51,51,0,0.0006,0.005
6953,OMIM:605627,Cerebrooculonasal syndrome,45,0,25,382,382,0,0.0006,0.004
6954,OMIM:300581,FG syndrome 5,14,0,6,38,38,0,0.0006,0.002
6955,OMIM:271150,"Spinal muscular atrophy, type IV",17,0,6,78,78,0,0.0006,0.003
6956,OMIM:608670,"Robin sequence, distinctive facial appearance, and brachydactyly",52,0,22,423,423,0,0.0006,0.005
6957,OMIM:618388,Fetal akinesia deformation sequence 2,17,0,9,25,25,0,0.0006,0.002
6958,OMIM:614941,"Ectodermal dysplasia 11B, hypohidrotic/hair/tooth type, autosomal recessive",20,0,8,107,107,0,0.0006,0.002
6959,OMIM:616165,Nemaline myopathy 10,18,0,12,72,72,0,0.0006,0.001
6960,OMIM:616788,Orofacial cleft 15,22,0,9,110,110,0,0.0006,0.001
6961,OMIM:613157,"Muscular dystrophy-dystroglycanopathy (limb-girdle), type C, 3",13,0,7,36,36,0,0.0006,0.002
6962,OMIM:157980,MOMO syndrome,33,0,17,163,163,0,0.0006,0.002
6963,OMIM:617047,"Cardiomyopathy, familial hypertrophic, 26",13,0,6,78,78,0,0.0006,0.002
6964,OMIM:621325,Ververi-Brady syndrome 2,28,0,13,106,106,0,0.0006,0.004
6965,OMIM:612937,"Muscular dystrophy-dystroglycanopathy (limb-girdle), type C, 15",13,0,6,25,25,0,0.0006,0.002
6966,OMIM:224900,"Ectodermal dysplasia 10B, hypohidrotic/hair/tooth type, autosomal recessive",18,0,8,106,106,0,0.0006,0.002
6967,OMIM:617126,Alazami-Yuan syndrome,25,0,12,130,130,0,0.0006,0.004
6968,OMIM:613426,"Cardiomyopathy, dilated, 1S",18,0,7,136,136,0,0.0006,0.005
6969,OMIM:616006,Hennekam lymphangiectasia-lymphedema syndrome 2,20,0,11,29,29,0,0.0006,0.002
6970,OMIM:608758,"Cardiomyopathy, familial hypertrophic, 10",15,0,9,67,67,0,0.0006,0.002
6971,OMIM:146255,"Hypoparathyroidism, sensorineural deafness, and renal dysplasia",22,0,14,109,109,0,0.0006,0.005
6972,OMIM:229400,Frontofacionasal dysplasia,25,0,9,173,173,0,0.0006,0.002
6973,OMIM:605321,Frontoocular syndrome,28,0,15,87,87,0,0.0006,0.004
6974,OMIM:621446,Oculopharyngodistal myopathy 5,14,0,9,38,38,0,0.0006,0.002
6975,OMIM:619736,Teebi hypertelorism syndrome 2,24,0,13,90,90,0,0.0006,0.004
6976,OMIM:617069,"Progressive external ophthalmoplegia with mitochondrial DNA deletions, autosomal recessive 3",14,0,10,33,33,0,0.0006,0.002
6977,OMIM:610706,"Deafness, congenital, with inner ear agenesis, microtia, and microdontia",15,0,6,42,42,0,0.0006,0.002
6978,OMIM:602483,Auriculocondylar syndrome 1,28,0,11,132,132,0,0.0006,0.002
6979,OMIM:108900,"Atrial septal defect 7, with or without AV conduction defects",13,0,7,78,78,0,0.0006,0.003
6980,OMIM:617072,"Muscular dystrophy, limb-girdle, type 2Y",16,0,10,78,78,0,0.0006,0.002
6981,OMIM:277000,Mayer-Rokitansky-Kuster-Hauser syndrome,15,0,4,79,79,0,0.0006,0.002
6982,OMIM:616816,"Hypotonia, infantile, with psychomotor retardation",17,0,11,23,23,0,0.0006,0.002
6983,OMIM:211380,Elsahy-Waters syndrome,60,0,23,550,550,0,0.0006,0.004
6984,OMIM:608624,"Midface hypoplasia, obesity, developmental delay, and neonatal hypotonia",27,0,11,95,95,0,0.0006,0.002
6985,OMIM:208000,"Arterial calcification, generalized, of infancy, 1",18,1,8,71,71,0,0.0006,0.002
6986,OMIM:615071,Alazami syndrome,22,0,8,76,76,0,0.0006,0.004
6987,OMIM:142945,Holoprosencephaly 3,21,0,9,79,79,0,0.0006,0.004
6988,OMIM:145420,Teebi hypertelorism syndrome 1,37,0,11,182,182,0,0.0006,0.002
6989,OMIM:620286,"Myopathy, sarcoplasmic body",12,0,6,45,45,0,0.0006,0.009
6990,OMIM:609166,Branchiogenic-deafness syndrome,14,0,7,23,23,0,0.0006,0.002
6991,OMIM:619981,Braddock-Carey syndrome 2,13,0,8,25,25,0,0.0006,0.002
6992,OMIM:616898,Chromosome 15q14 deletion syndrome,17,0,7,41,41,0,0.0006,0.004
6993,OMIM:620244,Lymphatic malformation 13,23,0,11,54,54,0,0.0006,0.006
6994,OMIM:616455,Zimmermann-Laband syndrome 2,23,0,14,103,103,0,0.0006,0.004
6995,OMIM:619941,Carey-Fineman-Ziter syndrome 2,25,1,7,113,113,0,0.0006,0.003
6996,OMIM:618479,"Cerebellar, ocular, craniofacial, and genital syndrome",30,0,13,118,118,0,0.0006,0.002
6997,OMIM:613717,Treacher collins syndrome 2,17,0,10,67,67,0,0.0006,0.002
6998,OMIM:601927,"Lymphedema, cardiac septal defects, and characteristic facies",22,0,10,53,53,0,0.0006,0.006
6999,OMIM:263400,"Erythrocytosis, familial, 2",15,0,9,27,27,0,0.0006,0.001
7000,OMIM:614669,Auriculocondylar syndrome 2,28,0,14,109,109,0,0.0006,0.002
7001,OMIM:617412,"Brachycephaly, trichomegaly, and developmental delay",28,0,16,149,149,0,0.0006,0.005
7002,ORPHA:231137,Silver-Russell syndrome due to 7p11.2p13 microduplication,29,0,11,103,103,0,0.0006,0.003
7003,ORPHA:228396,Ptosis-upper ocular movement limitation-absence of lacrimal punctum syndrome,18,0,7,71,71,0,0.0006,0.002
7004,ORPHA:228390,Frontonasal dysplasia-alopecia-genital anomalies syndrome,30,0,13,111,111,0,0.0006,0.002
7005,ORPHA:141145,Hemifacial hyperplasia,15,0,8,38,38,0,0.0006,0.002
7006,ORPHA:137935,Airway infantile hemangioma,13,0,12,17,17,0,0.0006,0.001
7007,ORPHA:85287,"X-linked intellectual disability, Siderius type",12,0,4,18,18,0,0.0006,0.002
7008,ORPHA:85273,"X-linked intellectual disability, Abidi type",12,0,8,15,15,0,0.0006,0.001
7009,ORPHA:83473,Megalencephaly-polymicrogyria-postaxial polydactyly-hydrocephalus syndrome,16,0,10,25,25,0,0.0006,0.002
7010,ORPHA:137888,Auriculocondylar syndrome,33,0,18,192,192,0,0.0006,0.004
7011,ORPHA:1478,Interatrial communication,19,0,9,123,123,0,0.0006,0.004
7012,ORPHA:2795,Fowler urethral sphincter dysfunction syndrome,12,0,8,37,37,0,0.0006,0.002
7013,ORPHA:3374,Unilateral ocular duplication,18,0,12,62,62,0,0.0006,0.002
7014,ORPHA:85326,"X-linked intellectual disability, Stoll type",12,0,3,30,30,0,0.0006,0.002
7015,ORPHA:3303,Tetralogy of Fallot,12,0,9,18,18,0,0.0006,0.002
7016,ORPHA:99094,Laubry-Pezzi syndrome,22,0,12,173,173,0,0.0006,0.003
7017,ORPHA:170,Woolly hair,12,0,9,34,34,0,0.0006,0.002
7018,ORPHA:364577,Intellectual disability-brachydactyly-Pierre Robin syndrome,43,0,18,318,318,0,0.0006,0.004
7019,ORPHA:1297,Branchio-oculo-facial syndrome,37,0,20,160,160,0,0.0006,0.003
7020,ORPHA:85447,ATTRV30M amyloidosis,14,1,9,13,13,0,0.0006,0.002
7021,ORPHA:1252,Blepharonasofacial malformation syndrome,28,0,18,106,106,0,0.0006,0.002
7022,ORPHA:2578,Mayer-Rokitansky-Küster-Hauser syndrome type 2,12,0,9,19,19,0,0.0006,0.002
7023,ORPHA:1231,Barber-Say syndrome,23,0,12,73,73,0,0.0006,0.002
7024,ORPHA:2549,Oculoauriculovertebral spectrum with radial defects,30,0,23,61,61,0,0.0006,0.002
7025,ORPHA:181,X-linked hypohidrotic ectodermal dysplasia,14,0,8,29,29,0,0.0006,0.003
7026,ORPHA:139466,SERKAL syndrome,15,0,10,13,13,0,0.0006,0.001
7027,ORPHA:884,Pallister-Killian syndrome,29,0,13,137,137,0,0.0006,0.002
7028,ORPHA:90024,"Deafness with labyrinthine aplasia, microtia, and microdontia",23,0,13,88,88,0,0.0006,0.002
7029,ORPHA:91387,Familial thoracic aortic aneurysm and aortic dissection,41,0,22,305,305,0,0.0006,0.005
7030,ORPHA:1851,Multicystic dysplastic kidney,15,0,7,38,38,0,0.0006,0.004
7031,ORPHA:363444,THOC6-related developmental delay-microcephaly-facial dysmorphism syndrome,44,1,22,213,213,0,0.0006,0.005
7032,ORPHA:2326,Kallmann syndrome-heart disease syndrome,29,0,14,70,70,0,0.0006,0.002
7033,ORPHA:2316,Johnson neuroectodermal syndrome,27,0,18,95,95,0,0.0006,0.002
7034,ORPHA:398156,Oculoauriculofrontonasal syndrome,22,0,13,117,117,0,0.0006,0.008
7035,ORPHA:1150,Arthrogryposis multiplex congenita-whistling face syndrome,24,0,14,70,70,0,0.0006,0.002
7036,ORPHA:2471,McDonough syndrome,27,0,16,77,77,0,0.0006,0.002
7037,ORPHA:1104,Anophthalmia plus syndrome,15,0,12,26,26,0,0.0006,0.002
7038,ORPHA:2429,Macrocephaly-spastic paraplegia-dysmorphism syndrome,24,0,11,113,113,0,0.0006,0.002
7039,ORPHA:420561,Temple-Baraitser syndrome,48,0,23,387,387,0,0.0006,0.003
7040,ORPHA:2919,Orofaciodigital syndrome type 5,27,0,16,151,151,0,0.0006,0.002
7041,ORPHA:217017,Zechi-Ceide syndrome,34,0,19,158,158,0,0.0006,0.004
7042,ORPHA:573,Monilethrix,14,0,11,41,41,0,0.0006,0.001
7043,ORPHA:2133,Hemoglobin E disease,12,0,5,36,36,0,0.0006,0.001
7044,ORPHA:3426,Double outlet right ventricle,28,0,20,71,71,0,0.0006,0.004
7045,ORPHA:411709,Renal agenesis,16,0,8,37,37,0,0.0006,0.005
7046,ORPHA:1715,Trisomy 18p syndrome,28,0,12,123,123,0,0.0006,0.003
7047,ORPHA:228410,Cardiac anomalies-short stature-joint hypermobility-facial dysmorphism syndrome,23,0,15,49,49,0,0.0006,0.002
7048,ORPHA:1794,Oculomaxillofacial dysostosis,21,0,17,89,89,0,0.0006,0.002
7049,ORPHA:1791,Frontofacionasal dysplasia,31,0,14,224,224,0,0.0006,0.002
7050,OMIM:615989,Bardet-Biedl syndrome 12,13,0,9,18,18,0,0.0005,0.002
7051,OMIM:617168,"Aortic aneurysm, familial thoracic 10",20,0,12,59,59,0,0.0005,0.002
7052,OMIM:227260,"Focal facial dermal dysplasia 3, Setleis type",13,0,2,52,52,0,0.0005,0.001
7053,OMIM:137550,"Melanocytic nevus syndrome, congenital",18,0,2,94,94,0,0.0005,0.002
7054,OMIM:613456,Frontonasal dysplasia 3,14,0,6,38,38,0,0.0005,0.002
7055,OMIM:123320,"Creatine phosphokinase, elevated serum",12,0,10,37,37,0,0.0005,0.001
7056,OMIM:617681,Blepharocheilodontic syndrome 2,13,0,7,46,46,0,0.0005,0.003
7057,OMIM:616367,Mandibulofacial dysostosis with alopecia,24,0,11,123,123,0,0.0005,0.002
7058,OMIM:617641,"Congenital anomalies of kidney and urinary tract syndrome with or without hearing loss, abnormal ears, or developmental delay",42,0,25,159,159,0,0.0005,0.002
7059,OMIM:119580,Blepharocheilodontic syndrome 1,21,0,13,81,81,0,0.0005,0.002
7060,OMIM:608572,Burn-Mckeown syndrome,30,0,14,166,166,0,0.0005,0.004
7061,OMIM:212093,"Cardiac valvular defect, developmental",27,0,11,194,194,0,0.0005,0.005
7062,OMIM:608980,Bifid nose with or without anorectal and renal anomalies,17,0,4,28,28,0,0.0005,0.001
7063,OMIM:609452,"Myopathy, myofibrillar, 4",12,0,5,29,29,0,0.0005,0.001
7064,OMIM:615866,Intellectual developmental disorder with microcephaly and with or without ocular malformations or hypogonadotropic hypogonadism,39,0,18,240,240,0,0.0005,0.003
7065,OMIM:615278,Cardiofaciocutaneous syndrome 2,15,0,8,19,19,0,0.0005,0.001
7066,OMIM:301950,"Branchial arch syndrome, X-linked",12,0,7,14,14,0,0.0005,0.001
7067,OMIM:616001,"Breasts and/or nipples, aplasia or hypoplasia of, 2",12,0,2,15,15,0,0.0005,0.001
7068,OMIM:618414,"Myopathy, congenital, with fast-twitch (type II) fiber atrophy",27,0,14,116,116,0,0.0005,0.002
7069,OMIM:606164,Diamond-Blackfan anemia 15 with mandibulofacial dysostosis,21,0,14,48,48,0,0.0005,0.002
7070,OMIM:194080,Denys-Drash syndrome,22,0,8,124,124,0,0.0005,0.002
7071,OMIM:132900,"Aortic aneurysm, familial thoracic 4",18,0,10,136,136,0,0.0005,0.001
7072,OMIM:154500,Treacher Collins syndrome 1,32,0,19,184,184,0,0.0005,0.002
7073,OMIM:610655,"Telangiectasia, hereditary hemorrhagic, type 4",22,1,6,172,172,0,0.0005,0.001
7074,OMIM:182150,Simosa craniofacial syndrome,24,0,6,132,132,0,0.0005,0.002
7075,OMIM:601349,"Microphthalmia, syndromic 8",14,0,9,32,32,0,0.0005,0.002
7076,OMIM:612916,Zechi-Ceide syndrome,22,0,12,104,104,0,0.0005,0.002
7077,OMIM:266900,Senior-Loken syndrome 1,12,0,4,22,22,0,0.0005,0.001
7078,OMIM:314400,"Cardiac valvular dysplasia, X-linked",16,0,10,31,31,0,0.0005,0.001
7079,OMIM:178600,"Pulmonary hypertension, primary, 1",14,0,6,66,66,0,0.0005,0.001
7080,OMIM:162100,"Amyotrophy, hereditary neuralgic",20,0,11,42,42,0,0.0005,0.001
7081,OMIM:601076,"Mullerian duct aplasia, unilateral renal agenesis, and cervicothoracicsomite anomalies",16,0,12,27,27,0,0.0005,0.002
7082,OMIM:202370,Peroxisome biogenesis disorder 2B,17,0,10,47,47,0,0.0005,0.002
7083,OMIM:160565,"Myopathy, tubular aggregate, 1",22,0,14,99,99,0,0.0005,0.002
7084,OMIM:615979,"Intellectual developmental disorder, autosomal recessive 45",19,0,5,121,121,0,0.0005,0.001
7085,OMIM:618939,Treacher-Collins syndrome 4,13,0,9,37,37,0,0.0005,0.001
7086,OMIM:620903,Polycystic kidney disease 8,12,0,4,22,22,0,0.0005,0.001
7087,ORPHA:1401,CHAND syndrome,18,0,8,39,39,0,0.0005,0.002
7088,ORPHA:34516,DNAJB6-related limb-girdle muscular dystrophy D1,12,0,5,39,39,0,0.0005,0.002
7089,ORPHA:3216,Conductive deafness-malformed external ear syndrome,13,0,11,29,29,0,0.0005,0.002
7090,ORPHA:1461,Criss-cross heart,13,0,11,28,28,0,0.0005,0.003
7091,ORPHA:1450,Ring chromosome 8 syndrome,14,0,5,30,30,0,0.0005,0.002
7092,ORPHA:1437,Ring chromosome 1 syndrome,13,0,6,30,30,0,0.0005,0.002
7093,ORPHA:229,Familial aortic dissection,19,0,10,121,121,0,0.0005,0.004
7094,ORPHA:2025,Gingival fibromatosis-facial dysmorphism syndrome,14,0,4,78,78,0,0.0005,0.006
7095,ORPHA:52429,Branchiootic syndrome,16,0,13,57,57,0,0.0005,0.002
7096,ORPHA:85321,"Deafness-intellectual disability syndrome, Martin-Probst type",32,0,20,91,91,0,0.0005,0.002
7097,ORPHA:107,BOR syndrome,38,0,22,230,230,0,0.0005,0.014
7098,ORPHA:1253,Ascher syndrome,12,0,9,19,19,0,0.0005,0.002
7099,ORPHA:2533,Microcephaly-deafness-intellectual disability syndrome,15,0,9,37,37,0,0.0005,0.001
7100,ORPHA:90039,Hemoglobin D disease,14,0,6,56,56,0,0.0005,0.004
7101,ORPHA:50815,Branchiogenic deafness syndrome,21,0,15,50,50,0,0.0005,0.002
7102,ORPHA:1993,Pai syndrome,16,0,9,50,50,0,0.0005,0.002
7103,ORPHA:1973,Faciocardiorenal syndrome,14,0,4,22,22,0,0.0005,0.002
7104,ORPHA:66625,Cerebrooculonasal syndrome,27,0,18,144,144,0,0.0005,0.002
7105,ORPHA:1134,Isolated arrhinia,12,0,7,29,29,0,0.0005,0.002
7106,ORPHA:1131,X-linked mandibulofacial dysostosis,24,0,18,79,79,0,0.0005,0.001
7107,ORPHA:402075,Familial bicuspid aortic valve,12,0,8,66,66,0,0.0005,0.002
7108,ORPHA:391665,Homozygous familial hypercholesterolemia,33,1,16,204,204,0,0.0005,0.002
7109,ORPHA:2090,GMS syndrome,13,0,7,11,11,0,0.0005,0.001
7110,ORPHA:261120,14q11.2 microdeletion syndrome,25,1,9,113,113,0,0.0005,0.003
7111,OMIM:611867,"Chromosome 22q11.2 deletion syndrome, distal",14,0,7,24,24,0,0.0004,0.002
7112,OMIM:141400,Hemifacial microsomia with radial defects,13,0,10,34,34,0,0.0004,0.002
7113,OMIM:113650,Branchiootorenal syndrome 1,38,0,16,172,172,0,0.0004,0.002
7114,OMIM:166780,Otofaciocervical syndrome,13,0,2,22,22,0,0.0004,0.001
7115,OMIM:300238,"Intellectual developmental disorder, X-linked syndromic, Shashi type",12,0,6,22,22,0,0.0004,0.001
7116,OMIM:300946,Diamond-Blackfan anemia 14 with mandibulofacial dysostosis,13,0,7,19,19,0,0.0004,0.001
7117,ORPHA:141184,Rapidly involuting congenital hemangioma,13,0,7,41,41,0,0.0004,0.002
7118,ORPHA:3241,Deafness-craniofacial syndrome,14,0,5,45,45,0,0.0004,0.001
7119,ORPHA:611,Inclusion body myositis,14,0,9,29,29,0,0.0004,0.001
7120,ORPHA:1193,Atkin-Flaitz syndrome,16,0,10,46,46,0,0.0004,0.002
7121,ORPHA:141291,Cleft lip and alveolus,12,0,9,30,30,0,0.0004,0.002
